0
1
21
0
0
0
1
22
0
1
0
1
16
0
2
0
1
3
0
3
0
1
17
1
0
0
1
13
1
1
0
1
14
1
2
0
1
2
1
3
1
2
21
0
0
1
2
16
0
1
1
2
16
0
2
1
2
21
0
3
1
2
13
1
0
1
2
13
1
1
1
2
2
1
2
1
2
2
1
3
2
3
21
0
0
2
3
21
0
1
2
3
16
0
2
2
3
16
0
3
2
3
12
1
0
2
3
12
1
1
2
3
1
1
2
2
3
1
1
3
3
4
21
0
0
3
4
16
0
1
3
4
21
0
2
3
4
1
0
3
3
4
12
1
0
3
4
16
1
1
3
4
12
1
2
3
4
1
1
3
4
5
21
0
0
4
5
16
0
1
4
5
16
0
2
4
5
21
0
3
4
5
12
1
0
4
5
12
1
1
4
5
1
1
2
4
5
1
1
3
5
6
21
0
0
5
6
16
0
1
5
6
21
0
2
5
6
1
0
3
5
6
16
1
0
5
6
12
1
1
5
6
12
1
2
5
6
1
1
3
6
7
20
0
0
6
7
20
0
1
6
7
0
0
2
6
7
16
0
3
6
7
16
1
0
6
7
11
1
1
6
7
11
1
2
6
7
0
1
3
7
8
20
0
0
7
8
20
0
1
7
8
0
0
2
7
8
16
0
3
7
8
16
1
0
7
8
11
1
1
7
8
11
1
2
7
8
0
1
3
8
9
16
0
0
8
9
20
0
1
8
9
20
0
2
8
9
16
0
3
8
9
11
1
0
8
9
11
1
1
8
9
0
1
2
9
10
20
0
0
9
10
16
0
1
9
10
20
0
2
9
10
10
0
3
9
10
16
1
0
9
10
10
1
1
9
10
15
1
2
9
10
15
1
3
10
11
19
0
0
10
11
21
0
1
10
11
2
0
2
10
11
8
0
3
10
11
16
1
0
10
11
10
1
1
10
11
13
1
2
10
11
15
1
3
11
12
19
0
0
11
12
5
0
1
11
12
2
0
2
11
12
21
0
3
11
12
8
1
0
11
12
10
1
1
11
12
0
1
2
11
12
13
1
3
12
13
18
0
0
12
13
7
0
1
12
13
3
0
2
12
13
1
0
3
12
13
14
1
0
12
13
20
1
1
12
13
9
1
2
12
13
12
1
3
13
14
2
0
0
13
14
7
0
1
13
14
4
0
2
13
14
19
0
3
13
14
9
1
0
13
14
11
1
1
13
14
13
1
2
13
14
15
1
3
14
15
1
0
0
14
15
18
0
1
14
15
3
0
2
14
15
20
0
3
14
15
7
1
0
14
15
9
1
1
14
15
12
1
2
14
15
14
1
3
15
16
3
0
0
15
16
8
0
1
15
16
6
0
2
15
16
11
0
3
15
16
18
1
0
15
16
20
1
1
15
16
0
1
2
15
16
14
1
3
16
17
2
0
0
16
17
4
0
1
16
17
0
0
2
16
17
19
0
3
16
17
7
1
0
16
17
9
1
1
16
17
14
1
2
16
17
23
1
3
17
18
19
0
0
17
18
1
0
1
17
18
6
0
2
17
18
1
0
3
17
18
6
1
0
17
18
19
1
1
17
18
23
1
2
17
18
23
1
3
18
19
19
0
0
18
19
0
0
1
18
19
5
0
2
18
19
5
1
0
18
19
23
1
1
18
19
19
1
2
18
19
23
1
3
19
20
0
0
0
19
20
5
0
1
19
20
5
0
2
19
20
0
0
3
19
20
19
1
0
19
20
23
1
1
19
20
19
1
2
19
20
23
1
3
20
21
18
0
0
20
21
0
0
1
20
21
19
0
2
20
21
15
0
3
20
21
5
1
0
20
21
4
1
1
20
21
23
1
2
20
21
23
1
3
21
22
15
0
0
21
22
15
0
2
21
22
19
0
3
21
22
23
1
3
22
23
15
0
0
22
23
4
0
1
22
23
4
0
2
22
23
15
0
3
22
23
23
1
0
22
23
18
1
1
22
23
18
1
2
22
23
23
1
3
23
24
18
0
0
23
24
4
0
1
23
24
15
0
2
23
24
15
0
3
23
24
23
1
0
23
24
4
1
1
23
24
18
1
2
23
24
23
1
3
24
25
14
0
0
24
25
3
0
1
24
25
14
0
2
24
25
3
0
3
24
25
18
1
0
24
25
18
1
1
24
25
23
1
2
24
25
23
1
3
25
26
17
0
0
25
26
14
0
1
25
26
3
0
2
25
26
14
0
3
25
26
3
1
0
25
26
17
1
1
25
26
22
1
2
25
26
22
1
3
26
27
17
0
0
26
27
14
0
1
26
27
14
0
2
26
27
3
0
3
26
27
22
1
0
26
27
3
1
1
26
27
17
1
2
26
27
22
1
3
27
28
13
0
0
27
28
17
0
1
27
28
13
0
2
27
28
22
0
3
27
28
2
1
0
27
28
2
1
1
27
28
17
1
2
27
28
22
1
3
28
29
16
0
0
28
29
13
0
1
28
29
16
0
2
28
29
13
0
3
28
29
2
1
0
28
29
2
1
1
28
29
21
1
2
28
29
21
1
3
29
30
13
0
0
29
30
16
0
1
29
30
13
0
2
29
30
16
0
3
29
30
2
1
0
29
30
2
1
1
29
30
21
1
2
29
30
21
1
3
30
31
12
0
0
30
31
12
0
1
30
31
16
0
2
30
31
16
0
3
30
31
1
1
0
30
31
1
1
1
30
31
21
1
2
30
31
21
1
3
31
32
12
0
0
31
32
12
0
1
31
32
16
0
2
31
32
21
0
3
31
32
1
1
0
31
32
1
1
1
31
32
16
1
2
31
32
21
1
3
32
33
11
0
0
32
33
16
0
1
32
33
11
0
2
32
33
16
0
3
32
33
0
1
0
32
33
20
1
1
32
33
20
1
2
32
33
0
1
3
33
34
11
0
0
33
34
11
0
1
33
34
16
0
2
33
34
16
0
3
33
34
20
1
0
33
34
20
1
1
33
34
0
1
2
33
34
0
1
3
34
35
13
0
0
34
35
11
0
1
34
35
16
0
2
34
35
2
0
3
34
35
21
1
0
34
35
19
1
1
34
35
8
1
2
34
35
0
1
3
35
36
10
0
0
35
36
16
0
1
35
36
15
0
2
35
36
8
0
3
35
36
21
1
0
35
36
2
1
1
35
36
19
1
2
35
36
13
1
3
36
37
8
0
0
36
37
10
0
1
36
37
2
0
2
36
37
0
0
3
36
37
21
1
0
36
37
19
1
1
36
37
5
1
2
36
37
13
1
3
37
38
7
0
0
37
38
4
0
1
37
38
12
0
2
37
38
9
0
3
37
38
21
1
0
37
38
19
1
1
37
38
15
1
2
37
38
1
1
3
38
39
10
0
0
38
39
3
0
1
38
39
8
0
2
38
39
19
0
3
38
39
0
1
0
38
39
5
1
1
38
39
21
1
2
38
39
14
1
3
39
40
8
0
0
39
40
2
0
1
39
40
11
0
2
39
40
18
0
3
39
40
0
1
0
39
40
13
1
1
39
40
6
1
2
39
40
20
1
3
40
41
11
0
0
40
41
3
0
1
40
41
0
0
2
40
41
6
0
3
40
41
8
1
0
40
41
18
1
1
40
41
14
1
2
40
41
20
1
3
41
42
6
0
0
41
42
9
0
1
41
42
15
0
2
41
42
4
0
3
41
42
1
1
0
41
42
18
1
1
41
42
20
1
2
41
42
23
1
3
42
43
6
0
0
42
43
8
0
1
42
43
23
0
2
42
43
3
0
3
42
43
18
1
0
42
43
1
1
1
42
43
20
1
2
42
43
14
1
3
43
44
23
0
0
43
44
23
0
1
43
44
0
0
2
43
44
5
0
3
43
44
19
1
0
43
44
0
1
1
43
44
5
1
2
43
44
19
1
3
44
45
23
0
0
44
45
5
0
1
44
45
0
0
2
44
45
23
0
3
44
45
5
1
0
44
45
19
1
1
44
45
19
1
2
44
45
0
1
3
45
46
23
0
0
45
46
5
0
1
45
46
23
0
2
45
46
19
0
3
45
46
0
1
0
45
46
0
1
1
45
46
5
1
2
45
46
19
1
3
46
47
23
0
0
46
47
23
0
1
46
47
0
0
2
46
47
4
0
3
46
47
18
1
0
46
47
15
1
1
46
47
5
1
2
46
47
19
1
3
47
48
23
0
0
47
48
4
0
1
47
48
15
0
2
47
48
23
0
3
47
48
4
1
0
47
48
18
1
1
47
48
18
1
2
47
48
15
1
3
48
49
23
0
0
48
49
4
0
1
48
49
23
0
2
48
49
4
0
3
48
49
18
1
0
48
49
15
1
1
48
49
18
1
2
48
49
15
1
3
49
50
4
0
0
49
50
23
0
1
49
50
23
0
2
49
50
4
0
3
49
50
15
1
0
49
50
18
1
1
49
50
18
1
2
49
50
15
1
3
50
51
23
0
0
50
51
23
0
1
50
51
14
0
2
50
51
3
0
3
50
51
3
1
0
50
51
18
1
1
50
51
18
1
2
50
51
14
1
3
51
52
23
0
0
51
52
3
0
1
51
52
3
0
2
51
52
23
0
3
51
52
18
1
0
51
52
18
1
1
51
52
14
1
2
51
52
14
1
3
52
53
22
0
0
52
53
22
0
1
52
53
3
0
2
52
53
17
0
3
52
53
3
1
0
52
53
14
1
1
52
53
17
1
2
52
53
14
1
3
53
54
22
0
0
53
54
22
0
1
53
54
3
0
2
53
54
14
0
3
53
54
3
1
0
53
54
17
1
1
53
54
17
1
2
53
54
14
1
3
54
55
22
0
0
54
55
2
0
1
54
55
17
0
3
54
55
22
1
0
55
56
21
0
0
55
56
2
0
1
55
56
21
0
2
55
56
2
0
3
55
56
13
1
0
55
56
16
1
1
55
56
16
1
2
55
56
13
1
3
56
57
21
0
0
56
57
1
0
1
56
57
21
0
2
56
57
12
0
3
56
57
1
1
0
56
57
16
1
1
56
57
16
1
2
56
57
12
1
3
57
58
21
0
0
57
58
21
0
1
57
58
1
0
2
57
58
16
0
3
57
58
1
1
0
57
58
12
1
1
57
58
16
1
2
57
58
12
1
3
58
59
21
0
0
58
59
1
0
1
58
59
12
0
2
58
59
16
0
3
58
59
1
1
0
58
59
21
1
1
58
59
16
1
2
58
59
12
1
3
59
60
21
0
0
59
60
1
0
1
59
60
1
0
2
59
60
16
0
3
59
60
12
1
0
59
60
21
1
1
59
60
16
1
2
59
60
12
1
3
60
61
20
0
0
60
61
1
0
1
60
61
11
0
2
60
61
0
0
3
60
61
21
1
0
60
61
16
1
1
60
61
16
1
2
60
61
12
1
3
61
62
20
0
0
61
62
0
0
1
61
62
20
0
2
61
62
16
0
3
61
62
0
1
0
61
62
16
1
1
61
62
11
1
2
61
62
11
1
3
62
63
20
0
0
62
63
16
0
1
62
63
0
0
2
62
63
20
0
3
62
63
0
1
0
62
63
16
1
1
62
63
11
1
2
62
63
11
1
3
63
64
20
0
0
63
64
16
0
1
63
64
20
0
2
63
64
0
0
3
63
64
0
1
0
63
64
16
1
1
63
64
11
1
2
63
64
11
1
3
64
65
16
0
0
64
65
15
0
1
64
65
20
0
3
64
65
20
1
1
64
65
10
1
2
64
65
10
1
3
65
66
16
0
0
65
66
19
0
1
65
66
2
0
2
65
66
15
0
3
65
66
13
1
0
65
66
10
1
1
65
66
21
1
2
65
66
8
1
3
66
67
5
0
0
66
67
13
0
1
66
67
19
0
2
66
67
0
0
3
66
67
2
1
0
66
67
21
1
1
66
67
10
1
2
66
67
8
1
3
67
68
19
0
0
67
68
2
0
1
67
68
13
0
2
67
68
0
0
3
67
68
10
1
0
67
68
5
1
1
67
68
8
1
2
67
68
21
1
3
68
69
4
0
0
68
69
15
0
1
68
69
1
0
2
68
69
9
0
3
68
69
13
1
0
68
69
6
1
1
68
69
19
1
2
68
69
11
1
3
69
70
0
0
0
69
70
3
0
1
69
70
18
0
2
69
70
9
0
3
69
70
11
1
0
69
70
14
1
1
69
70
6
1
2
69
70
20
1
3
70
71
1
0
0
70
71
4
0
1
70
71
12
0
2
70
71
18
0
3
70
71
15
1
0
70
71
7
1
1
70
71
9
1
2
70
71
20
1
3
71
72
1
0
0
71
72
15
0
1
71
72
18
0
2
71
72
23
0
3
71
72
4
1
0
71
72
9
1
1
71
72
6
1
2
71
72
20
1
3
72
73
1
0
0
72
73
3
0
1
72
73
23
0
2
72
73
14
0
3
72
73
18
1
0
72
73
20
1
1
72
73
6
1
2
72
73
8
1
3
73
74
0
0
0
73
74
0
0
1
73
74
23
0
2
73
74
19
0
3
73
74
19
1
0
73
74
5
1
1
73
74
5
1
2
73
74
23
1
3
74
75
0
0
0
74
75
0
0
1
74
75
19
0
2
74
75
23
0
3
74
75
5
1
0
74
75
23
1
1
74
75
5
1
2
74
75
19
1
3
75
76
0
0
0
75
76
0
0
1
75
76
23
0
2
75
76
23
0
3
75
76
19
1
0
75
76
5
1
1
75
76
5
1
2
75
76
19
1
3
76
77
0
0
0
76
77
15
0
1
76
77
23
0
2
76
77
5
0
3
76
77
23
1
0
76
77
18
1
1
76
77
4
1
2
76
77
19
1
3
77
78
15
0
0
77
78
15
0
1
77
78
18
0
2
77
78
23
0
3
77
78
4
1
0
77
78
23
1
1
77
78
4
1
2
77
78
18
1
3
78
79
15
0
0
78
79
15
0
1
78
79
23
0
2
78
79
4
0
3
78
79
23
1
0
78
79
4
1
1
78
79
18
1
2
78
79
18
1
3
79
80
15
0
0
79
80
23
0
1
79
80
23
0
2
79
80
15
0
3
79
80
4
1
0
79
80
18
1
1
79
80
4
1
2
79
80
18
1
3
80
81
14
0
0
80
81
14
0
1
80
81
23
0
2
80
81
18
0
3
80
81
3
1
0
80
81
23
1
1
80
81
3
1
2
80
81
18
1
3
81
82
14
0
0
81
82
23
0
1
81
82
14
0
2
81
82
23
0
3
81
82
3
1
0
81
82
18
1
1
81
82
3
1
2
81
82
18
1
3
82
83
14
0
1
82
83
22
1
1
82
83
3
1
2
82
83
17
1
3
83
84
14
0
0
83
84
14
0
1
83
84
22
0
2
83
84
3
0
3
83
84
22
1
0
83
84
3
1
1
83
84
17
1
2
83
84
17
1
3
84
85
13
0
0
84
85
13
0
1
84
85
17
0
2
84
85
2
0
3
84
85
22
1
0
84
85
22
1
1
84
85
2
1
2
84
85
17
1
3
85
86
13
0
0
85
86
22
0
1
85
86
13
0
2
85
86
2
0
3
85
86
17
1
0
85
86
22
1
1
85
86
2
1
2
85
86
17
1
3
86
87
13
0
1
86
87
21
0
2
86
87
21
0
3
86
87
2
1
0
86
87
2
1
1
86
87
16
1
2
86
87
16
1
3
87
88
12
0
0
87
88
12
0
1
87
88
21
0
2
87
88
1
0
3
87
88
21
1
0
87
88
1
1
1
87
88
16
1
2
87
88
16
1
3
88
89
12
0
0
88
89
21
0
1
88
89
12
0
2
88
89
1
0
3
88
89
21
1
0
88
89
1
1
1
88
89
16
1
2
88
89
16
1
3
89
90
12
0
0
89
90
21
0
1
89
90
21
0
2
89
90
12
0
3
89
90
1
1
0
89
90
1
1
1
89
90
16
1
2
89
90
16
1
3
90
91
12
0
0
90
91
21
0
1
90
91
12
0
2
90
91
1
0
3
90
91
1
1
0
90
91
21
1
1
90
91
16
1
2
90
91
16
1
3
91
92
12
0
0
91
92
21
0
1
91
92
21
0
2
91
92
16
0
3
91
92
12
1
0
91
92
1
1
1
91
92
1
1
2
91
92
16
1
3
92
93
11
0
0
92
93
11
0
1
92
93
20
0
2
92
93
0
0
3
92
93
0
1
0
92
93
20
1
1
92
93
16
1
2
92
93
16
1
3
93
94
11
0
0
93
94
11
0
1
93
94
20
0
2
93
94
20
0
3
93
94
0
1
0
93
94
0
1
1
93
94
16
1
2
93
94
16
1
3
94
95
11
0
0
94
95
20
0
1
94
95
20
0
2
94
95
0
0
3
94
95
11
1
0
94
95
16
1
1
94
95
0
1
2
94
95
16
1
3
95
96
13
0
0
95
96
0
0
2
95
96
21
1
0
95
96
16
1
3
96
97
12
0
0
96
97
14
0
1
96
97
9
0
2
96
97
20
0
3
96
97
16
1
0
96
97
2
1
1
96
97
0
1
2
96
97
7
1
3
97
98
10
0
0
97
98
21
0
1
97
98
13
0
2
97
98
0
0
3
97
98
19
1
0
97
98
5
1
1
97
98
2
1
2
97
98
8
1
3
98
99
13
0
0
98
99
11
0
1
98
99
15
0
2
98
99
4
0
3
98
99
9
1
0
98
99
19
1
1
98
99
2
1
2
98
99
7
1
3
99
100
11
0
0
99
100
15
0
1
99
100
20
0
2
99
100
9
0
3
99
100
18
1
0
99
100
4
1
1
99
100
0
1
2
99
100
6
1
3
100
101
11
0
0
100
101
8
0
1
100
101
6
0
2
100
101
20
0
3
100
101
14
1
0
100
101
1
1
1
100
101
18
1
2
100
101
3
1
3
101
102
23
0
0
101
102
9
0
1
101
102
19
0
2
101
102
6
0
3
101
102
14
1
0
101
102
0
1
1
101
102
4
1
2
101
102
2
1
3
102
103
23
0
0
102
103
19
0
1
102
103
23
0
2
102
103
5
0
3
102
103
19
1
0
102
103
0
1
1
102
103
0
1
2
102
103
5
1
3
103
104
23
0
0
103
104
19
0
1
103
104
5
0
2
103
104
0
0
3
103
104
23
1
0
103
104
19
1
1
103
104
0
1
2
103
104
5
1
3
104
105
23
0
0
104
105
18
0
2
104
105
18
0
3
104
105
15
1
0
104
105
4
1
1
104
105
15
1
2
104
105
4
1
3
105
106
23
0
0
105
106
23
0
1
105
106
18
0
2
105
106
15
0
3
105
106
15
1
0
105
106
18
1
1
105
106
4
1
2
105
106
4
1
3
106
107
23
0
0
106
107
23
0
1
106
107
18
0
2
106
107
15
0
3
106
107
4
1
0
106
107
18
1
1
106
107
15
1
2
106
107
4
1
3
107
108
23
0
0
107
108
18
0
1
107
108
23
0
2
107
108
15
0
3
107
108
4
1
0
107
108
18
1
1
107
108
15
1
2
107
108
4
1
3
108
109
23
0
0
108
109
18
0
1
108
109
18
0
2
108
109
23
0
3
108
109
3
1
0
108
109
14
1
1
108
109
14
1
2
108
109
3
1
3
109
110
22
0
0
109
110
22
0
1
109
110
17
0
2
109
110
14
0
3
109
110
3
1
0
109
110
14
1
1
109
110
17
1
2
109
110
3
1
3
110
111
22
0
0
110
111
22
0
1
110
111
17
0
2
110
111
14
0
3
110
111
14
1
0
110
111
17
1
1
110
111
3
1
2
110
111
3
1
3
111
112
22
0
0
111
112
22
0
1
111
112
13
0
2
111
112
17
0
3
111
112
2
1
0
111
112
2
1
1
111
112
13
1
2
111
112
17
1
3
112
113
21
0
0
112
113
21
0
1
112
113
16
0
2
112
113
13
0
3
112
113
2
1
0
112
113
13
1
1
112
113
16
1
2
112
113
2
1
3
113
114
21
0
0
113
114
21
0
1
113
114
16
0
2
113
114
13
0
3
113
114
2
1
0
113
114
16
1
1
113
114
13
1
2
113
114
2
1
3
114
115
21
0
0
114
115
21
0
1
114
115
16
0
2
114
115
13
0
3
114
115
2
1
0
114
115
13
1
1
114
115
2
1
2
114
115
16
1
3
115
116
21
0
0
115
116
12
0
1
115
116
21
0
2
115
116
1
0
3
115
116
12
1
0
115
116
1
1
1
115
116
16
1
2
115
116
16
1
3
116
117
21
0
0
116
117
12
0
1
116
117
12
0
2
116
117
16
0
3
116
117
21
1
0
116
117
1
1
1
116
117
1
1
2
116
117
16
1
3
117
118
21
0
0
117
118
21
0
1
117
118
16
0
2
117
118
12
0
3
117
118
1
1
0
117
118
1
1
1
117
118
12
1
2
117
118
16
1
3
118
119
11
0
1
118
119
16
0
2
118
119
20
0
3
118
119
11
1
0
118
119
0
1
1
118
119
0
1
2
118
119
16
1
3
119
120
20
0
0
119
120
20
0
1
119
120
11
0
2
119
120
11
0
3
119
120
0
1
0
119
120
0
1
1
119
120
16
1
2
119
120
16
1
3
120
121
20
0
0
120
121
10
0
1
120
121
2
0
2
120
121
16
0
3
120
121
8
1
0
120
121
15
1
1
120
121
13
1
2
121
122
20
0
0
121
122
9
0
1
121
122
1
0
2
121
122
14
0
3
121
122
7
1
0
121
122
4
1
1
121
122
12
1
2
122
123
3
0
0
122
123
9
0
1
122
123
19
0
2
122
123
14
0
3
122
123
11
1
0
122
123
6
1
1
122
123
0
1
2
123
124
19
0
0
123
124
9
0
1
123
124
1
0
2
123
124
14
0
3
123
124
7
1
0
123
124
4
1
1
123
124
12
1
2
124
125
19
0
0
124
125
0
0
1
124
125
6
0
2
124
125
11
0
3
124
125
3
1
0
124
125
8
1
1
124
125
13
1
2
125
126
19
0
0
125
126
2
0
1
125
126
0
0
2
125
126
9
0
3
125
126
23
1
0
125
126
7
1
1
125
126
13
1
2
125
126
4
1
3
126
127
20
0
0
126
127
8
0
1
126
127
1
0
2
126
127
18
0
3
126
127
23
1
0
126
127
6
1
1
126
127
14
1
2
126
127
3
1
3
127
128
1
0
0
127
128
1
0
1
127
128
19
0
2
127
128
23
0
3
127
128
19
1
0
127
128
6
1
1
127
128
23
1
2
127
128
6
1
3
128
129
0
0
0
128
129
19
0
1
128
129
19
0
2
128
129
0
0
3
128
129
23
1
0
128
129
23
1
1
128
129
5
1
2
128
129
5
1
3
129
130
19
0
0
129
130
19
0
1
129
130
0
0
2
129
130
0
0
3
129
130
5
1
0
129
130
23
1
1
129
130
23
1
2
129
130
5
1
3
130
131
19
0
0
130
131
0
0
1
130
131
19
0
2
130
131
0
0
3
130
131
23
1
0
130
131
5
1
1
130
131
23
1
2
130
131
5
1
3
131
132
18
0
0
131
132
15
0
1
131
132
0
0
2
131
132
19
0
3
131
132
23
1
0
131
132
23
1
1
131
132
4
1
2
131
132
5
1
3
132
133
18
0
0
132
133
15
0
1
132
133
15
0
2
132
133
23
0
3
132
133
18
1
0
132
133
23
1
1
132
133
4
1
2
132
133
4
1
3
133
134
15
0
0
133
134
15
0
1
133
134
18
0
2
133
134
18
0
3
133
134
23
1
0
133
134
4
1
1
133
134
23
1
2
133
134
4
1
3
134
135
15
0
0
134
135
18
0
1
134
135
18
0
2
134
135
15
0
3
134
135
23
1
0
134
135
23
1
1
134
135
4
1
2
134
135
4
1
3
135
136
14
0
0
135
136
14
0
1
135
136
18
0
2
135
136
23
0
3
135
136
18
1
0
135
136
23
1
1
135
136
3
1
2
135
136
3
1
3
136
137
14
0
0
136
137
14
0
1
136
137
17
0
2
136
137
17
0
3
136
137
22
1
0
136
137
3
1
1
136
137
22
1
2
136
137
3
1
3
137
138
13
0
0
137
138
17
0
1
137
138
13
0
2
137
138
22
0
3
137
138
17
1
0
137
138
22
1
1
137
138
2
1
2
137
138
2
1
3
138
139
13
0
0
138
139
13
0
1
138
139
16
0
2
138
139
16
0
3
138
139
2
1
0
138
139
21
1
1
138
139
21
1
2
138
139
2
1
3
139
140
13
0
0
139
140
13
0
1
139
140
16
0
2
139
140
21
0
3
139
140
16
1
0
139
140
21
1
1
139
140
2
1
2
139
140
2
1
3
140
141
12
0
0
140
141
16
0
1
140
141
12
0
2
140
141
21
0
3
140
141
16
1
0
140
141
21
1
1
140
141
1
1
2
140
141
1
1
3
141
142
12
0
0
141
142
16
0
1
141
142
12
0
2
141
142
16
1
0
141
142
21
1
1
141
142
21
1
2
142
143
12
0
0
142
143
16
0
1
142
143
11
0
2
142
143
20
0
3
142
143
16
1
0
142
143
21
1
1
142
143
1
1
2
142
143
0
1
3
143
144
11
0
0
143
144
16
0
1
143
144
11
0
2
143
144
20
0
3
143
144
16
1
0
143
144
20
1
1
143
144
0
1
2
143
144
0
1
3
144
145
11
0
0
144
145
11
0
1
144
145
16
0
2
144
145
16
0
3
144
145
20
1
0
144
145
0
1
1
144
145
20
1
2
144
145
0
1
3
145
146
11
0
0
145
146
11
0
1
145
146
16
0
2
145
146
20
0
3
145
146
16
1
0
145
146
20
1
1
145
146
0
1
2
145
146
0
1
3
146
147
13
0
0
146
147
8
0
1
146
147
10
0
2
146
147
21
0
3
146
147
16
1
0
146
147
19
1
1
146
147
0
1
2
146
147
2
1
3
147
148
9
0
0
147
148
4
0
1
147
148
7
0
2
147
148
12
0
3
147
148
21
1
0
147
148
15
1
1
147
148
19
1
2
147
148
1
1
3
148
149
12
0
0
148
149
5
0
1
148
149
3
0
2
148
149
7
0
3
148
149
9
1
0
148
149
14
1
1
148
149
20
1
2
148
149
1
1
3
149
150
11
0
0
149
150
8
0
1
149
150
6
0
2
149
150
20
0
3
149
150
13
1
0
149
150
0
1
1
149
150
18
1
2
149
150
2
1
3
150
151
8
0
0
150
151
3
0
1
150
151
6
0
2
150
151
11
0
3
150
151
18
1
0
150
151
20
1
1
150
151
0
1
2
150
151
14
1
3
151
152
8
0
0
151
152
3
0
1
151
152
6
0
2
151
152
23
0
3
151
152
18
1
0
151
152
1
1
1
151
152
20
1
2
151
152
14
1
3
152
153
8
0
0
152
153
3
0
1
152
153
6
0
2
152
153
23
0
3
152
153
14
1
0
152
153
18
1
1
152
153
20
1
2
152
153
1
1
3
153
154
23
0
0
153
154
23
0
1
153
154
5
0
2
153
154
5
0
3
153
154
19
1
0
153
154
0
1
1
153
154
19
1
2
153
154
0
1
3
154
155
23
0
0
154
155
5
0
1
154
155
5
0
2
154
155
23
0
3
154
155
19
1
0
154
155
0
1
1
154
155
19
1
2
154
155
0
1
3
155
156
23
0
0
155
156
23
0
1
155
156
5
0
2
155
156
19
0
3
155
156
5
1
0
155
156
0
1
1
155
156
19
1
2
155
156
0
1
3
156
157
23
0
0
156
157
5
0
1
156
157
18
0
3
156
157
4
1
0
156
157
0
1
1
156
157
19
1
2
156
157
15
1
3
157
158
23
0
0
157
158
23
0
1
157
158
4
0
2
157
158
18
0
3
157
158
4
1
0
157
158
18
1
1
157
158
15
1
2
157
158
15
1
3
158
159
23
0
0
158
159
4
0
1
158
159
23
0
2
158
159
4
0
3
158
159
18
1
0
158
159
15
1
1
158
159
18
1
2
158
159
15
1
3
159
160
23
0
0
159
160
4
0
1
159
160
23
0
2
159
160
18
0
3
159
160
4
1
0
159
160
15
1
1
159
160
18
1
2
159
160
15
1
3
160
161
23
0
0
160
161
23
0
1
160
161
3
0
2
160
161
18
0
3
160
161
14
1
3
161
162
23
0
0
161
162
23
0
1
161
162
14
0
2
161
162
18
0
3
161
162
3
1
0
161
162
3
1
1
161
162
18
1
2
161
162
14
1
3
162
163
22
0
0
162
163
22
0
1
162
163
3
0
2
162
163
17
0
3
162
163
17
1
0
162
163
3
1
1
162
163
14
1
2
162
163
14
1
3
163
164
22
0
0
163
164
3
0
1
163
164
3
0
2
163
164
22
0
3
163
164
17
1
0
163
164
14
1
1
163
164
17
1
2
163
164
14
1
3
164
165
22
0
0
164
165
2
0
1
164
165
22
0
2
164
165
17
0
3
164
165
17
1
0
164
165
2
1
1
164
165
13
1
2
164
165
13
1
3
165
166
22
0
0
165
166
2
0
1
165
166
22
0
2
165
166
2
0
3
165
166
17
1
0
165
166
17
1
1
165
166
13
1
2
165
166
13
1
3
166
167
21
0
0
166
167
21
0
1
166
167
16
0
2
166
167
16
0
3
166
167
2
1
0
166
167
2
1
1
166
167
13
1
2
166
167
13
1
3
167
168
21
0
0
167
168
16
0
1
167
168
21
0
2
167
168
1
0
3
167
168
16
1
0
167
168
1
1
1
167
168
12
1
2
167
168
12
1
3
168
169
21
0
0
168
169
16
0
1
168
169
21
0
2
168
169
1
0
3
168
169
16
1
0
168
169
1
1
1
168
169
12
1
2
168
169
12
1
3
169
170
21
0
0
169
170
21
0
1
169
170
1
0
2
169
170
1
0
3
169
170
16
1
0
169
170
16
1
1
169
170
12
1
2
169
170
12
1
3
170
171
16
0
0
170
171
20
0
1
170
171
1
0
2
170
171
20
0
3
170
171
1
1
0
170
171
12
1
1
170
171
16
1
2
170
171
12
1
3
171
172
20
0
0
171
172
16
0
1
171
172
20
0
2
171
172
16
0
3
171
172
0
1
0
171
172
0
1
1
171
172
11
1
2
171
172
11
1
3
172
173
20
0
0
172
173
16
0
1
172
173
0
0
2
172
173
20
0
3
172
173
16
1
0
172
173
0
1
1
172
173
11
1
2
172
173
11
1
3
173
174
20
0
0
173
174
16
0
1
173
174
20
0
2
173
174
16
0
3
173
174
0
1
0
173
174
0
1
1
173
174
11
1
2
173
174
11
1
3
174
175
19
0
0
174
175
2
0
1
174
175
16
0
2
174
175
8
0
3
174
175
0
1
0
174
175
13
1
1
174
175
21
1
2
174
175
10
1
3
175
176
19
0
0
175
176
2
0
1
175
176
13
0
2
175
176
5
0
3
175
176
0
1
0
175
176
10
1
1
175
176
8
1
2
175
176
21
1
3
176
177
4
0
0
176
177
19
0
1
176
177
13
0
2
176
177
2
0
3
176
177
9
1
0
176
177
15
1
1
176
177
7
1
2
176
177
11
1
3
177
178
0
0
0
177
178
3
0
1
177
178
18
0
2
177
178
8
0
3
177
178
14
1
0
177
178
20
1
1
177
178
6
1
2
177
178
11
1
3
178
179
3
0
0
178
179
18
0
1
178
179
1
0
2
178
179
23
0
3
178
179
6
1
0
178
179
20
1
1
178
179
8
1
2
178
179
14
1
3
179
180
0
0
0
179
180
0
0
1
179
180
23
0
2
179
180
19
0
3
179
180
19
1
0
179
180
5
1
1
179
180
5
1
2
179
180
23
1
3
180
181
0
0
0
180
181
5
0
1
180
181
23
0
2
180
181
0
0
3
180
181
5
1
0
180
181
19
1
1
180
181
19
1
2
180
181
23
1
3
181
182
0
0
0
181
182
5
0
1
181
182
23
0
2
181
182
23
0
3
181
182
0
1
0
181
182
5
1
1
181
182
19
1
2
181
182
19
1
3
182
183
18
0
0
182
183
15
0
1
182
183
23
0
2
182
183
23
0
3
182
183
0
1
0
182
183
5
1
1
182
183
4
1
2
182
183
19
1
3
183
184
18
0
0
183
184
18
0
1
183
184
15
0
2
183
184
15
0
3
183
184
4
1
0
183
184
4
1
1
183
184
23
1
2
183
184
23
1
3
184
185
15
0
0
184
185
15
0
1
184
185
23
0
2
184
185
4
0
3
184
185
4
1
0
184
185
18
1
1
184
185
18
1
2
184
185
23
1
3
185
186
15
0
0
185
186
4
0
1
185
186
4
0
2
185
186
15
0
3
185
186
18
1
0
185
186
18
1
1
185
186
23
1
2
185
186
23
1
3
186
187
14
0
0
186
187
14
0
1
186
187
3
0
2
186
187
18
0
3
186
187
3
1
0
186
187
23
1
1
186
187
18
1
2
186
187
23
1
3
187
188
14
0
0
187
188
14
0
1
187
188
23
0
2
187
188
3
0
3
187
188
3
1
0
187
188
18
1
1
187
188
18
1
2
187
188
23
1
3
188
189
14
0
0
188
189
3
0
1
188
189
17
0
2
188
189
14
0
3
188
189
3
1
0
188
189
17
1
1
188
189
22
1
2
188
189
22
1
3
189
190
14
0
0
189
190
3
0
2
189
190
22
0
3
189
190
17
1
1
189
190
17
1
2
189
190
22
1
3
190
191
14
0
0
190
191
3
0
1
190
191
22
0
2
190
191
14
0
3
190
191
17
1
0
190
191
3
1
1
190
191
17
1
2
190
191
22
1
3
191
192
13
0
0
191
192
13
0
1
191
192
2
0
2
191
192
22
1
0
191
192
17
1
1
191
192
22
1
3
192
193
13
0
0
192
193
2
0
1
192
193
21
0
2
192
193
13
0
3
192
193
2
1
0
192
193
16
1
1
192
193
16
1
2
192
193
21
1
3
193
194
13
0
0
193
194
2
0
1
193
194
2
0
2
193
194
16
1
0
193
194
16
1
1
193
194
21
1
2
194
195
12
0
0
194
195
12
0
1
194
195
1
0
2
194
195
16
0
3
194
195
1
1
0
194
195
16
1
1
194
195
21
1
2
194
195
21
1
3
195
196
12
0
0
195
196
12
0
1
195
196
1
0
2
195
196
1
0
3
195
196
21
1
0
195
196
16
1
1
195
196
16
1
2
195
196
21
1
3
196
197
1
0
1
196
197
21
0
2
196
197
12
0
3
196
197
1
1
0
196
197
16
1
1
196
197
16
1
2
196
197
20
1
3
197
198
11
0
0
197
198
11
0
1
197
198
0
0
2
197
198
0
0
3
197
198
16
1
0
197
198
20
1
1
197
198
16
1
2
197
198
20
1
3
198
199
11
0
0
198
199
11
0
1
198
199
0
0
2
198
199
0
0
3
198
199
16
1
0
198
199
16
1
1
198
199
20
1
2
198
199
20
1
3
199
200
11
0
0
199
200
11
0
1
199
200
20
0
2
199
200
0
0
3
199
200
0
1
0
199
200
16
1
1
199
200
16
1
2
199
200
20
1
3
200
201
11
0
0
200
201
11
0
1
200
201
0
0
2
200
201
0
0
3
200
201
20
1
0
200
201
16
1
1
200
201
16
1
2
200
201
20
1
3
201
202
12
0
0
201
202
10
0
1
201
202
21
0
2
201
202
1
0
3
201
202
15
1
0
201
202
7
1
1
201
202
16
1
2
201
202
19
1
3
202
203
12
0
0
202
203
9
0
1
202
203
1
0
2
202
203
21
0
3
202
203
15
1
0
202
203
4
1
1
202
203
7
1
2
202
203
19
1
3
203
204
9
0
0
203
204
1
0
1
203
204
15
0
2
203
204
12
0
3
203
204
4
1
0
203
204
21
1
1
203
204
19
1
2
203
204
7
1
3
204
205
9
0
0
204
205
11
0
1
204
205
21
0
2
204
205
1
0
3
204
205
15
1
0
204
205
19
1
1
204
205
4
1
2
204
205
6
1
3
205
206
11
0
0
205
206
13
0
1
205
206
0
0
2
205
206
2
0
3
205
206
6
1
0
205
206
18
1
1
205
206
8
1
2
205
206
20
1
3
206
207
9
0
0
206
207
15
0
1
206
207
12
0
2
206
207
18
0
3
206
207
1
1
0
206
207
4
1
1
206
207
7
1
2
206
207
20
1
3
207
208
9
0
0
207
208
12
0
1
207
208
7
0
2
207
208
4
0
3
207
208
15
1
0
207
208
1
1
1
207
208
18
1
2
207
208
20
1
3
208
209
23
0
0
208
209
14
0
1
208
209
8
0
2
208
209
20
0
3
208
209
1
1
0
208
209
6
1
1
208
209
3
1
2
208
209
18
1
3
209
210
23
0
0
209
210
14
0
1
209
210
8
0
2
209
210
6
1
0
209
210
1
1
1
209
210
20
1
2
209
210
18
1
3
210
211
6
0
0
210
211
6
0
1
210
211
23
0
2
210
211
1
0
3
210
211
23
1
0
210
211
1
1
1
210
211
19
1
2
210
211
19
1
3
211
212
23
0
0
211
212
23
0
1
211
212
0
0
2
211
212
5
0
3
211
212
0
1
0
211
212
19
1
1
211
212
5
1
2
211
212
19
1
3
212
213
23
0
0
212
213
0
0
1
212
213
23
0
2
212
213
0
0
3
212
213
5
1
0
212
213
5
1
1
212
213
19
1
2
212
213
19
1
3
213
214
5
0
0
213
214
23
0
1
213
214
23
0
2
213
214
0
0
3
213
214
0
1
0
213
214
18
1
1
213
214
5
1
2
213
214
18
1
3
214
215
23
0
0
214
215
15
0
1
214
215
23
0
2
214
215
15
0
3
214
215
4
1
0
214
215
18
1
1
214
215
4
1
2
214
215
18
1
3
215
216
23
0
0
215
216
18
0
2
215
216
15
0
3
215
216
15
1
0
215
216
4
1
1
215
216
4
1
2
216
217
23
0
0
216
217
4
0
1
216
217
15
0
2
216
217
15
0
3
216
217
23
1
0
216
217
4
1
1
216
217
18
1
2
216
217
18
1
3
217
218
23
0
0
217
218
23
0
1
217
218
18
0
2
217
218
14
0
3
217
218
14
1
0
217
218
3
1
1
217
218
3
1
2
217
218
18
1
3
218
219
22
0
0
218
219
14
0
1
218
219
22
0
2
218
219
14
0
3
218
219
3
1
0
218
219
3
1
1
218
219
17
1
2
218
219
17
1
3
219
220
22
0
0
219
220
14
0
1
219
220
3
1
1
219
220
17
1
3
220
221
22
0
0
220
221
22
0
1
220
221
17
0
2
220
221
14
0
3
220
221
14
1
0
220
221
3
1
1
220
221
3
1
2
220
221
17
1
3
221
222
22
0
0
221
222
13
0
1
221
222
17
0
2
221
222
2
0
3
221
222
22
1
0
221
222
13
1
1
221
222
2
1
2
221
222
17
1
3
222
223
22
0
0
222
223
22
0
1
222
223
13
0
2
222
223
17
0
3
222
223
13
1
0
222
223
2
1
1
222
223
2
1
2
222
223
17
1
3
223
224
21
0
0
223
224
21
0
1
223
224
2
0
2
223
224
13
0
3
223
224
13
1
0
223
224
16
1
1
223
224
2
1
2
223
224
16
1
3
224
225
21
0
0
224
225
21
0
1
224
225
12
0
2
224
225
12
0
3
224
225
1
1
0
224
225
1
1
1
224
225
16
1
2
224
225
16
1
3
225
226
21
0
0
225
226
12
0
1
225
226
21
0
2
225
226
1
0
3
225
226
16
1
0
225
226
12
1
1
225
226
1
1
2
225
226
16
1
3
226
227
1
0
0
226
227
21
0
1
226
227
21
0
2
226
227
12
0
3
226
227
12
1
0
226
227
16
1
1
226
227
1
1
2
226
227
16
1
3
227
228
21
0
0
227
228
12
0
1
227
228
11
0
2
227
228
0
0
3
227
228
20
1
0
227
228
16
1
1
227
228
1
1
2
227
228
16
1
3
228
229
20
0
0
228
229
20
0
1
228
229
16
0
2
228
229
0
0
3
228
229
11
1
0
228
229
11
1
1
228
229
0
1
2
228
229
16
1
3
229
230
0
0
0
229
230
20
0
1
229
230
11
0
2
229
230
20
0
3
229
230
16
1
0
229
230
11
1
1
229
230
0
1
2
229
230
16
1
3
230
231
20
0
0
230
231
20
0
1
230
231
0
0
2
230
231
11
0
3
230
231
16
1
0
230
231
11
1
1
230
231
0
1
2
230
231
16
1
3
231
232
16
0
0
231
232
21
0
1
231
232
19
0
2
231
232
2
0
3
231
232
13
1
0
231
232
10
1
1
231
232
15
1
2
231
232
8
1
3
232
233
0
0
0
232
233
13
0
1
232
233
2
0
2
232
233
19
0
3
232
233
21
1
0
232
233
10
1
1
232
233
8
1
2
232
233
5
1
3
233
234
19
0
0
233
234
12
0
1
233
234
3
0
2
233
234
5
0
3
233
234
10
1
0
233
234
14
1
1
233
234
0
1
2
233
234
8
1
3
234
235
0
0
0
234
235
3
0
1
234
235
18
0
2
234
235
20
0
3
234
235
11
1
0
234
235
14
1
1
234
235
9
1
2
234
235
6
1
3
235
236
18
0
0
235
236
15
0
1
235
236
1
0
2
235
236
20
0
3
235
236
12
1
0
235
236
7
1
1
235
236
9
1
2
235
236
4
1
3
236
237
1
0
0
236
237
23
0
1
236
237
3
0
2
236
237
20
0
3
236
237
14
1
0
236
237
18
1
1
236
237
8
1
2
236
237
6
1
3
237
238
20
0
2
237
238
18
1
1
237
238
6
1
2
237
238
8
1
3
238
239
0
0
0
238
239
19
0
1
238
239
23
1
0
238
239
19
1
1
238
239
5
1
2
238
239
5
1
3
239
240
0
0
0
239
240
0
0
1
239
240
23
0
2
239
240
23
0
3
239
240
19
1
0
239
240
19
1
1
239
240
5
1
2
239
240
5
1
3
240
241
0
0
0
240
241
19
0
1
240
241
0
0
2
240
241
23
0
3
240
241
5
1
0
240
241
19
1
1
240
241
23
1
2
240
241
5
1
3
241
242
15
0
0
241
242
18
0
1
241
242
15
0
2
241
242
18
0
3
241
242
23
1
0
241
242
23
1
1
241
242
4
1
2
241
242
4
1
3
242
243
15
0
0
242
243
15
0
1
242
243
18
0
2
242
243
18
0
3
242
243
23
1
0
242
243
23
1
1
242
243
4
1
2
242
243
4
1
3
243
244
15
0
0
243
244
18
0
1
243
244
15
0
2
243
244
23
0
3
243
244
4
1
0
243
244
18
1
1
243
244
23
1
2
243
244
4
1
3
244
245
14
0
0
244
245
18
0
1
244
245
14
0
2
244
245
23
0
3
244
245
3
1
0
244
245
18
1
1
244
245
23
1
2
244
245
3
1
3
245
246
14
0
0
245
246
17
0
1
245
246
17
0
2
245
246
14
0
3
245
246
3
1
0
245
246
22
1
1
245
246
22
1
2
245
246
3
1
3
246
247
14
0
0
246
247
17
0
1
246
247
14
0
2
246
247
17
0
3
246
247
3
1
0
246
247
22
1
1
246
247
22
1
2
246
247
3
1
3
247
248
14
0
0
247
248
14
0
1
247
248
17
0
2
247
248
22
0
3
247
248
3
1
0
247
248
17
1
1
247
248
22
1
2
247
248
3
1
3
248
249
13
0
0
248
249
13
0
1
248
249
17
0
2
248
249
22
0
3
248
249
22
1
0
248
249
17
1
1
248
249
2
1
2
248
249
2
1
3
249
250
13
0
0
249
250
13
0
1
249
250
21
0
2
249
250
21
0
3
249
250
16
1
0
249
250
16
1
1
249
250
2
1
2
249
250
2
1
3
250
251
13
0
0
250
251
13
0
1
250
251
16
0
3
250
251
16
1
1
250
251
2
1
3
251
252
12
0
0
251
252
21
0
1
251
252
21
0
2
251
252
12
0
3
251
252
1
1
0
251
252
1
1
1
251
252
16
1
2
251
252
16
1
3
252
253
12
0
0
252
253
12
0
1
252
253
16
0
2
252
253
21
0
3
252
253
16
1
0
252
253
21
1
1
252
253
1
1
2
252
253
1
1
3
253
254
11
0
0
253
254
20
0
1
253
254
16
0
2
253
254
12
0
3
253
254
21
1
0
253
254
0
1
1
253
254
16
1
2
253
254
1
1
3
254
255
11
0
0
254
255
20
0
1
254
255
20
0
2
254
255
0
0
3
254
255
11
1
0
254
255
0
1
1
254
255
16
1
2
254
255
16
1
3
255
256
11
0
0
255
256
20
0
1
255
256
11
0
2
255
256
0
0
3
255
256
20
1
0
255
256
16
1
1
255
256
0
1
2
255
256
16
1
3
256
257
10
0
0
256
257
10
0
1
256
257
20
0
2
256
257
15
0
3
256
257
16
1
0
256
257
15
1
1
256
257
20
1
2
256
257
16
1
3
257
258
12
0
0
257
258
20
0
1
257
258
9
0
2
257
258
13
0
3
257
258
16
1
0
257
258
7
1
1
257
258
0
1
2
257
258
2
1
3
258
259
10
0
0
258
259
13
0
1
258
259
19
0
2
258
259
8
0
3
258
259
0
1
0
258
259
21
1
1
258
259
2
1
2
258
259
5
1
3
259
260
11
0
0
259
260
9
0
1
259
260
19
0
3
259
260
15
1
0
259
260
13
1
2
260
261
12
0
0
260
261
20
0
2
260
261
1
0
3
260
261
18
1
0
260
261
15
1
2
260
261
4
1
3
261
262
9
0
0
261
262
6
0
1
261
262
23
0
2
261
262
20
0
3
261
262
18
1
0
261
262
15
1
1
261
262
1
1
2
261
262
4
1
3
262
263
9
0
0
262
263
6
0
1
262
263
23
0
2
262
263
18
0
3
262
263
4
1
0
262
263
15
1
1
262
263
20
1
2
262
263
1
1
3
263
264
23
0
0
263
264
23
0
1
263
264
19
0
2
263
264
5
0
3
263
264
19
1
0
263
264
5
1
1
263
264
0
1
2
263
264
0
1
3
264
265
23
0
0
264
265
23
0
1
264
265
19
0
2
264
265
19
0
3
264
265
5
1
0
264
265
5
1
1
264
265
0
1
2
264
265
0
1
3
265
266
23
0
0
265
266
23
0
1
265
266
5
0
2
265
266
19
0
3
265
266
19
1
0
265
266
5
1
1
265
266
0
1
2
265
266
0
1
3
266
267
23
0
0
266
267
23
0
1
266
267
18
0
2
266
267
4
0
3
266
267
18
1
0
266
267
4
1
1
266
267
15
1
2
266
267
15
1
3
267
268
23
0
0
267
268
18
0
1
267
268
23
0
2
267
268
4
0
3
267
268
18
1
0
267
268
15
1
1
267
268
4
1
2
267
268
15
1
3
268
269
23
0
0
268
269
23
0
1
268
269
4
1
0
268
269
15
1
1
268
269
4
1
2
268
269
15
1
3
269
270
23
0
0
269
270
18
0
1
269
270
18
0
2
269
270
23
0
3
269
270
4
1
0
269
270
4
1
1
269
270
15
1
2
269
270
15
1
3
270
271
23
0
0
270
271
23
0
1
270
271
18
0
2
270
271
14
0
3
270
271
18
1
0
270
271
3
1
1
270
271
14
1
2
270
271
3
1
3
271
272
23
0
0
271
272
23
0
1
271
272
18
0
2
271
272
18
0
3
271
272
3
1
0
271
272
14
1
1
271
272
14
1
2
271
272
3
1
3
272
273
22
0
0
272
273
22
0
1
272
273
17
0
2
272
273
17
0
3
272
273
3
1
0
272
273
3
1
1
272
273
14
1
2
272
273
14
1
3
273
274
22
0
0
273
274
17
0
1
273
274
22
0
2
273
274
17
0
3
273
274
3
1
0
273
274
3
1
1
273
274
14
1
2
273
274
14
1
3
274
275
22
0
0
274
275
17
0
1
274
275
17
0
2
274
275
22
0
3
274
275
2
1
0
274
275
13
1
1
274
275
13
1
2
274
275
2
1
3
275
276
21
0
0
275
276
22
0
1
275
276
2
0
2
275
276
17
0
3
275
276
16
1
0
275
276
13
1
1
275
276
13
1
2
275
276
2
1
3
276
277
21
0
0
276
277
16
0
2
276
277
13
0
3
276
277
13
1
1
276
277
2
1
2
276
277
2
1
3
277
278
21
0
0
277
278
16
0
1
277
278
21
0
2
277
278
1
0
3
277
278
16
1
0
277
278
12
1
1
277
278
12
1
2
277
278
1
1
3
278
279
21
0
0
278
279
21
0
1
278
279
16
0
2
278
279
12
0
3
278
279
16
1
0
278
279
1
1
1
278
279
12
1
2
278
279
1
1
3
279
280
21
0
0
279
280
16
0
1
279
280
21
0
2
279
280
16
0
3
279
280
12
1
0
279
280
12
1
1
279
280
1
1
2
279
280
1
1
3
280
281
21
0
1
280
281
16
0
2
280
281
16
0
3
280
281
12
1
0
280
281
1
1
3
281
282
20
0
0
281
282
16
0
1
281
282
16
0
2
281
282
20
0
3
281
282
11
1
0
281
282
0
1
1
281
282
11
1
2
281
282
0
1
3
282
283
20
0
0
282
283
16
0
1
282
283
20
0
2
282
283
0
0
3
282
283
16
1
0
282
283
11
1
1
282
283
11
1
2
282
283
0
1
3
283
284
16
0
0
283
284
16
0
1
283
284
20
0
2
283
284
20
0
3
283
284
0
1
0
283
284
11
1
1
283
284
11
1
2
283
284
0
1
3
284
285
19
0
0
284
285
21
0
1
284
285
16
0
2
284
285
2
0
3
284
285
8
1
0
284
285
0
1
1
284
285
10
1
2
284
285
13
1
3
285
286
2
0
0
285
286
16
0
1
285
286
19
0
2
285
286
10
0
3
285
286
8
1
0
285
286
15
1
1
285
286
21
1
2
285
286
13
1
3
286
287
4
0
0
286
287
7
0
1
286
287
19
0
2
286
287
1
0
3
286
287
9
1
0
286
287
21
1
1
286
287
12
1
2
286
287
15
1
3
287
288
19
0
0
287
288
6
0
1
287
288
1
0
2
287
288
4
0
3
287
288
11
1
0
287
288
9
1
1
287
288
21
1
2
287
288
15
1
3
288
289
19
0
0
288
289
7
0
1
288
289
15
0
2
288
289
2
0
3
288
289
4
1
0
288
289
9
1
1
288
289
13
1
2
288
289
11
1
3
289
290
1
0
0
289
290
18
0
1
289
290
4
0
2
289
290
20
0
3
289
290
7
1
0
289
290
9
1
1
289
290
12
1
2
289
290
15
1
3
290
291
1
0
0
290
291
18
0
1
290
291
3
0
2
290
291
20
0
3
290
291
6
1
0
290
291
8
1
1
290
291
23
1
2
290
291
14
1
3
291
292
3
0
0
291
292
1
0
1
291
292
6
0
2
291
292
18
0
3
291
292
20
1
0
291
292
8
1
1
291
292
14
1
2
291
292
23
1
3
292
293
0
0
0
292
293
0
0
1
292
293
19
0
2
292
293
5
0
3
292
293
5
1
0
292
293
23
1
1
292
293
19
1
2
292
293
23
1
3
293
294
0
0
0
293
294
19
0
1
293
294
5
0
2
293
294
0
0
3
293
294
5
1
0
293
294
23
1
1
293
294
19
1
2
293
294
23
1
3
294
295
19
0
0
294
295
0
0
1
294
295
5
0
2
294
295
0
0
3
294
295
5
1
0
294
295
23
1
1
294
295
19
1
2
294
295
23
1
3
295
296
18
0
0
295
296
15
0
1
295
296
15
0
2
295
296
4
0
3
295
296
4
1
0
295
296
23
1
1
295
296
18
1
2
295
296
23
1
3
296
297
15
0
0
296
297
18
0
1
296
297
15
0
2
296
297
4
0
3
296
297
4
1
0
296
297
18
1
1
296
297
23
1
2
296
297
23
1
3
297
298
4
0
1
297
298
23
1
3
298
299
15
0
0
298
299
15
0
1
298
299
4
0
2
298
299
18
0
3
298
299
4
1
0
298
299
18
1
1
298
299
23
1
2
298
299
23
1
3
299
300
14
0
0
299
300
14
0
1
299
300
3
0
2
299
300
18
0
3
299
300
3
1
0
299
300
23
1
1
299
300
18
1
2
299
300
23
1
3
300
301
17
0
0
300
301
14
0
1
300
301
3
0
2
300
301
14
0
3
300
301
3
1
0
300
301
17
1
1
300
301
22
1
2
300
301
22
1
3
301
302
14
0
0
301
302
3
0
1
301
302
14
0
2
301
302
3
0
3
301
302
17
1
0
301
302
17
1
2
301
302
22
1
3
302
303
14
0
0
302
303
3
0
1
302
303
14
0
2
302
303
22
0
3
302
303
17
1
0
302
303
3
1
1
302
303
17
1
2
302
303
22
1
3
303
304
13
0
1
303
304
2
0
2
303
304
2
1
0
303
304
17
1
1
303
304
22
1
3
304
305
16
0
0
304
305
16
0
1
304
305
13
0
2
304
305
13
0
3
304
305
2
1
0
304
305
2
1
1
304
305
21
1
2
304
305
21
1
3
305
306
13
0
0
305
306
16
0
1
305
306
2
0
2
305
306
13
0
3
305
306
2
1
0
305
306
21
1
1
305
306
16
1
2
305
306
21
1
3
306
307
13
0
0
306
307
16
0
1
306
307
13
0
2
306
307
2
0
3
306
307
2
1
0
306
307
16
1
1
306
307
21
1
2
306
307
21
1
3
307
308
12
0
0
307
308
12
0
1
307
308
21
0
2
307
308
1
0
3
307
308
16
1
0
307
308
1
1
1
307
308
16
1
2
307
308
21
1
3
308
309
12
0
0
308
309
12
0
1
308
309
1
0
2
308
309
16
0
3
308
309
21
1
0
308
309
1
1
1
308
309
16
1
2
308
309
21
1
3
309
310
12
0
0
309
310
16
0
1
309
310
21
0
2
309
310
12
0
3
309
310
1
1
0
309
310
1
1
1
309
310
16
1
2
309
310
21
1
3
310
311
11
0
0
310
311
11
0
1
310
311
16
0
2
310
311
0
0
3
310
311
0
1
0
310
311
20
1
1
310
311
16
1
2
310
311
20
1
3
311
312
11
0
0
311
312
16
0
1
311
312
0
0
2
311
312
11
0
3
311
312
16
1
0
311
312
0
1
1
311
312
20
1
2
311
312
20
1
3
312
313
11
0
0
312
313
11
0
1
312
313
0
0
2
312
313
0
0
3
312
313
16
1
0
312
313
16
1
1
312
313
20
1
2
312
313
20
1
3
313
314
11
0
0
313
314
0
0
1
313
314
11
0
2
313
314
16
0
3
313
314
0
1
0
313
314
20
1
1
313
314
16
1
2
313
314
20
1
3
314
315
8
0
0
314
315
0
0
2
314
315
2
1
1
314
315
19
1
2
314
315
21
1
3
315
316
12
0
0
315
316
9
0
1
315
316
21
0
2
315
316
15
0
3
315
316
7
1
0
315
316
1
1
1
315
316
4
1
2
315
316
19
1
3
316
317
12
0
0
316
317
2
0
1
316
317
9
0
2
316
317
15
0
3
316
317
7
1
0
316
317
21
1
1
316
317
4
1
2
316
317
19
1
3
317
318
10
0
0
317
318
3
0
1
317
318
12
0
2
317
318
8
0
3
317
318
0
1
0
317
318
19
1
1
317
318
5
1
2
317
318
14
1
3
318
319
9
0
0
318
319
7
0
1
318
319
12
0
2
318
319
20
0
3
318
319
1
1
0
318
319
15
1
1
318
319
4
1
2
318
319
18
1
3
319
320
8
0
0
319
320
3
0
1
319
320
6
0
3
319
320
18
1
1
319
320
20
1
2
319
320
11
1
3
320
321
8
0
0
320
321
23
0
1
320
321
6
0
2
320
321
18
0
3
320
321
1
1
0
320
321
20
1
1
320
321
3
1
2
320
321
14
1
3
321
322
6
0
0
321
322
23
0
1
321
322
23
0
2
321
322
1
0
3
321
322
1
1
0
321
322
19
1
1
321
322
6
1
2
321
322
19
1
3
322
323
23
0
0
322
323
23
0
1
322
323
0
0
2
322
323
0
0
3
322
323
5
1
0
322
323
5
1
1
322
323
19
1
2
322
323
19
1
3
323
324
23
0
0
323
324
0
0
1
323
324
23
0
2
323
324
0
0
3
323
324
19
1
0
323
324
5
1
1
323
324
5
1
2
323
324
19
1
3
324
325
23
0
0
324
325
23
0
1
324
325
5
0
2
324
325
0
0
3
324
325
19
1
0
324
325
0
1
1
324
325
5
1
2
324
325
19
1
3
325
326
23
0
0
325
326
23
0
1
325
326
0
0
2
325
326
0
0
3
325
326
19
1
0
325
326
5
1
1
325
326
5
1
2
325
326
19
1
3
326
327
23
0
0
326
327
23
0
2
326
327
15
1
0
326
327
18
1
2
327
328
23
0
0
327
328
4
0
1
327
328
23
0
2
327
328
18
0
3
327
328
15
1
0
327
328
15
1
1
327
328
4
1
2
327
328
18
1
3
328
329
23
0
0
328
329
23
0
1
328
329
15
0
2
328
329
4
0
3
328
329
4
1
0
328
329
15
1
1
328
329
18
1
2
328
329
18
1
3
329
330
23
0
0
329
330
4
0
1
329
330
4
0
2
329
330
23
0
3
329
330
15
1
0
329
330
15
1
1
329
330
18
1
2
329
330
18
1
3
330
331
23
0
0
330
331
3
0
1
330
331
23
0
2
330
331
3
0
3
330
331
18
1
0
330
331
14
1
1
330
331
18
1
2
330
331
14
1
3
331
332
22
0
0
331
332
22
0
1
331
332
14
0
2
331
332
17
0
3
331
332
3
1
0
331
332
3
1
1
331
332
17
1
2
331
332
14
1
3
332
333
22
0
0
332
333
3
0
1
332
333
14
0
2
332
333
22
0
3
332
333
3
1
0
332
333
14
1
1
332
333
17
1
2
332
333
17
1
3
333
334
22
0
0
333
334
22
0
1
333
334
2
0
2
333
334
3
0
3
333
334
17
1
0
333
334
14
1
1
333
334
17
1
2
333
334
13
1
3
334
335
22
0
0
334
335
2
0
1
334
335
22
0
2
334
335
13
0
3
334
335
2
1
0
334
335
17
1
1
334
335
17
1
2
334
335
13
1
3
335
336
22
0
0
335
336
2
0
1
335
336
2
0
2
335
336
17
0
3
335
336
22
1
0
335
336
13
1
1
335
336
17
1
2
335
336
13
1
3
336
337
21
0
0
336
337
21
0
1
336
337
13
0
2
336
337
2
0
3
336
337
2
1
0
336
337
16
1
1
336
337
16
1
2
336
337
13
1
3
337
338
21
0
0
337
338
2
0
1
337
338
21
0
2
337
338
16
0
3
337
338
2
1
0
337
338
13
1
1
337
338
16
1
2
337
338
13
1
3
338
339
21
0
0
338
339
21
0
1
338
339
1
0
2
338
339
12
0
3
338
339
1
1
0
338
339
16
1
1
338
339
16
1
2
338
339
12
1
3
339
340
21
0
0
339
340
1
0
1
339
340
21
0
2
339
340
1
0
3
339
340
16
1
0
339
340
12
1
1
339
340
16
1
2
339
340
12
1
3
340
341
1
0
0
340
341
1
0
1
340
341
21
0
2
340
341
21
0
3
340
341
16
1
0
340
341
12
1
1
340
341
16
1
2
340
341
12
1
3
341
342
1
0
0
341
342
0
0
1
341
342
20
0
2
341
342
16
0
3
341
342
16
1
0
341
342
21
1
1
341
342
12
1
2
341
342
11
1
3
342
343
20
0
0
342
343
20
0
1
342
343
0
0
2
342
343
0
0
3
342
343
11
1
0
342
343
16
1
1
342
343
16
1
2
342
343
11
1
3
343
344
20
0
0
343
344
0
0
1
343
344
20
0
2
343
344
16
0
3
343
344
0
1
0
343
344
11
1
1
343
344
16
1
2
343
344
11
1
3
344
345
20
0
0
344
345
16
0
1
344
345
15
0
2
344
345
15
0
3
344
345
20
1
0
344
345
10
1
1
344
345
16
1
2
344
345
10
1
3
345
346
1
0
0
345
346
15
0
1
345
346
4
0
2
345
346
19
0
3
345
346
12
1
0
345
346
21
1
1
345
346
7
1
2
345
346
9
1
3
346
347
2
0
0
346
347
0
0
1
346
347
19
0
2
346
347
21
0
3
346
347
10
1
0
346
347
12
1
1
346
347
5
1
2
346
347
7
1
3
347
348
19
0
0
347
348
12
0
1
347
348
14
0
2
347
348
3
0
3
347
348
0
1
0
347
348
5
1
1
347
348
10
1
2
347
348
8
1
3
348
349
15
0
0
348
349
12
0
1
348
349
18
0
2
348
349
1
0
3
348
349
7
1
0
348
349
4
1
1
348
349
20
1
2
348
349
9
1
3
349
350
18
0
0
349
350
1
0
1
349
350
3
0
2
349
350
20
0
3
349
350
14
1
0
349
350
23
1
1
349
350
8
1
2
349
350
6
1
3
350
351
18
0
0
350
351
14
0
1
350
351
20
0
2
350
351
6
0
3
350
351
1
1
0
350
351
23
1
1
350
351
3
1
2
350
351
8
1
3
351
352
0
0
0
351
352
23
0
1
351
352
1
0
2
351
352
23
0
3
351
352
19
1
0
351
352
19
1
1
351
352
5
1
2
351
352
6
1
3
352
353
0
0
0
352
353
23
0
1
352
353
0
0
2
352
353
5
0
3
352
353
19
1
0
352
353
23
1
1
352
353
5
1
2
352
353
19
1
3
353
354
0
0
0
353
354
0
0
1
353
354
19
0
2
353
354
19
0
3
353
354
23
1
0
353
354
23
1
1
353
354
5
1
2
353
354
5
1
3
354
355
0
0
0
354
355
15
0
1
354
355
18
0
2
354
355
23
0
3
354
355
23
1
0
354
355
4
1
1
354
355
5
1
2
354
355
19
1
3
355
356
15
0
0
355
356
15
0
1
355
356
23
0
2
355
356
18
0
3
355
356
23
1
0
355
356
4
1
1
355
356
4
1
2
355
356
18
1
3
356
357
15
0
0
356
357
23
0
1
356
357
18
0
2
356
357
23
0
3
356
357
15
1
0
356
357
4
1
1
356
357
4
1
2
356
357
18
1
3
357
358
15
0
0
357
358
23
0
1
357
358
23
0
2
357
358
15
0
3
357
358
4
1
0
357
358
18
1
1
357
358
4
1
2
357
358
18
1
3
358
359
14
0
0
358
359
23
0
1
358
359
18
0
2
358
359
23
0
3
358
359
14
1
0
358
359
3
1
1
358
359
3
1
2
358
359
18
1
3
359
360
14
0
0
359
360
23
0
1
359
360
14
0
2
359
360
23
0
3
359
360
3
1
0
359
360
18
1
1
359
360
3
1
2
359
360
18
1
3
360
361
14
0
0
360
361
22
0
1
360
361
22
0
2
360
361
14
0
3
360
361
17
1
0
360
361
3
1
1
360
361
3
1
2
360
361
17
1
3
361
362
14
0
1
361
362
22
0
2
361
362
3
0
3
361
362
17
1
1
361
362
3
1
2
361
362
17
1
3
362
363
13
0
0
362
363
22
0
1
362
363
22
0
2
362
363
13
0
3
362
363
2
1
1
362
363
17
1
2
362
363
17
1
3
363
364
13
0
0
363
364
13
0
1
363
364
21
0
2
363
364
21
0
3
363
364
2
1
0
363
364
2
1
1
363
364
16
1
2
363
364
16
1
3
364
365
13
0
0
364
365
21
0
1
364
365
13
0
2
364
365
2
0
3
364
365
2
1
0
364
365
21
1
1
364
365
16
1
2
364
365
16
1
3
365
366
13
0
0
365
366
21
0
1
365
366
12
0
2
365
366
1
0
3
365
366
2
1
0
365
366
21
1
1
365
366
16
1
2
365
366
16
1
3
366
367
12
0
0
366
367
21
0
1
366
367
21
0
2
366
367
12
0
3
366
367
1
1
0
366
367
16
1
1
366
367
1
1
2
366
367
16
1
3
367
368
12
0
0
367
368
21
0
1
367
368
21
0
2
367
368
1
0
3
367
368
12
1
0
367
368
1
1
1
367
368
16
1
2
367
368
16
1
3
368
369
12
0
0
368
369
21
0
1
368
369
21
0
2
368
369
12
0
3
368
369
1
1
0
368
369
16
1
1
368
369
1
1
2
368
369
16
1
3
369
370
11
0
0
369
370
20
0
1
369
370
20
0
2
369
370
0
0
3
369
370
11
1
0
369
370
16
1
1
369
370
0
1
2
369
370
16
1
3
370
371
11
0
0
370
371
20
0
1
370
371
11
0
2
370
371
20
0
3
370
371
16
1
0
370
371
0
1
1
370
371
0
1
2
370
371
16
1
3
371
372
11
0
0
371
372
11
0
1
371
372
16
0
2
371
372
0
0
3
371
372
20
1
0
371
372
20
1
1
371
372
0
1
2
371
372
16
1
3
372
373
14
0
0
372
373
12
0
1
372
373
20
0
2
372
373
10
0
3
372
373
16
1
0
372
373
2
1
1
372
373
0
1
2
372
373
7
1
3
373
374
13
0
0
373
374
10
0
1
373
374
21
0
2
373
374
19
0
3
373
374
0
1
0
373
374
2
1
1
373
374
8
1
2
373
374
5
1
3
374
375
11
0
0
374
375
9
0
1
374
375
19
0
2
374
375
1
0
3
374
375
21
1
0
374
375
6
1
1
374
375
15
1
2
374
375
4
1
3
375
376
12
0
0
375
376
20
0
1
375
376
9
0
2
375
376
18
0
3
375
376
3
1
0
375
376
1
1
1
375
376
14
1
2
375
376
7
1
3
376
377
9
0
0
376
377
14
0
1
376
377
11
0
2
376
377
20
0
3
376
377
3
1
0
376
377
18
1
1
376
377
0
1
2
376
377
6
1
3
377
378
11
0
0
377
378
8
0
1
377
378
18
0
2
377
378
20
0
3
377
378
3
1
0
377
378
14
1
1
377
378
0
1
2
377
378
6
1
3
378
379
9
0
0
378
379
20
0
1
378
379
4
0
2
378
379
15
0
3
378
379
23
1
0
378
379
18
1
1
378
379
1
1
2
378
379
6
1
3
379
380
23
0
0
379
380
19
0
1
379
380
19
0
2
379
380
23
0
3
379
380
5
1
0
379
380
0
1
1
379
380
0
1
2
379
380
5
1
3
380
381
23
0
0
380
381
19
0
1
380
381
0
0
3
380
381
23
1
0
380
381
19
1
1
380
381
0
1
2
380
381
5
1
3
381
382
23
0
0
381
382
23
0
1
381
382
5
0
2
381
382
19
0
3
381
382
0
1
0
381
382
19
1
1
381
382
0
1
2
381
382
5
1
3
382
383
23
0
0
382
383
23
0
1
382
383
4
0
2
382
383
18
0
3
382
383
18
1
0
382
383
15
1
1
382
383
15
1
2
382
383
4
1
3
383
384
23
0
0
383
384
18
0
1
383
384
4
0
2
383
384
23
0
3
383
384
18
1
0
383
384
15
1
1
383
384
15
1
2
383
384
4
1
3
384
385
23
0
0
384
385
23
0
1
384
385
18
0
2
384
385
15
0
3
384
385
15
1
0
384
385
18
1
1
384
385
4
1
2
384
385
4
1
3
385
386
23
0
0
385
386
23
0
1
385
386
18
0
2
385
386
15
0
3
385
386
18
1
0
385
386
15
1
1
385
386
4
1
2
385
386
4
1
3
386
387
23
0
0
386
387
18
0
1
386
387
18
0
2
386
387
23
0
3
386
387
3
1
0
386
387
14
1
1
386
387
14
1
2
386
387
3
1
3
387
388
22
0
0
387
388
17
0
1
387
388
22
0
2
387
388
17
0
3
387
388
3
1
0
387
388
14
1
1
387
388
14
1
2
387
388
3
1
3
388
389
22
0
0
388
389
17
0
1
388
389
22
0
2
388
389
14
0
3
388
389
14
1
0
388
389
17
1
1
388
389
3
1
2
388
389
3
1
3
389
390
22
0
0
389
390
17
0
1
389
390
17
0
2
389
390
22
0
3
389
390
2
1
0
389
390
13
1
1
389
390
13
1
2
389
390
2
1
3
390
391
22
0
0
390
391
17
0
1
390
391
22
0
2
390
391
13
0
3
390
391
2
1
0
390
391
17
1
1
390
391
13
1
2
390
391
2
1
3
391
392
21
0
0
391
392
21
0
1
391
392
16
0
2
391
392
13
0
3
391
392
13
1
0
391
392
2
1
1
391
392
2
1
2
391
392
16
1
3
392
393
21
0
0
392
393
21
0
1
392
393
12
0
2
392
393
12
0
3
392
393
16
1
0
392
393
16
1
1
392
393
1
1
2
392
393
1
1
3
393
394
21
0
0
393
394
21
0
1
393
394
16
0
2
393
394
12
0
3
393
394
16
1
0
393
394
1
1
1
393
394
12
1
2
393
394
1
1
3
394
395
21
0
0
394
395
21
0
1
394
395
16
0
2
394
395
16
0
3
394
395
1
1
0
394
395
12
1
1
394
395
12
1
2
394
395
1
1
3
395
396
20
0
0
395
396
20
0
1
395
396
16
0
2
395
396
11
0
3
395
396
11
1
0
395
396
16
1
1
395
396
0
1
2
395
396
0
1
3
396
397
20
0
0
396
397
11
0
1
396
397
16
0
2
396
397
20
0
3
396
397
16
1
0
396
397
11
1
1
396
397
0
1
2
396
397
0
1
3
397
398
20
0
0
397
398
8
0
1
397
398
2
0
2
397
398
11
0
3
397
398
0
1
0
397
398
16
1
1
397
398
13
1
2
398
399
2
0
0
398
399
10
0
1
398
399
20
0
2
398
399
8
0
3
398
399
13
1
0
398
399
16
1
1
398
399
15
1
2
399
400
20
0
0
399
400
10
0
1
399
400
2
0
2
399
400
16
0
3
399
400
7
1
0
399
400
13
1
1
399
400
15
1
2
400
401
20
0
0
400
401
9
0
1
400
401
6
0
2
400
401
1
0
3
400
401
4
1
0
400
401
14
1
1
400
401
12
1
2
401
402
0
0
0
401
402
6
0
1
401
402
3
0
2
401
402
19
0
3
401
402
9
1
0
401
402
11
1
1
401
402
14
1
2
402
403
19
0
0
402
403
0
0
1
402
403
3
0
2
402
403
9
0
3
402
403
6
1
0
402
403
11
1
1
402
403
14
1
2
403
404
0
0
0
403
404
19
0
1
403
404
9
0
2
403
404
11
0
3
403
404
3
1
0
403
404
6
1
1
403
404
14
1
2
404
405
19
0
0
404
405
23
1
0
405
406
19
0
0
405
406
8
0
1
405
406
1
0
2
405
406
23
0
3
405
406
6
1
0
405
406
3
1
1
405
406
14
1
2
406
407
19
0
0
406
407
14
0
1
406
407
3
0
2
406
407
1
0
3
406
407
8
1
0
406
407
6
1
1
406
407
23
1
2
407
408
0
0
0
407
408
2
0
1
407
408
5
0
2
407
408
13
0
3
407
408
19
1
0
407
408
7
1
1
407
408
23
1
2
408
409
18
0
0
408
409
0
0
1
408
409
8
0
2
408
409
13
0
3
408
409
2
1
0
408
409
5
1
1
408
409
23
1
2
409
410
0
0
0
409
410
18
0
1
409
410
19
0
2
409
410
15
0
3
409
410
5
1
0
409
410
23
1
1
409
410
23
1
2
409
410
3
1
3
410
411
18
0
0
410
411
15
0
1
410
411
15
0
2
410
411
18
0
3
410
411
23
1
0
410
411
4
1
1
410
411
23
1
2
410
411
4
1
3
411
412
15
0
0
411
412
18
0
1
411
412
15
0
2
411
412
18
0
3
411
412
4
1
0
411
412
23
1
1
411
412
23
1
2
411
412
4
1
3
412
413
18
0
1
412
413
14
0
2
412
413
3
0
3
412
413
23
1
3
413
414
14
0
0
413
414
17
0
1
413
414
14
0
2
413
414
22
0
3
413
414
17
1
0
413
414
22
1
1
413
414
3
1
2
413
414
3
1
3
414
415
14
0
0
414
415
14
0
1
414
415
17
0
2
414
415
22
0
3
414
415
17
1
0
414
415
3
1
1
414
415
22
1
2
414
415
3
1
3
415
416
13
0
0
415
416
17
0
1
415
416
13
0
2
415
416
17
0
3
415
416
2
1
0
415
416
22
1
1
415
416
22
1
2
415
416
2
1
3
416
417
16
0
0
416
417
13
0
1
416
417
13
0
2
416
417
21
0
3
416
417
16
1
0
416
417
21
1
1
416
417
2
1
2
416
417
2
1
3
417
418
13
0
0
417
418
16
0
1
417
418
16
0
2
417
418
13
0
3
417
418
21
1
0
417
418
2
1
1
417
418
21
1
2
417
418
2
1
3
418
419
12
0
0
418
419
16
0
1
418
419
12
0
2
418
419
16
0
3
418
419
1
1
0
418
419
21
1
1
418
419
21
1
2
418
419
1
1
3
419
420
12
0
0
419
420
16
0
1
419
420
16
0
2
419
420
12
0
3
419
420
21
1
0
419
420
21
1
1
419
420
1
1
2
419
420
1
1
3
420
421
12
0
0
420
421
16
0
1
420
421
12
0
2
420
421
21
0
3
420
421
16
1
0
420
421
1
1
1
420
421
21
1
2
420
421
1
1
3
421
422
11
0
0
421
422
16
0
1
421
422
11
0
2
421
422
20
0
3
421
422
16
1
0
421
422
0
1
1
421
422
20
1
2
421
422
0
1
3
422
423
11
0
0
422
423
16
0
1
422
423
16
0
2
422
423
11
0
3
422
423
20
1
0
422
423
0
1
1
422
423
20
1
2
422
423
0
1
3
423
424
11
0
0
423
424
11
0
1
423
424
16
0
2
423
424
0
0
3
423
424
16
1
0
423
424
20
1
1
423
424
20
1
2
423
424
0
1
3
424
425
12
0
0
424
425
10
0
1
424
425
7
0
2
424
425
20
0
3
424
425
16
1
0
424
425
2
1
1
424
425
0
1
2
424
425
14
1
3
425
426
9
0
0
425
426
4
0
1
425
426
7
0
2
425
426
12
0
3
425
426
1
1
0
425
426
19
1
1
425
426
21
1
2
425
426
15
1
3
426
427
8
0
0
426
427
10
0
1
426
427
12
0
2
426
427
5
0
3
426
427
0
1
0
426
427
3
1
1
426
427
19
1
2
426
427
14
1
3
427
428
11
0
0
427
428
8
0
1
427
428
2
0
2
427
428
18
0
3
427
428
6
1
0
427
428
20
1
1
427
428
0
1
2
427
428
13
1
3
428
429
11
0
0
428
429
8
0
1
428
429
3
0
2
428
429
0
0
3
428
429
6
1
0
428
429
18
1
1
428
429
20
1
2
428
429
14
1
3
429
430
23
0
0
429
430
6
0
1
429
430
8
0
2
429
430
18
0
3
429
430
14
1
0
429
430
3
1
1
429
430
20
1
2
429
430
1
1
3
430
431
6
0
0
430
431
23
0
1
430
431
6
0
2
430
431
23
0
3
430
431
19
1
0
430
431
19
1
1
430
431
1
1
2
430
431
1
1
3
431
432
23
0
0
431
432
23
0
1
431
432
5
0
2
431
432
19
0
3
431
432
5
1
0
431
432
0
1
1
431
432
19
1
2
431
432
0
1
3
432
433
23
0
0
432
433
5
0
1
432
433
5
0
2
432
433
23
0
3
432
433
19
1
0
432
433
19
1
1
432
433
0
1
2
432
433
0
1
3
433
434
23
0
0
433
434
23
0
1
433
434
5
0
2
433
434
5
0
3
433
434
19
1
0
433
434
19
1
1
433
434
0
1
2
433
434
0
1
3
434
435
5
0
0
434
435
23
0
1
434
435
0
0
2
434
435
23
0
3
434
435
4
1
0
434
435
19
1
1
434
435
18
1
2
434
435
15
1
3
435
436
23
0
0
435
436
4
0
1
435
436
4
0
2
435
436
23
0
3
435
436
18
1
0
435
436
18
1
1
435
436
15
1
2
435
436
15
1
3
436
437
23
0
0
436
437
4
0
1
436
437
23
0
2
436
437
18
0
3
436
437
4
1
0
436
437
15
1
1
436
437
18
1
2
436
437
15
1
3
437
438
4
0
0
437
438
23
0
1
437
438
23
0
2
437
438
4
0
3
437
438
15
1
0
437
438
18
1
1
437
438
18
1
2
437
438
15
1
3
438
439
23
0
0
438
439
3
0
1
438
439
23
0
2
438
439
18
0
3
438
439
3
1
0
438
439
14
1
1
438
439
18
1
2
438
439
14
1
3
439
440
22
0
0
439
440
3
0
1
439
440
3
0
2
439
440
22
0
3
439
440
17
1
0
439
440
14
1
1
439
440
17
1
2
439
440
14
1
3
440
441
22
0
0
440
441
3
0
1
440
441
22
0
2
440
441
17
0
3
440
441
3
1
0
440
441
17
1
1
440
441
14
1
2
440
441
14
1
3
441
442
22
0
0
441
442
3
0
1
441
442
22
0
2
441
442
3
0
3
441
442
17
1
0
441
442
14
1
1
441
442
17
1
2
441
442
14
1
3
442
443
22
0
0
442
443
2
0
1
442
443
22
0
2
442
443
2
0
3
442
443
17
1
0
442
443
13
1
1
442
443
17
1
2
442
443
13
1
3
443
444
21
0
0
443
444
2
0
1
443
444
21
0
2
443
444
16
0
3
443
444
2
1
0
443
444
16
1
1
443
444
13
1
2
443
444
13
1
3
444
445
21
0
0
444
445
21
0
1
444
445
2
0
2
444
445
2
0
3
444
445
16
1
0
444
445
16
1
1
444
445
13
1
2
444
445
13
1
3
445
446
21
0
0
445
446
21
0
1
445
446
1
0
2
445
446
16
0
3
445
446
16
1
0
445
446
1
1
1
445
446
12
1
2
445
446
12
1
3
446
447
21
0
0
446
447
1
0
1
446
447
21
0
2
446
447
16
0
3
446
447
1
1
0
446
447
16
1
1
446
447
12
1
2
446
447
12
1
3
447
448
20
0
1
447
448
1
0
3
447
448
16
1
0
447
448
16
1
2
448
449
20
0
0
448
449
0
0
1
448
449
20
0
2
448
449
0
0
3
448
449
16
1
0
448
449
16
1
1
448
449
11
1
2
448
449
11
1
3
449
450
16
0
0
449
450
0
0
1
449
450
20
0
2
449
450
20
0
3
449
450
11
1
0
449
450
0
1
1
449
450
16
1
2
449
450
11
1
3
450
451
16
0
0
450
451
20
0
1
450
451
20
0
2
450
451
0
0
3
450
451
0
1
0
450
451
16
1
1
450
451
11
1
2
450
451
11
1
3
451
452
3
0
0
451
452
0
0
1
451
452
12
0
2
451
452
20
0
3
451
452
10
1
0
451
452
8
1
1
451
452
16
1
2
451
452
14
1
3
452
453
4
0
0
452
453
19
0
1
452
453
15
0
2
452
453
1
0
3
452
453
7
1
0
452
453
12
1
1
452
453
21
1
2
452
453
9
1
3
453
454
5
0
0
453
454
0
0
1
453
454
3
0
2
453
454
19
0
3
453
454
10
1
0
453
454
8
1
1
453
454
14
1
2
453
454
21
1
3
454
455
19
0
0
454
455
4
0
1
454
455
21
0
2
454
455
1
0
3
454
455
11
1
0
454
455
15
1
1
454
455
6
1
2
454
455
9
1
3
455
456
18
0
0
455
456
1
0
1
455
456
12
0
2
455
456
4
0
3
455
456
9
1
0
455
456
15
1
1
455
456
7
1
2
455
456
20
1
3
456
457
15
0
0
456
457
18
0
1
456
457
1
0
2
456
457
4
0
3
456
457
9
1
0
456
457
20
1
1
456
457
6
1
2
456
457
23
1
3
457
458
3
0
0
457
458
1
0
1
457
458
18
0
2
457
458
8
0
3
457
458
14
1
0
457
458
6
1
1
457
458
23
1
2
457
458
20
1
3
458
459
0
0
0
458
459
0
0
1
458
459
23
0
2
458
459
5
0
3
458
459
19
1
0
458
459
19
1
1
458
459
5
1
2
458
459
23
1
3
459
460
0
0
0
459
460
0
0
1
459
460
23
0
2
459
460
5
0
3
459
460
19
1
0
459
460
5
1
1
459
460
19
1
2
459
460
23
1
3
460
461
18
0
0
460
461
15
0
1
460
461
0
0
2
460
461
4
0
3
460
461
23
1
0
460
461
19
1
1
460
461
5
1
2
460
461
23
1
3
461
462
15
0
0
461
462
15
0
1
461
462
23
0
2
461
462
4
0
3
461
462
23
1
0
461
462
18
1
1
461
462
4
1
2
461
462
18
1
3
462
463
15
0
0
462
463
15
0
1
462
463
23
0
2
462
463
4
0
3
462
463
4
1
0
462
463
23
1
1
462
463
18
1
3
463
464
15
0
0
463
464
15
0
1
463
464
23
0
2
463
464
4
0
3
463
464
23
1
0
463
464
4
1
1
463
464
18
1
2
463
464
18
1
3
464
465
14
0
0
464
465
14
0
1
464
465
23
0
2
464
465
23
0
3
464
465
3
1
0
464
465
3
1
1
464
465
18
1
2
464
465
18
1
3
465
466
14
0
0
465
466
14
0
1
465
466
22
0
2
465
466
3
0
3
465
466
22
1
0
465
466
3
1
1
465
466
17
1
2
465
466
17
1
3
466
467
14
0
0
466
467
14
0
1
466
467
3
0
2
466
467
3
0
3
466
467
22
1
0
466
467
17
1
1
466
467
22
1
2
466
467
17
1
3
467
468
13
0
0
467
468
3
0
1
467
468
22
0
2
467
468
16
0
3
467
468
14
1
0
467
468
21
1
1
467
468
2
1
2
467
468
17
1
3
468
469
13
0
0
468
469
2
0
1
468
469
13
0
2
468
469
16
0
3
468
469
2
1
0
468
469
21
1
1
468
469
16
1
2
468
469
21
1
3
469
470
13
0
0
469
470
13
0
1
469
470
21
0
2
469
470
16
0
3
469
470
2
1
0
469
470
16
1
1
469
470
2
1
2
469
470
21
1
3
470
471
12
0
0
470
471
1
0
1
470
471
21
0
2
470
471
16
0
3
470
471
1
1
0
470
471
12
1
1
470
471
16
1
2
470
471
21
1
3
471
472
12
0
0
471
472
1
0
1
471
472
12
0
2
471
472
16
0
3
471
472
1
1
0
471
472
21
1
1
471
472
16
1
2
471
472
21
1
3
472
473
12
0
0
472
473
12
0
1
472
473
1
0
2
472
473
21
0
3
472
473
1
1
0
472
473
16
1
1
472
473
16
1
2
472
473
21
1
3
473
474
12
0
0
473
474
1
0
1
473
474
12
0
2
473
474
21
0
3
473
474
1
1
0
473
474
21
1
1
473
474
16
1
2
473
474
16
1
3
474
475
11
0
0
474
475
0
0
1
474
475
0
0
2
474
475
16
0
3
474
475
16
1
0
474
475
11
1
1
474
475
20
1
2
474
475
20
1
3
475
476
11
0
0
475
476
11
0
1
475
476
0
0
2
475
476
20
0
3
475
476
0
1
0
475
476
16
1
1
475
476
16
1
2
475
476
20
1
3
476
477
11
0
0
476
477
0
0
1
476
477
0
0
2
476
477
11
0
3
476
477
20
1
0
476
477
16
1
1
476
477
20
1
2
476
477
16
1
3
477
478
13
0
0
477
478
0
0
1
477
478
10
0
2
477
478
16
0
3
477
478
8
1
0
477
478
19
1
1
477
478
2
1
2
477
478
21
1
3
478
479
12
0
0
478
479
15
0
1
478
479
10
0
2
478
479
16
0
3
478
479
1
1
0
478
479
7
1
1
478
479
19
1
2
478
479
21
1
3
479
480
13
0
0
479
480
10
0
1
479
480
19
0
2
479
480
0
0
3
479
480
21
1
0
479
480
2
1
1
479
480
5
1
2
479
480
8
1
3
480
481
10
0
0
480
481
0
0
1
480
481
14
0
2
480
481
12
0
3
480
481
3
1
0
480
481
5
1
1
480
481
19
1
2
480
481
8
1
3
481
482
9
0
0
481
482
18
0
2
481
482
4
1
1
481
482
20
1
3
482
483
8
0
0
482
483
11
0
1
482
483
0
0
2
482
483
14
0
3
482
483
20
1
0
482
483
3
1
1
482
483
18
1
2
482
483
6
1
3
483
484
23
0
0
483
484
14
0
1
483
484
8
0
2
483
484
20
0
3
483
484
3
1
0
483
484
1
1
1
483
484
18
1
2
483
484
6
1
3
484
485
23
0
0
484
485
23
0
1
484
485
19
0
2
484
485
19
0
3
484
485
6
1
0
484
485
1
1
1
484
485
1
1
2
484
485
6
1
3
485
486
23
0
0
485
486
23
0
1
485
486
0
0
2
485
486
5
0
3
485
486
0
1
0
485
486
19
1
1
485
486
19
1
2
485
486
5
1
3
486
487
23
0
0
486
487
23
0
1
486
487
19
0
2
486
487
0
0
3
486
487
0
1
0
486
487
5
1
1
486
487
5
1
2
486
487
19
1
3
487
488
23
0
0
487
488
23
0
1
487
488
19
0
2
487
488
0
0
3
487
488
5
1
0
487
488
5
1
1
487
488
0
1
2
487
488
19
1
3
488
489
23
0
0
488
489
15
0
1
488
489
23
0
2
488
489
4
0
3
488
489
0
1
0
488
489
5
1
1
488
489
18
1
2
488
489
19
1
3
489
490
23
0
0
489
490
23
0
1
489
490
18
0
2
489
490
15
0
3
489
490
15
1
0
489
490
4
1
1
489
490
4
1
2
489
490
18
1
3
490
491
23
0
0
490
491
23
0
2
490
491
18
1
0
490
491
15
1
1
490
491
4
1
2
490
491
18
1
3
491
492
23
0
0
491
492
23
0
1
491
492
18
0
2
491
492
15
0
3
491
492
4
1
0
491
492
4
1
1
491
492
15
1
2
491
492
18
1
3
492
493
23
0
0
492
493
14
0
1
492
493
18
0
2
492
493
23
0
3
492
493
14
1
0
492
493
3
1
1
492
493
3
1
2
492
493
18
1
3
493
494
22
0
1
493
494
3
1
2
493
494
17
1
3
494
495
22
0
0
494
495
14
0
1
494
495
14
0
2
494
495
22
0
3
494
495
17
1
0
494
495
3
1
1
494
495
3
1
2
494
495
17
1
3
495
496
22
0
0
495
496
13
0
1
495
496
22
0
2
495
496
13
0
3
495
496
2
1
0
495
496
2
1
1
495
496
17
1
2
495
496
17
1
3
496
497
21
0
0
496
497
21
0
1
496
497
13
0
2
496
497
13
0
3
496
497
2
1
0
496
497
16
1
1
496
497
2
1
2
496
497
16
1
3
497
498
21
0
0
497
498
13
0
1
497
498
16
0
2
497
498
13
0
3
497
498
21
1
0
497
498
2
1
1
497
498
2
1
2
497
498
16
1
3
498
499
21
0
0
498
499
13
0
1
498
499
16
0
2
498
499
21
0
3
498
499
13
1
0
498
499
2
1
1
498
499
2
1
2
498
499
16
1
3
499
500
21
0
0
499
500
12
0
1
499
500
12
0
2
499
500
21
0
3
499
500
1
1
0
499
500
1
1
1
499
500
16
1
2
499
500
16
1
3
500
501
21
0
0
500
501
21
0
1
500
501
16
0
2
500
501
12
0
3
500
501
12
1
0
500
501
1
1
1
500
501
1
1
2
500
501
16
1
3
501
502
21
0
0
501
502
12
0
1
501
502
16
0
2
501
502
21
0
3
501
502
12
1
0
501
502
1
1
1
501
502
1
1
2
501
502
16
1
3
502
503
1
0
0
502
503
12
0
1
502
503
12
0
2
502
503
21
0
3
502
503
21
1
0
502
503
1
1
1
502
503
16
1
2
502
503
16
1
3
503
504
20
0
0
503
504
11
0
1
503
504
11
0
2
503
504
16
0
3
503
504
20
1
0
503
504
0
1
1
503
504
0
1
2
503
504
16
1
3
504
505
20
0
0
504
505
11
0
1
504
505
11
0
2
504
505
20
0
3
504
505
16
1
0
504
505
0
1
1
504
505
0
1
2
504
505
16
1
3
505
506
20
0
0
505
506
20
0
1
505
506
16
0
2
505
506
11
0
3
505
506
11
1
0
505
506
0
1
1
505
506
0
1
2
505
506
16
1
3
506
507
0
0
0
506
507
21
0
1
506
507
2
0
2
506
507
10
0
3
506
507
19
1
0
506
507
13
1
1
506
507
8
1
2
506
507
16
1
3
507
508
21
0
0
507
508
0
0
1
507
508
13
0
2
507
508
2
0
3
507
508
19
1
0
507
508
10
1
1
507
508
5
1
2
507
508
8
1
3
508
509
21
0
0
508
509
2
0
1
508
509
12
0
2
508
509
15
0
3
508
509
19
1
0
508
509
7
1
1
508
509
9
1
2
508
509
4
1
3
509
510
15
0
0
509
510
1
0
1
509
510
21
0
2
509
510
19
0
3
509
510
11
1
0
509
510
9
1
1
509
510
4
1
2
509
510
6
1
3
510
511
1
0
0
510
511
12
0
1
510
511
9
0
2
510
511
20
0
3
510
511
18
1
0
510
511
4
1
1
510
511
15
1
2
510
511
7
1
3
511
512
20
0
0
511
512
12
0
1
511
512
1
0
2
511
512
9
0
3
511
512
18
1
0
511
512
7
1
1
511
512
15
1
2
511
512
4
1
3
512
513
3
0
0
512
513
1
0
1
512
513
20
0
2
512
513
18
0
3
512
513
23
1
0
512
513
6
1
1
512
513
14
1
2
512
513
8
1
3
513
514
1
0
0
513
514
23
0
1
513
514
19
0
2
513
514
1
0
3
513
514
19
1
0
513
514
23
1
1
513
514
6
1
2
513
514
6
1
3
514
515
0
0
0
514
515
19
0
1
514
515
0
0
2
514
515
19
0
3
514
515
5
1
0
514
515
23
1
1
514
515
23
1
2
514
515
5
1
3
515
516
0
0
0
515
516
0
0
1
515
516
19
0
2
515
516
23
0
3
515
516
19
1
0
515
516
23
1
1
515
516
5
1
2
515
516
5
1
3
516
517
18
0
0
516
517
19
0
1
516
517
15
0
2
516
517
0
0
3
516
517
23
1
0
516
517
4
1
1
516
517
23
1
2
516
517
5
1
3
517
518
15
0
0
517
518
18
0
1
517
518
18
0
2
517
518
15
0
3
517
518
4
1
0
517
518
23
1
1
517
518
23
1
2
517
518
4
1
3
518
519
15
0
0
518
519
15
0
1
518
519
18
0
2
518
519
23
0
3
518
519
18
1
0
518
519
23
1
1
518
519
4
1
2
518
519
4
1
3
519
520
15
0
0
519
520
15
0
1
519
520
18
0
2
519
520
4
0
3
519
520
23
1
0
519
520
18
1
1
519
520
23
1
2
519
520
4
1
3
520
521
17
0
0
520
521
14
0
1
520
521
15
0
2
520
521
22
0
3
520
521
23
1
0
520
521
18
1
1
520
521
4
1
2
520
521
3
1
3
521
522
14
0
0
521
522
18
0
1
521
522
14
0
2
521
522
23
0
3
521
522
3
1
0
521
522
18
1
1
521
522
23
1
2
521
522
3
1
3
522
523
14
0
0
522
523
17
0
1
522
523
14
0
2
522
523
3
0
3
522
523
22
1
0
522
523
17
1
1
522
523
22
1
2
522
523
3
1
3
523
524
14
0
0
523
524
17
0
1
523
524
3
0
2
523
524
14
0
3
523
524
22
1
0
523
524
17
1
1
523
524
22
1
2
523
524
3
1
3
524
525
13
0
0
524
525
17
0
1
524
525
13
0
2
524
525
22
0
3
524
525
22
1
0
524
525
17
1
1
524
525
2
1
2
524
525
2
1
3
525
526
13
0
0
525
526
16
0
1
525
526
16
0
2
525
526
13
0
3
525
526
2
1
2
525
526
2
1
3
526
527
13
0
0
526
527
13
0
1
526
527
16
0
2
526
527
16
0
3
526
527
21
1
0
526
527
2
1
1
526
527
21
1
2
526
527
2
1
3
527
528
12
0
0
527
528
12
0
1
527
528
16
0
2
527
528
16
0
3
527
528
1
1
0
527
528
21
1
1
527
528
21
1
2
527
528
1
1
3
528
529
12
0
0
528
529
16
0
1
528
529
12
0
2
528
529
21
0
3
528
529
16
1
0
528
529
21
1
1
528
529
1
1
2
528
529
1
1
3
529
530
12
0
0
529
530
16
0
1
529
530
12
0
2
529
530
21
0
3
529
530
1
1
0
529
530
16
1
1
529
530
21
1
2
529
530
1
1
3
530
531
11
0
0
530
531
16
0
1
530
531
12
0
2
530
531
21
0
3
530
531
16
1
0
530
531
0
1
1
530
531
20
1
2
530
531
1
1
3
531
532
11
0
0
531
532
11
0
1
531
532
16
0
2
531
532
16
0
3
531
532
20
1
0
531
532
20
1
1
531
532
0
1
2
531
532
0
1
3
532
533
11
0
0
532
533
11
0
1
532
533
16
0
2
532
533
20
0
3
532
533
16
1
0
532
533
20
1
1
532
533
0
1
2
532
533
0
1
3
533
534
11
0
0
533
534
16
0
1
533
534
16
0
2
533
534
20
0
3
533
534
11
1
0
533
534
0
1
1
533
534
20
1
2
533
534
0
1
3
534
535
10
0
0
534
535
16
0
1
534
535
10
0
2
534
535
15
0
3
534
535
16
1
0
534
535
20
1
1
534
535
20
1
2
534
535
15
1
3
535
536
10
0
0
535
536
19
0
1
535
536
13
0
2
535
536
8
0
3
535
536
0
1
0
535
536
16
1
1
535
536
21
1
2
535
536
2
1
3
536
537
13
0
0
536
537
8
0
1
536
537
10
0
2
536
537
5
0
3
536
537
21
1
0
536
537
19
1
1
536
537
2
1
2
536
537
0
1
3
537
538
9
0
0
537
538
19
0
1
537
538
1
0
2
537
538
7
0
3
537
538
21
1
0
537
538
12
1
1
537
538
4
1
2
537
538
15
1
3
538
539
12
0
0
538
539
8
0
1
538
539
10
0
2
538
539
14
0
3
538
539
5
1
0
538
539
19
1
1
538
539
3
1
2
538
539
0
1
3
539
540
8
0
0
539
540
11
0
1
539
540
6
0
2
539
540
0
0
3
539
540
18
1
0
539
540
13
1
1
539
540
20
1
2
539
540
2
1
3
540
541
12
0
0
540
541
18
0
1
540
541
4
0
2
540
541
9
0
3
540
541
7
1
0
540
541
20
1
1
540
541
1
1
2
540
541
15
1
3
541
542
23
0
0
541
542
18
0
1
541
542
20
0
2
541
542
6
0
3
541
542
8
1
0
541
542
14
1
1
541
542
3
1
2
541
542
1
1
3
542
543
23
0
0
542
543
8
0
1
542
543
20
0
2
542
543
14
0
3
542
543
5
1
0
542
543
0
1
1
542
543
18
1
2
542
543
3
1
3
543
544
23
0
0
543
544
23
0
1
543
544
5
0
2
543
544
19
0
3
543
544
19
1
0
543
544
5
1
1
543
544
0
1
2
543
544
0
1
3
544
545
23
0
0
544
545
19
0
1
544
545
5
0
2
544
545
23
0
3
544
545
5
1
0
544
545
19
1
1
544
545
0
1
2
544
545
0
1
3
545
546
23
0
0
545
546
23
0
2
545
546
19
0
3
545
546
19
1
0
545
546
5
1
1
545
546
0
1
2
545
546
0
1
3
546
547
23
0
0
546
547
18
0
1
546
547
4
0
2
546
547
23
0
3
546
547
4
1
0
546
547
18
1
1
546
547
15
1
2
546
547
15
1
3
547
548
23
0
0
547
548
23
0
1
547
548
18
0
2
547
548
4
0
3
547
548
18
1
0
547
548
4
1
1
547
548
15
1
2
547
548
15
1
3
548
549
23
0
0
548
549
23
0
1
548
549
4
0
2
548
549
18
0
3
548
549
18
1
0
548
549
4
1
1
548
549
15
1
2
549
550
23
0
0
549
550
23
0
1
549
550
14
0
3
549
550
18
1
0
549
550
3
1
1
549
550
14
1
3
550
551
23
0
0
550
551
18
0
1
550
551
23
0
2
550
551
18
0
3
550
551
3
1
0
550
551
3
1
1
550
551
14
1
2
550
551
14
1
3
551
552
22
0
0
551
552
22
0
1
551
552
17
0
2
551
552
17
0
3
551
552
3
1
0
551
552
3
1
1
551
552
14
1
2
551
552
14
1
3
552
553
22
0
0
552
553
17
0
1
552
553
22
0
2
552
553
17
0
3
552
553
3
1
0
552
553
3
1
1
552
553
14
1
2
552
553
14
1
3
553
554
22
0
0
553
554
22
0
3
553
554
17
1
0
553
554
13
1
1
553
554
2
1
2
553
554
13
1
3
554
555
21
0
0
554
555
16
0
1
554
555
2
0
2
554
555
21
0
3
554
555
16
1
0
554
555
13
1
1
554
555
2
1
2
554
555
13
1
3
555
556
21
0
0
555
556
16
0
1
555
556
16
0
2
555
556
21
0
3
555
556
13
1
0
555
556
13
1
1
555
556
2
1
2
555
556
2
1
3
556
557
21
0
0
556
557
21
0
1
556
557
16
0
2
556
557
16
0
3
556
557
12
1
0
556
557
12
1
1
556
557
1
1
2
556
557
1
1
3
557
558
21
0
0
557
558
21
0
1
557
558
16
0
2
557
558
16
0
3
557
558
1
1
0
557
558
12
1
1
557
558
12
1
2
557
558
1
1
3
558
559
21
0
0
558
559
21
0
1
558
559
16
0
2
558
559
12
0
3
558
559
16
1
0
558
559
12
1
1
558
559
1
1
2
558
559
1
1
3
559
560
21
0
0
559
560
16
0
1
559
560
20
0
2
559
560
11
0
3
559
560
16
1
0
559
560
12
1
1
559
560
1
1
2
559
560
0
1
3
560
561
20
0
0
560
561
16
0
1
560
561
20
0
2
560
561
0
0
3
560
561
16
1
0
560
561
11
1
1
560
561
11
1
2
560
561
0
1
3
561
562
20
0
0
561
562
16
0
1
561
562
16
0
2
561
562
20
0
3
561
562
0
1
0
561
562
11
1
1
561
562
11
1
2
561
562
0
1
3
562
563
16
0
0
562
563
16
0
1
562
563
20
0
2
562
563
20
0
3
562
563
11
1
0
562
563
0
1
1
562
563
11
1
2
562
563
0
1
3
563
564
2
0
0
563
564
8
0
1
563
564
19
0
2
563
564
21
0
3
563
564
16
1
0
563
564
10
1
1
563
564
0
1
2
563
564
13
1
3
564
565
19
0
0
564
565
16
0
1
564
565
21
0
2
564
565
2
0
3
564
565
13
1
1
564
565
10
1
2
564
565
15
1
3
565
566
5
0
0
565
566
19
0
1
565
566
0
0
2
565
566
2
0
3
565
566
21
1
0
565
566
10
1
1
565
566
8
1
2
565
566
13
1
3
566
567
1
0
0
566
567
6
0
1
566
567
4
0
2
566
567
19
0
3
566
567
11
1
0
566
567
21
1
1
566
567
9
1
2
566
567
15
1
3
567
568
2
0
0
567
568
4
0
1
567
568
19
0
2
567
568
13
0
3
567
568
9
1
0
567
568
15
1
1
567
568
7
1
2
567
568
11
1
3
568
569
18
0
0
568
569
4
0
1
568
569
12
0
2
568
569
1
0
3
568
569
20
1
0
568
569
9
1
1
568
569
7
1
2
568
569
15
1
3
569
570
4
0
0
569
570
18
0
1
569
570
1
0
2
569
570
20
0
3
569
570
6
1
0
569
570
15
1
1
569
570
9
1
2
569
570
23
1
3
570
571
1
0
0
570
571
19
0
1
570
571
6
0
2
570
571
1
0
3
570
571
6
1
0
570
571
19
1
1
570
571
23
1
2
570
571
23
1
3
571
572
0
0
0
571
572
0
0
1
571
572
23
0
2
571
572
5
0
3
571
572
5
1
0
571
572
19
1
1
571
572
19
1
2
571
572
23
1
3
572
573
19
0
0
572
573
0
0
1
572
573
5
0
2
572
573
0
0
3
572
573
5
1
0
572
573
23
1
1
572
573
19
1
2
572
573
23
1
3
573
574
18
0
0
573
574
15
0
1
573
574
5
0
2
573
574
0
0
3
573
574
4
1
0
573
574
23
1
1
573
574
19
1
2
573
574
23
1
3
574
575
15
0
0
574
575
18
0
1
574
575
15
0
2
574
575
4
0
3
574
575
4
1
0
574
575
23
1
1
574
575
18
1
2
574
575
23
1
3
575
576
15
0
0
575
576
15
0
1
575
576
23
0
2
575
576
4
0
3
575
576
4
1
0
575
576
18
1
1
575
576
18
1
2
575
576
23
1
3
576
577
15
0
0
576
577
4
0
1
576
577
15
0
2
576
577
4
0
3
576
577
18
1
0
576
577
18
1
1
576
577
23
1
2
576
577
23
1
3
577
578
15
0
0
577
578
4
0
1
577
578
3
0
2
577
578
14
0
3
577
578
23
1
0
577
578
17
1
1
577
578
18
1
2
577
578
22
1
3
578
579
14
0
0
578
579
14
0
1
578
579
3
0
2
578
579
3
0
3
578
579
18
1
0
578
579
18
1
1
578
579
23
1
2
578
579
23
1
3
579
580
14
0
0
579
580
14
0
1
579
580
17
0
2
579
580
3
0
3
579
580
3
1
0
579
580
17
1
1
579
580
22
1
2
579
580
22
1
3
580
581
14
0
0
580
581
14
0
1
580
581
22
0
2
580
581
3
0
3
580
581
3
1
0
580
581
17
1
1
580
581
17
1
2
580
581
22
1
3
581
582
13
0
0
581
582
14
0
1
581
582
16
0
2
581
582
3
0
3
581
582
2
1
0
581
582
17
1
1
581
582
21
1
2
581
582
22
1
3
582
583
13
0
0
582
583
13
0
1
582
583
22
0
2
582
583
2
0
3
582
583
2
1
0
582
583
17
1
1
582
583
17
1
2
582
583
22
1
3
583
584
16
0
0
583
584
2
0
1
583
584
13
0
2
583
584
13
0
3
583
584
2
1
0
583
584
21
1
1
583
584
16
1
2
583
584
21
1
3
584
585
16
0
0
584
585
2
0
1
584
585
13
0
2
584
585
13
0
3
584
585
2
1
0
584
585
21
1
1
584
585
16
1
2
584
585
21
1
3
585
586
12
0
0
585
586
1
0
1
585
586
12
0
2
585
586
16
0
3
585
586
16
1
0
585
586
1
1
1
585
586
21
1
2
585
586
21
1
3
586
587
12
0
0
586
587
1
0
1
586
587
12
0
2
586
587
1
0
3
586
587
16
1
0
586
587
21
1
1
586
587
16
1
2
586
587
21
1
3
587
588
12
0
0
587
588
12
0
1
587
588
21
0
2
587
588
1
0
3
587
588
1
1
0
587
588
16
1
1
587
588
16
1
2
587
588
21
1
3
588
589
11
0
0
588
589
11
0
1
588
589
0
0
2
588
589
20
0
3
588
589
16
1
0
588
589
0
1
1
588
589
16
1
2
588
589
20
1
3
589
590
11
0
0
589
590
0
0
1
589
590
11
0
2
589
590
16
0
3
589
590
20
1
0
589
590
16
1
2
589
590
20
1
3
590
591
10
0
0
590
591
0
0
1
590
591
21
0
2
590
591
2
0
3
590
591
16
1
0
590
591
13
1
1
590
591
8
1
2
590
591
19
1
3
591
592
12
0
0
591
592
9
0
1
591
592
15
0
2
591
592
1
0
3
591
592
7
1
0
591
592
4
1
1
591
592
21
1
2
591
592
19
1
3
592
593
9
0
0
592
593
11
0
1
592
593
1
0
2
592
593
15
0
3
592
593
19
1
0
592
593
4
1
1
592
593
6
1
2
592
593
21
1
3
593
594
8
0
0
593
594
11
0
1
593
594
13
0
2
593
594
2
0
3
593
594
18
1
0
593
594
0
1
1
593
594
6
1
2
593
594
20
1
3
594
595
11
0
0
594
595
9
0
1
594
595
14
0
2
594
595
3
0
3
594
595
0
1
0
594
595
18
1
1
594
595
6
1
2
594
595
20
1
3
595
596
9
0
0
595
596
23
0
1
595
596
7
0
2
595
596
2
0
3
595
596
13
1
0
595
596
0
1
1
595
596
4
1
2
595
596
19
1
3
596
597
23
0
0
596
597
1
0
1
596
597
8
0
2
596
597
3
0
3
596
597
14
1
0
596
597
20
1
1
596
597
6
1
2
596
597
18
1
3
597
598
23
0
0
597
598
23
0
1
597
598
19
0
2
597
598
5
0
3
597
598
0
1
0
597
598
0
1
1
597
598
5
1
2
597
598
19
1
3
598
599
23
0
0
598
599
23
0
1
598
599
19
0
2
598
599
0
0
3
598
599
0
1
0
598
599
5
1
1
598
599
5
1
2
598
599
19
1
3
599
600
23
0
0
599
600
0
0
1
599
600
19
0
2
599
600
23
0
3
599
600
0
1
0
599
600
5
1
1
599
600
5
1
2
599
600
19
1
3
600
601
23
0
0
600
601
0
0
1
600
601
23
0
2
600
601
0
0
3
600
601
19
1
0
600
601
5
1
1
600
601
5
1
2
600
601
19
1
3
601
602
23
0
0
601
602
15
0
1
601
602
15
0
2
601
602
23
0
3
601
602
18
1
0
601
602
4
1
1
601
602
4
1
2
601
602
18
1
3
602
603
4
0
0
602
603
15
0
1
602
603
23
0
2
602
603
23
0
3
602
603
18
1
0
602
603
15
1
1
602
603
4
1
2
602
603
18
1
3
603
604
23
0
0
603
604
23
0
1
603
604
15
0
2
603
604
4
0
3
603
604
4
1
0
603
604
15
1
1
603
604
18
1
2
603
604
18
1
3
604
605
23
0
0
604
605
4
0
1
604
605
23
0
2
604
605
15
0
3
604
605
4
1
0
604
605
15
1
1
604
605
18
1
2
604
605
18
1
3
605
606
23
0
0
605
606
23
0
1
605
606
14
0
2
605
606
14
0
3
605
606
18
1
0
605
606
3
1
1
605
606
3
1
2
605
606
18
1
3
606
607
22
0
0
606
607
14
0
3
606
607
17
1
1
606
607
17
1
3
607
608
3
0
0
607
608
22
0
1
607
608
22
0
2
607
608
3
0
3
607
608
14
1
0
607
608
14
1
1
607
608
17
1
2
607
608
17
1
3
608
609
22
0
0
608
609
2
0
1
608
609
2
0
2
608
609
22
0
3
608
609
17
1
0
608
609
13
1
1
608
609
13
1
2
608
609
17
1
3
609
610
22
0
0
609
610
2
0
1
609
610
22
0
2
609
610
13
0
3
609
610
17
1
0
609
610
13
1
1
609
610
2
1
2
609
610
17
1
3
610
611
21
0
0
610
611
2
0
1
610
611
21
0
2
610
611
13
0
3
610
611
13
1
0
610
611
16
1
1
610
611
2
1
2
610
611
16
1
3
611
612
21
0
0
611
612
21
0
1
611
612
1
0
2
611
612
1
0
3
611
612
16
1
0
611
612
16
1
1
611
612
12
1
2
611
612
12
1
3
612
613
21
0
0
612
613
1
0
1
612
613
21
0
2
612
613
1
0
3
612
613
12
1
0
612
613
12
1
1
612
613
16
1
2
612
613
16
1
3
613
614
1
0
0
613
614
1
0
1
613
614
12
0
2
613
614
21
0
3
613
614
12
1
0
613
614
21
1
1
613
614
16
1
2
613
614
16
1
3
614
615
1
0
0
614
615
1
0
1
614
615
21
0
2
614
615
12
0
3
614
615
16
1
0
614
615
21
1
1
614
615
12
1
2
614
615
16
1
3
615
616
20
0
0
615
616
0
0
1
615
616
0
0
2
615
616
20
0
3
615
616
16
1
0
615
616
11
1
1
615
616
16
1
2
615
616
11
1
3
616
617
20
0
1
616
617
0
0
3
616
617
16
1
1
616
617
16
1
2
616
617
11
1
3
617
618
5
0
0
617
618
22
0
1
617
618
2
0
2
617
618
13
0
3
617
618
0
1
0
617
618
20
1
1
617
618
10
1
2
617
618
8
1
3
618
619
0
0
1
618
619
16
0
2
618
619
20
0
3
618
619
20
1
1
618
619
11
1
2
618
619
11
1
3
619
620
19
0
0
619
620
16
0
1
619
620
2
0
2
619
620
13
0
3
619
620
0
1
0
619
620
21
1
1
619
620
10
1
2
619
620
8
1
3
620
621
3
0
0
620
621
20
0
3
620
621
1
1
0
620
621
9
1
1
620
621
5
1
2
620
621
7
1
3
621
622
19
0
0
621
622
13
0
1
621
622
4
0
2
621
622
2
0
3
621
622
15
1
0
621
622
11
1
1
621
622
9
1
2
621
622
7
1
3
622
623
4
0
0
622
623
2
0
1
622
623
13
0
2
622
623
23
0
3
622
623
0
1
0
622
623
19
1
1
622
623
9
1
2
622
623
7
1
3
623
624
1
0
0
623
624
23
0
1
623
624
14
0
2
623
624
3
0
3
623
624
20
1
0
623
624
18
1
1
623
624
6
1
2
623
624
8
1
3
624
625
0
0
0
624
625
23
0
1
624
625
0
0
2
624
625
23
0
3
624
625
19
1
0
624
625
19
1
1
624
625
5
1
2
624
625
5
1
3
625
626
0
0
0
625
626
23
0
1
625
626
19
0
2
625
626
0
0
3
625
626
23
1
0
625
626
19
1
1
625
626
5
1
2
625
626
5
1
3
626
627
0
0
0
626
627
23
0
1
626
627
23
0
2
626
627
0
0
3
626
627
5
1
0
626
627
19
1
1
626
627
19
1
2
626
627
5
1
3
627
628
0
0
0
627
628
15
0
1
627
628
23
0
2
627
628
23
0
3
627
628
4
1
0
627
628
19
1
1
627
628
5
1
3
628
629
15
0
0
628
629
23
0
1
628
629
15
0
2
628
629
4
0
3
628
629
23
1
0
628
629
18
1
1
628
629
4
1
2
628
629
18
1
3
629
630
15
0
0
629
630
15
0
1
629
630
18
0
2
629
630
23
0
3
629
630
23
1
0
629
630
18
1
1
629
630
4
1
2
629
630
4
1
3
630
631
15
0
0
630
631
23
0
1
630
631
23
0
2
630
631
4
0
3
630
631
15
1
0
630
631
4
1
1
630
631
18
1
2
630
631
18
1
3
631
632
14
0
0
631
632
14
0
1
631
632
23
0
2
631
632
23
0
3
631
632
3
1
0
631
632
3
1
1
632
633
14
0
0
632
633
14
0
1
632
633
23
0
2
632
633
3
0
3
632
633
23
1
0
632
633
3
1
1
632
633
18
1
2
632
633
18
1
3
633
634
14
0
0
633
634
22
0
1
633
634
17
0
2
633
634
22
0
3
633
634
14
1
0
633
634
3
1
1
633
634
3
1
2
633
634
17
1
3
634
635
14
0
0
634
635
22
0
1
634
635
14
0
2
634
635
22
0
3
634
635
3
1
0
634
635
3
1
1
634
635
17
1
2
634
635
17
1
3
635
636
13
0
0
635
636
22
0
1
635
636
22
0
2
635
636
17
0
3
635
636
13
1
0
635
636
2
1
1
635
636
2
1
2
635
636
17
1
3
636
637
13
0
0
636
637
21
0
1
636
637
13
0
2
636
637
21
0
3
636
637
16
1
0
636
637
2
1
1
636
637
2
1
2
636
637
16
1
3
637
638
13
0
0
637
638
21
0
1
637
638
13
0
2
637
638
21
0
3
637
638
16
1
0
637
638
2
1
1
637
638
2
1
2
637
638
16
1
3
638
639
12
0
0
638
639
21
0
1
638
639
12
0
2
638
639
1
0
3
638
639
21
1
0
638
639
16
1
1
638
639
1
1
2
638
639
16
1
3
639
640
21
0
1
639
640
21
0
2
639
640
16
0
3
639
640
12
1
0
639
640
1
1
1
639
640
1
1
2
639
640
16
1
3
640
641
11
0
0
640
641
12
0
1
640
641
21
0
2
640
641
16
0
3
640
641
1
1
0
640
641
20
1
1
640
641
0
1
2
640
641
16
1
3
641
642
11
0
0
641
642
20
0
1
641
642
16
0
2
641
642
11
0
3
641
642
20
1
0
641
642
0
1
1
641
642
0
1
2
641
642
16
1
3
642
643
11
0
0
642
643
20
0
1
642
643
20
0
2
642
643
16
0
3
642
643
11
1
0
642
643
0
1
1
642
643
0
1
2
642
643
16
1
3
643
644
11
0
0
643
644
20
0
1
643
644
20
0
2
643
644
0
0
3
643
644
11
1
0
643
644
16
1
1
643
644
0
1
2
643
644
16
1
3
644
645
13
0
0
644
645
19
0
1
644
645
21
0
2
644
645
8
0
3
644
645
10
1
0
644
645
2
1
1
644
645
15
1
2
644
645
16
1
3
645
646
10
0
0
645
646
21
0
1
645
646
5
0
2
645
646
13
0
3
645
646
8
1
0
645
646
19
1
1
645
646
0
1
2
645
646
2
1
3
646
647
11
0
0
646
647
19
0
1
646
647
4
0
2
646
647
9
0
3
646
647
21
1
0
646
647
15
1
1
646
647
1
1
2
646
647
6
1
3
647
648
12
0
0
647
648
9
0
1
647
648
18
0
2
647
648
7
0
3
647
648
20
1
0
647
648
15
1
1
647
648
1
1
2
647
648
4
1
3
648
649
11
0
0
648
649
18
0
1
648
649
20
0
2
648
649
0
0
3
648
649
8
1
0
648
649
14
1
1
648
649
6
1
2
648
649
3
1
3
649
650
23
0
0
649
650
20
0
1
649
650
3
0
2
649
650
8
0
3
649
650
18
1
0
649
650
14
1
1
649
650
6
1
2
649
650
1
1
3
650
651
23
0
0
650
651
19
0
1
650
651
23
0
2
650
651
6
0
3
650
651
19
1
0
650
651
1
1
1
650
651
1
1
2
650
651
6
1
3
651
652
23
0
0
651
652
19
0
1
651
652
5
0
2
651
652
23
0
3
651
652
19
1
0
651
652
0
1
1
651
652
0
1
2
651
652
5
1
3
652
653
23
0
0
652
653
19
0
1
652
653
23
0
2
652
653
19
0
3
652
653
0
1
0
652
653
0
1
1
652
653
5
1
2
652
653
5
1
3
653
654
23
0
0
653
654
18
0
1
653
654
4
0
2
653
654
23
0
3
653
654
15
1
0
653
654
18
1
1
653
654
15
1
2
653
654
4
1
3
654
655
23
0
0
654
655
18
0
1
654
655
23
0
2
654
655
15
0
3
654
655
18
1
0
654
655
4
1
1
654
655
15
1
2
654
655
4
1
3
655
656
23
0
0
655
656
18
0
1
655
656
23
0
2
655
656
15
0
3
655
656
18
1
0
655
656
15
1
1
655
656
4
1
2
655
656
4
1
3
656
657
23
0
0
656
657
18
0
1
656
657
23
0
2
656
657
3
0
3
656
657
18
1
0
656
657
14
1
1
656
657
14
1
2
656
657
3
1
3
657
658
23
0
0
657
658
23
0
2
657
658
18
0
3
657
658
3
1
0
657
658
14
1
1
657
658
14
1
2
657
658
3
1
3
658
659
22
0
0
658
659
17
0
1
658
659
22
0
2
658
659
14
0
3
658
659
17
1
0
658
659
14
1
1
658
659
3
1
3
659
660
22
0
0
659
660
22
0
1
659
660
17
0
2
659
660
17
0
3
659
660
13
1
0
659
660
13
1
1
659
660
2
1
2
659
660
2
1
3
660
661
22
0
0
660
661
22
0
1
660
661
2
0
2
660
661
17
0
3
660
661
17
1
0
660
661
13
1
1
660
661
13
1
2
660
661
2
1
3
661
662
21
0
0
661
662
21
0
1
661
662
16
0
2
661
662
13
0
3
661
662
16
1
0
661
662
2
1
1
661
662
13
1
2
661
662
2
1
3
662
663
21
0
0
662
663
21
0
1
662
663
16
0
2
662
663
2
0
3
662
663
13
1
0
662
663
16
1
1
662
663
13
1
2
662
663
2
1
3
663
664
21
0
0
663
664
16
0
1
663
664
16
0
2
663
664
21
0
3
663
664
13
1
0
663
664
13
1
1
663
664
2
1
2
663
664
2
1
3
664
665
21
0
0
664
665
21
0
1
664
665
16
0
2
664
665
16
1
0
664
665
1
1
1
664
665
12
1
2
664
665
1
1
3
665
666
21
0
0
665
666
16
0
1
665
666
21
0
2
665
666
12
0
3
665
666
1
1
0
665
666
16
1
1
665
666
12
1
2
665
666
1
1
3
666
667
20
0
0
666
667
16
0
1
666
667
21
0
2
666
667
12
0
3
666
667
16
1
0
666
667
0
1
1
666
667
11
1
2
666
667
1
1
3
667
668
20
0
0
667
668
20
0
1
667
668
16
0
2
667
668
16
0
3
667
668
11
1
0
667
668
0
1
1
667
668
11
1
2
667
668
0
1
3
668
669
20
0
0
668
669
20
0
1
668
669
16
0
2
668
669
11
0
3
668
669
16
1
0
668
669
11
1
1
668
669
0
1
2
668
669
0
1
3
669
670
16
0
0
669
670
16
0
1
669
670
20
0
2
669
670
20
0
3
669
670
11
1
0
669
670
11
1
1
669
670
0
1
2
669
670
0
1
3
670
671
2
0
0
670
671
21
0
1
670
671
19
0
2
670
671
16
1
1
670
671
13
1
2
670
671
0
1
3
671
672
19
0
0
671
672
7
0
2
671
672
12
0
3
671
672
4
1
0
671
672
21
1
1
671
672
15
1
3
672
673
5
0
0
672
673
7
0
1
672
673
3
0
2
672
673
1
0
3
672
673
9
1
0
672
673
20
1
1
672
673
12
1
2
672
673
14
1
3
673
674
2
0
0
673
674
19
0
2
673
674
13
0
3
673
674
4
1
1
673
674
11
1
2
673
674
15
1
3
674
675
20
0
0
674
675
7
0
1
674
675
9
0
2
674
675
1
0
3
674
675
18
1
0
674
675
4
1
1
674
675
12
1
2
674
675
15
1
3
675
676
3
0
0
675
676
0
0
1
675
676
19
0
2
675
676
8
0
3
675
676
5
1
0
675
676
10
1
1
675
676
13
1
2
676
677
3
0
0
676
677
1
0
1
676
677
8
0
2
676
677
6
0
3
676
677
19
1
0
676
677
23
1
1
676
677
14
1
2
677
678
0
0
0
677
678
8
0
1
677
678
18
0
2
677
678
23
0
3
677
678
6
1
0
677
678
3
1
1
677
678
13
1
2
678
679
18
0
0
678
679
8
0
1
678
679
0
0
2
678
679
2
0
3
678
679
5
1
0
678
679
23
1
1
678
679
13
1
2
679
680
0
0
0
679
680
8
0
1
679
680
5
0
2
679
680
23
0
3
679
680
18
1
0
679
680
3
1
1
679
680
13
1
2
680
681
0
0
0
680
681
5
0
1
680
681
0
0
2
680
681
19
0
3
680
681
5
1
0
680
681
23
1
1
680
681
19
1
2
680
681
23
1
3
681
682
18
0
0
681
682
15
0
1
681
682
4
0
2
681
682
15
0
3
681
682
18
1
0
681
682
4
1
1
681
682
23
1
2
681
682
23
1
3
682
683
18
0
0
682
683
15
0
1
682
683
18
0
2
682
683
15
0
3
682
683
4
1
0
682
683
4
1
1
682
683
23
1
2
682
683
23
1
3
683
684
18
0
0
683
684
15
0
1
683
684
18
0
2
683
684
15
0
3
683
684
4
1
0
683
684
4
1
1
683
684
23
1
2
683
684
23
1
3
684
685
14
0
0
684
685
14
0
1
684
685
3
0
2
684
685
3
0
3
684
685
23
1
0
684
685
18
1
1
684
685
18
1
2
684
685
23
1
3
685
686
14
0
0
685
686
18
0
1
685
686
14
0
2
685
686
3
0
3
685
686
3
1
0
685
686
23
1
1
685
686
18
1
2
685
686
23
1
3
686
687
14
0
0
686
687
17
0
1
686
687
14
0
2
686
687
3
0
3
686
687
17
1
0
686
687
3
1
1
686
687
22
1
2
686
687
22
1
3
687
688
14
0
0
687
688
17
0
1
687
688
3
0
2
687
688
14
0
3
687
688
17
1
0
687
688
3
1
1
687
688
22
1
2
687
688
22
1
3
688
689
13
0
0
688
689
13
0
1
688
689
17
0
2
688
689
2
0
3
688
689
17
1
0
688
689
22
1
1
688
689
22
1
2
688
689
2
1
3
689
690
16
0
0
689
690
13
0
1
689
690
16
0
2
689
690
13
0
3
689
690
2
1
0
689
690
21
1
1
689
690
21
1
2
689
690
2
1
3
690
691
12
0
0
690
691
12
0
1
690
691
16
0
2
690
691
16
0
3
690
691
1
1
1
690
691
1
1
2
690
691
21
1
3
691
692
12
0
0
691
692
12
0
1
691
692
16
0
2
691
692
1
0
3
691
692
16
1
0
691
692
1
1
1
691
692
21
1
2
691
692
21
1
3
692
693
12
0
0
692
693
16
0
1
692
693
12
0
2
692
693
16
0
3
692
693
1
1
0
692
693
1
1
1
692
693
21
1
2
692
693
21
1
3
693
694
12
0
0
693
694
16
0
1
693
694
11
0
2
693
694
16
0
3
693
694
21
1
0
693
694
20
1
1
693
694
0
1
2
693
694
1
1
3
694
695
11
0
0
694
695
11
0
1
694
695
16
0
2
694
695
16
0
3
694
695
20
1
0
694
695
0
1
1
694
695
20
1
2
694
695
0
1
3
695
696
11
0
0
695
696
16
0
1
695
696
16
0
2
695
696
11
0
3
695
696
20
1
0
695
696
0
1
1
695
696
20
1
2
695
696
0
1
3
696
697
12
0
0
696
697
10
0
1
696
697
2
0
2
696
697
7
0
3
696
697
16
1
0
696
697
20
1
1
696
697
0
1
2
696
697
14
1
3
697
698
12
0
0
697
698
9
0
1
697
698
13
0
2
697
698
0
0
3
697
698
16
1
0
697
698
2
1
1
697
698
7
1
2
697
698
20
1
3
698
699
12
0
0
698
699
9
0
1
698
699
3
0
2
698
699
14
0
3
698
699
5
1
0
698
699
7
1
1
698
699
1
1
2
698
699
20
1
3
699
700
9
0
0
699
700
11
0
1
699
700
4
0
2
699
700
1
0
3
699
700
13
1
0
699
700
19
1
1
699
700
6
1
2
699
700
15
1
3
700
701
11
0
0
700
701
3
0
1
700
701
0
0
2
700
701
8
0
3
700
701
6
1
0
700
701
18
1
1
700
701
20
1
2
700
701
14
1
3
701
702
23
0
0
701
702
3
0
1
701
702
8
0
2
701
702
20
0
3
701
702
6
1
0
701
702
18
1
1
701
702
14
1
2
701
702
1
1
3
702
703
23
0
0
702
703
5
0
1
702
703
23
0
2
702
703
19
0
3
702
703
5
1
0
702
703
0
1
1
702
703
19
1
2
702
703
0
1
3
703
704
23
0
0
703
704
23
0
1
703
704
0
0
2
703
704
5
0
3
703
704
5
1
0
703
704
19
1
1
703
704
19
1
2
703
704
0
1
3
704
705
23
0
0
704
705
5
0
1
704
705
23
0
2
704
705
5
0
3
704
705
0
1
0
704
705
19
1
1
704
705
19
1
2
704
705
0
1
3
705
706
23
0
0
705
706
5
0
1
705
706
4
0
2
705
706
23
0
3
705
706
18
1
0
705
706
19
1
2
705
706
0
1
3
706
707
23
0
0
706
707
4
0
1
706
707
23
0
2
706
707
15
0
3
706
707
4
1
0
706
707
18
1
1
706
707
18
1
2
706
707
15
1
3
707
708
23
0
0
707
708
4
0
1
707
708
4
0
2
707
708
23
0
3
707
708
18
1
0
707
708
18
1
1
707
708
15
1
2
707
708
15
1
3
708
709
23
0
0
708
709
3
0
1
708
709
23
0
2
708
709
14
0
3
708
709
3
1
0
708
709
18
1
1
708
709
18
1
2
708
709
14
1
3
709
710
23
0
0
709
710
23
0
2
709
710
18
1
0
709
710
14
1
1
709
710
18
1
2
709
710
14
1
3
710
711
22
0
0
710
711
3
0
1
710
711
22
0
2
710
711
3
0
3
710
711
17
1
0
710
711
14
1
1
710
711
17
1
2
710
711
14
1
3
711
712
22
0
0
711
712
3
0
1
711
712
22
0
2
711
712
17
0
3
711
712
3
1
0
711
712
14
1
1
711
712
17
1
2
711
712
14
1
3
712
713
22
0
0
712
713
2
0
1
712
713
13
0
2
712
713
22
0
3
712
713
2
1
0
712
713
17
1
1
712
713
17
1
2
712
713
13
1
3
713
714
22
0
0
713
714
22
0
1
713
714
2
0
2
713
714
17
0
3
713
714
2
1
0
713
714
17
1
1
713
714
13
1
2
713
714
13
1
3
714
715
21
0
0
714
715
21
0
1
714
715
2
0
2
714
715
16
0
3
714
715
2
1
0
714
715
13
1
1
714
715
16
1
2
714
715
13
1
3
715
716
21
0
0
715
716
21
0
1
715
716
2
0
2
715
716
2
0
3
715
716
16
1
0
715
716
13
1
1
715
716
16
1
2
715
716
13
1
3
716
717
21
0
0
716
717
21
0
1
716
717
1
0
2
716
717
1
0
3
716
717
16
1
0
716
717
12
1
1
716
717
16
1
2
716
717
12
1
3
717
718
21
0
0
717
718
1
0
1
717
718
21
0
2
717
718
16
0
3
717
718
1
1
0
717
718
16
1
1
717
718
12
1
2
717
718
12
1
3
718
719
21
0
0
718
719
1
0
1
718
719
1
0
2
718
719
21
0
3
718
719
16
1
0
718
719
16
1
1
718
719
12
1
2
718
719
12
1
3
719
720
21
0
0
719
720
20
0
1
719
720
1
0
2
719
720
16
0
3
719
720
16
1
0
719
720
0
1
1
719
720
12
1
2
719
720
11
1
3
720
721
20
0
0
720
721
20
0
1
720
721
0
0
2
720
721
0
0
3
720
721
11
1
0
720
721
16
1
1
720
721
16
1
2
720
721
11
1
3
721
722
20
0
0
721
722
0
0
1
721
722
16
0
2
721
722
20
0
3
721
722
0
1
0
721
722
11
1
1
721
722
16
1
2
721
722
11
1
3
722
723
16
0
0
722
723
20
0
1
722
723
0
0
2
722
723
20
0
3
722
723
0
1
0
722
723
16
1
1
722
723
11
1
2
722
723
11
1
3
723
724
16
0
0
723
724
19
0
1
723
724
0
0
2
723
724
3
0
3
723
724
14
1
0
723
724
9
1
1
723
724
10
1
2
723
724
21
1
3
724
725
2
0
0
724
725
0
0
1
724
725
6
0
2
724
725
11
0
3
724
725
20
1
0
724
725
13
1
1
724
725
16
1
2
724
725
9
1
3
725
726
20
0
0
725
726
3
0
1
725
726
0
0
2
725
726
9
0
3
725
726
14
1
0
725
726
5
1
1
725
726
7
1
2
725
726
12
1
3
726
727
19
0
0
726
727
15
0
1
726
727
11
0
2
726
727
9
0
3
726
727
2
1
0
726
727
7
1
1
726
727
4
1
2
726
727
13
1
3
727
728
1
0
0
727
728
4
0
1
727
728
11
0
2
727
728
13
0
3
727
728
15
1
0
727
728
6
1
1
727
728
19
1
2
727
728
9
1
3
728
729
1
0
0
728
729
15
0
1
728
729
18
0
2
728
729
12
0
3
728
729
4
1
0
728
729
20
1
1
728
729
7
1
2
728
729
9
1
3
729
730
1
0
0
729
730
18
0
1
729
730
20
0
2
729
730
4
0
3
729
730
15
1
0
729
730
23
1
1
729
730
6
1
2
729
730
9
1
3
730
731
0
0
0
730
731
3
0
1
730
731
23
0
2
730
731
18
0
3
730
731
14
1
0
730
731
6
1
1
730
731
8
1
2
730
731
20
1
3
731
732
1
0
0
731
732
1
0
1
731
732
23
0
2
731
732
19
0
3
731
732
6
1
0
731
732
6
1
1
731
732
19
1
2
731
732
23
1
3
732
733
0
0
0
732
733
0
0
1
732
733
23
0
2
732
733
23
0
3
732
733
5
1
0
732
733
5
1
1
732
733
19
1
2
732
733
19
1
3
733
734
0
0
0
733
734
0
0
1
733
734
19
0
2
733
734
23
0
3
733
734
5
1
0
733
734
19
1
1
733
734
5
1
2
733
734
23
1
3
734
735
15
0
0
734
735
15
0
1
734
735
23
0
2
734
735
4
0
3
734
735
4
1
0
734
735
18
1
1
734
735
18
1
2
734
735
23
1
3
735
736
15
0
0
735
736
15
0
1
735
736
23
0
2
735
736
4
0
3
735
736
4
1
0
735
736
23
1
1
735
736
18
1
2
735
736
18
1
3
736
737
15
0
0
736
737
15
0
1
736
737
23
0
2
736
737
4
0
3
736
737
4
1
0
736
737
23
1
1
736
737
18
1
2
736
737
18
1
3
737
738
15
0
0
737
738
15
0
1
737
738
23
0
2
737
738
4
0
3
737
738
23
1
0
737
738
18
1
1
737
738
4
1
2
737
738
18
1
3
738
739
14
0
0
738
739
14
0
1
738
739
23
0
2
738
739
3
0
3
738
739
23
1
0
738
739
18
1
1
738
739
3
1
2
738
739
18
1
3
739
740
14
0
0
739
740
23
0
1
739
740
14
0
2
739
740
3
0
3
739
740
23
1
0
739
740
3
1
1
739
740
18
1
2
739
740
18
1
3
740
741
14
0
0
740
741
14
0
1
740
741
22
0
2
740
741
3
0
3
740
741
17
1
0
740
741
3
1
1
740
741
22
1
2
740
741
17
1
3
741
742
14
0
0
741
742
14
0
1
741
742
22
0
2
741
742
3
0
3
741
742
17
1
0
741
742
3
1
1
741
742
22
1
2
741
742
17
1
3
742
743
13
0
0
742
743
13
0
1
742
743
22
0
2
742
743
22
0
3
742
743
17
1
0
742
743
2
1
1
742
743
2
1
2
742
743
17
1
3
743
744
13
0
0
743
744
13
0
1
743
744
22
0
2
743
744
22
0
3
743
744
17
1
0
743
744
2
1
1
743
744
2
1
2
743
744
17
1
3
744
745
13
0
0
744
745
13
0
1
744
745
21
0
2
744
745
2
0
3
744
745
2
1
0
744
745
16
1
1
744
745
16
1
2
744
745
21
1
3
745
746
13
0
0
745
746
13
0
1
745
746
21
0
2
745
746
2
0
3
745
746
16
1
0
745
746
2
1
1
745
746
16
1
2
745
746
21
1
3
746
747
12
0
0
746
747
12
0
1
746
747
21
0
2
746
747
21
0
3
746
747
16
1
0
746
747
1
1
1
746
747
1
1
2
746
747
16
1
3
747
748
12
0
0
747
748
12
0
1
747
748
1
0
2
747
748
1
0
3
747
748
16
1
0
747
748
16
1
1
747
748
21
1
2
747
748
21
1
3
748
749
12
0
0
748
749
1
0
1
748
749
21
0
2
748
749
12
0
3
748
749
1
1
0
748
749
21
1
1
748
749
16
1
2
748
749
16
1
3
749
750
21
0
2
749
750
21
0
3
749
750
1
1
0
749
750
16
1
1
749
750
1
1
2
749
750
16
1
3
750
751
11
0
0
750
751
0
0
1
750
751
20
0
2
750
751
11
0
3
750
751
0
1
0
750
751
16
1
1
750
751
20
1
2
750
751
16
1
3
751
752
11
0
0
751
752
11
0
1
751
752
0
0
2
751
752
16
0
3
751
752
0
1
0
751
752
20
1
1
751
752
20
1
2
751
752
16
1
3
752
753
12
0
0
752
753
14
0
1
752
753
10
0
2
752
753
20
0
3
752
753
0
1
0
752
753
3
1
1
752
753
16
1
2
752
753
8
1
3
753
754
13
0
0
753
754
15
0
1
753
754
10
0
2
753
754
19
0
3
753
754
21
1
0
753
754
8
1
1
753
754
2
1
2
753
754
16
1
3
754
755
9
0
0
754
755
12
0
1
754
755
15
0
2
754
755
4
0
3
754
755
7
1
0
754
755
21
1
1
754
755
1
1
2
754
755
19
1
3
755
756
8
0
0
755
756
14
0
1
755
756
10
0
2
755
756
0
0
3
755
756
5
1
0
755
756
21
1
1
755
756
3
1
2
755
756
19
1
3
756
757
12
0
0
756
757
0
0
1
756
757
14
0
2
756
757
10
0
3
756
757
19
1
0
756
757
3
1
1
756
757
8
1
2
756
757
5
1
3
757
758
12
0
0
757
758
20
0
1
757
758
9
0
2
757
758
1
0
3
757
758
15
1
0
757
758
18
1
1
757
758
7
1
2
757
758
4
1
3
758
759
23
0
0
758
759
14
0
1
758
759
20
0
2
758
759
1
0
3
758
759
8
1
0
758
759
3
1
1
758
759
18
1
2
758
759
6
1
3
759
760
23
0
0
759
760
23
0
1
759
760
19
0
2
759
760
1
0
3
759
760
19
1
0
759
760
6
1
1
759
760
1
1
2
759
760
6
1
3
760
761
23
0
0
760
761
23
0
1
760
761
19
0
2
760
761
0
0
3
760
761
0
1
0
760
761
19
1
1
760
761
5
1
2
760
761
5
1
3
761
762
23
0
0
761
762
23
0
1
761
762
19
0
2
761
762
19
0
3
761
762
0
1
0
761
762
0
1
1
761
762
5
1
2
761
762
5
1
3
762
763
23
0
0
762
763
23
0
1
762
763
19
0
2
762
763
0
0
3
762
763
0
1
0
762
763
19
1
1
762
763
5
1
2
762
763
5
1
3
763
764
23
0
0
763
764
23
0
1
763
764
18
0
2
763
764
15
0
3
763
764
4
1
0
763
764
18
1
1
763
764
15
1
2
763
764
4
1
3
764
765
23
0
0
764
765
23
0
1
764
765
18
0
2
764
765
15
0
3
764
765
15
1
0
764
765
18
1
1
764
765
4
1
2
764
765
4
1
3
765
766
23
0
0
765
766
23
0
1
765
766
18
0
2
765
766
15
0
3
765
766
4
1
0
765
766
18
1
1
765
766
15
1
2
765
766
4
1
3
766
767
23
0
0
766
767
14
0
1
766
767
14
0
2
766
767
23
0
3
766
767
18
1
0
766
767
3
1
1
766
767
3
1
2
766
767
18
1
3
767
768
23
0
0
767
768
14
0
1
767
768
17
0
2
767
768
15
0
3
767
768
22
1
0
767
768
4
1
1
767
768
18
1
2
767
768
3
1
3
768
769
23
0
0
768
769
14
0
1
768
769
14
0
2
768
769
23
0
3
768
769
3
1
0
768
769
18
1
1
768
769
3
1
2
768
769
18
1
3
769
770
22
0
0
769
770
22
0
1
769
770
17
0
2
769
770
3
0
3
769
770
14
1
0
769
770
3
1
1
769
770
14
1
2
769
770
17
1
3
770
771
22
0
0
770
771
22
0
1
770
771
17
0
2
770
771
13
0
3
770
771
13
1
0
770
771
2
1
1
770
771
2
1
2
770
771
17
1
3
771
772
21
0
0
771
772
21
0
1
771
772
13
0
2
771
772
13
0
3
771
772
2
1
0
771
772
16
1
1
771
772
2
1
2
771
772
16
1
3
772
773
21
0
0
772
773
21
0
1
772
773
13
0
2
772
773
2
0
3
772
773
13
1
0
772
773
2
1
1
772
773
16
1
2
772
773
16
1
3
773
774
21
0
0
773
774
21
0
1
773
774
12
0
2
773
774
12
0
3
773
774
16
1
0
773
774
1
1
1
773
774
1
1
2
773
774
16
1
3
774
775
21
0
0
774
775
21
0
1
774
775
12
0
2
774
775
12
0
3
774
775
16
1
0
774
775
1
1
1
774
775
1
1
2
774
775
16
1
3
775
776
21
0
0
775
776
12
0
1
775
776
21
0
2
775
776
1
0
3
775
776
12
1
0
775
776
1
1
1
775
776
16
1
2
775
776
16
1
3
776
777
21
0
0
776
777
21
0
1
776
777
12
0
2
776
777
1
0
3
776
777
12
1
0
776
777
1
1
1
776
777
16
1
2
776
777
16
1
3
777
778
20
0
0
777
778
11
0
1
777
778
11
0
2
777
778
0
0
3
777
778
20
1
0
777
778
0
1
1
777
778
16
1
2
777
778
16
1
3
778
779
20
0
0
778
779
11
0
1
778
779
20
0
2
778
779
11
0
3
778
779
0
1
0
778
779
16
1
1
778
779
16
1
3
779
780
20
0
0
779
780
11
0
1
779
780
20
0
2
779
780
11
0
3
779
780
0
1
0
779
780
16
1
1
779
780
0
1
2
779
780
16
1
3
780
781
20
0
0
780
781
11
0
1
780
781
0
0
2
780
781
20
0
3
780
781
11
1
0
780
781
16
1
1
780
781
0
1
2
780
781
16
1
3
781
782
2
0
0
781
782
0
0
1
781
782
16
0
2
781
782
14
0
3
781
782
20
1
0
781
782
10
1
1
781
782
12
1
2
781
782
7
1
3
782
783
1
0
0
782
783
21
0
1
782
783
19
0
2
782
783
9
0
3
782
783
4
1
0
782
783
15
1
1
782
783
12
1
2
782
783
7
1
3
783
784
21
0
0
783
784
3
0
1
783
784
19
0
2
783
784
10
0
3
783
784
0
1
0
783
784
8
1
1
783
784
14
1
2
783
784
5
1
3
784
785
15
0
0
784
785
19
0
1
784
785
1
0
3
784
785
21
1
0
784
785
9
1
1
784
785
4
1
3
785
786
4
0
0
785
786
18
0
1
785
786
1
0
2
785
786
20
0
3
785
786
15
1
0
785
786
9
1
1
785
786
12
1
2
785
786
7
1
3
786
787
0
0
0
786
787
18
0
1
786
787
3
0
2
786
787
11
0
3
786
787
20
1
0
786
787
8
1
1
786
787
14
1
2
786
787
6
1
3
787
788
15
0
0
787
788
1
0
1
787
788
9
0
2
787
788
20
0
3
787
788
18
1
0
787
788
6
1
1
787
788
23
1
2
787
788
4
1
3
788
789
14
0
0
788
789
20
0
1
788
789
18
0
2
788
789
1
0
3
788
789
8
1
0
788
789
3
1
1
788
789
23
1
2
788
789
6
1
3
789
790
1
0
0
789
790
1
0
1
789
790
19
0
2
789
790
23
0
3
789
790
19
1
0
789
790
6
1
1
789
790
23
1
2
789
790
6
1
3
790
791
19
0
0
790
791
0
0
1
790
791
0
0
2
790
791
19
0
3
790
791
23
1
2
790
791
5
1
3
791
792
19
0
0
791
792
0
0
1
791
792
19
0
2
791
792
0
0
3
791
792
23
1
0
791
792
5
1
1
791
792
23
1
2
791
792
5
1
3
792
793
0
0
0
792
793
19
0
1
792
793
0
0
2
792
793
19
0
3
792
793
23
1
0
792
793
23
1
1
792
793
5
1
2
792
793
5
1
3
793
794
15
0
0
793
794
15
0
1
793
794
18
0
2
793
794
4
0
3
793
794
18
1
0
793
794
23
1
1
793
794
23
1
2
793
794
4
1
3
794
795
18
0
0
794
795
15
0
1
794
795
15
0
2
794
795
23
0
3
794
795
18
1
0
794
795
4
1
1
794
795
23
1
2
794
795
4
1
3
795
796
15
0
0
795
796
18
0
1
795
796
15
0
2
795
796
23
0
3
795
796
18
1
0
795
796
23
1
1
795
796
4
1
2
795
796
4
1
3
796
797
14
0
0
796
797
18
0
1
796
797
18
0
2
796
797
14
0
3
796
797
3
1
0
796
797
23
1
1
796
797
23
1
2
796
797
3
1
3
797
798
14
0
0
797
798
17
0
1
797
798
14
0
2
797
798
17
0
3
797
798
22
1
0
797
798
3
1
1
797
798
22
1
2
797
798
3
1
3
798
799
14
0
0
798
799
17
0
1
798
799
14
0
2
798
799
17
0
3
798
799
22
1
0
798
799
3
1
1
798
799
22
1
2
798
799
3
1
3
799
800
14
0
0
799
800
17
0
1
799
800
14
0
2
799
800
3
0
3
799
800
17
1
0
799
800
22
1
1
799
800
22
1
2
799
800
3
1
3
800
801
13
0
0
800
801
17
0
1
800
801
17
0
2
800
801
13
0
3
800
801
22
1
0
800
801
2
1
1
800
801
22
1
2
800
801
2
1
3
801
802
13
0
0
801
802
16
0
1
801
802
13
0
2
801
802
21
0
3
801
802
2
1
0
801
802
16
1
1
801
802
21
1
2
801
802
2
1
3
802
803
13
0
0
802
803
16
0
1
802
803
13
0
2
802
803
21
0
3
802
803
16
1
0
802
803
21
1
1
802
803
2
1
2
802
803
2
1
3
803
804
12
0
0
803
804
16
0
1
803
804
12
0
2
803
804
21
0
3
803
804
16
1
0
803
804
21
1
1
803
804
1
1
2
803
804
1
1
3
804
805
12
0
0
804
805
12
0
1
804
805
1
0
2
804
805
16
0
3
804
805
21
1
0
804
805
16
1
1
804
805
21
1
2
804
805
1
1
3
805
806
12
0
0
805
806
16
0
1
805
806
12
0
2
805
806
16
0
3
805
806
1
1
0
805
806
21
1
1
805
806
21
1
2
805
806
1
1
3
806
807
11
0
0
806
807
16
0
1
806
807
11
0
2
806
807
20
0
3
806
807
16
1
0
806
807
0
1
1
806
807
20
1
2
806
807
0
1
3
807
808
11
0
0
807
808
16
0
1
807
808
11
0
2
807
808
20
0
3
807
808
0
1
0
807
808
16
1
1
807
808
20
1
2
807
808
0
1
3
808
809
11
0
0
808
809
16
0
1
808
809
11
0
2
808
809
20
0
3
808
809
0
1
0
808
809
16
1
1
808
809
20
1
2
808
809
0
1
3
809
810
11
0
0
809
810
16
0
1
809
810
11
0
2
809
810
16
0
3
809
810
0
1
0
809
810
20
1
1
809
810
20
1
2
809
810
0
1
3
810
811
8
0
0
810
811
10
0
1
810
811
2
0
2
810
811
13
0
3
810
811
16
1
0
810
811
21
1
1
810
811
19
1
2
810
811
0
1
3
811
812
8
0
0
811
812
10
0
1
811
812
13
0
2
811
812
21
0
3
811
812
19
1
0
811
812
5
1
1
811
812
2
1
2
811
812
0
1
3
812
813
11
0
0
812
813
9
0
1
812
813
6
0
2
812
813
21
0
3
812
813
4
1
0
812
813
15
1
1
812
813
19
1
2
812
813
1
1
3
813
814
12
0
0
813
814
5
0
1
813
814
10
0
2
813
814
8
0
3
813
814
14
1
0
813
814
0
1
1
813
814
19
1
2
813
814
3
1
3
814
815
11
0
0
814
815
18
0
1
814
815
9
0
2
814
815
3
0
3
814
815
6
1
0
814
815
0
1
1
814
815
20
1
2
814
815
14
1
3
815
816
8
0
0
815
816
6
0
1
815
816
3
0
2
815
816
20
0
3
815
816
1
1
0
815
816
18
1
1
815
816
23
1
2
815
816
14
1
3
816
817
23
0
0
816
817
6
0
1
816
817
8
0
2
816
817
3
0
3
816
817
20
1
0
816
817
14
1
1
816
817
18
1
2
816
817
1
1
3
817
818
23
0
0
817
818
23
0
1
817
818
0
0
2
817
818
5
0
3
817
818
5
1
0
817
818
19
1
1
817
818
19
1
2
817
818
0
1
3
818
819
23
0
0
818
819
23
0
1
818
819
5
0
2
818
819
5
0
3
818
819
19
1
0
818
819
0
1
1
818
819
19
1
2
818
819
0
1
3
819
820
23
0
0
819
820
23
0
1
819
820
5
0
2
819
820
19
0
3
819
820
5
1
0
819
820
0
1
1
819
820
19
1
2
819
820
0
1
3
820
821
23
0
0
820
821
4
0
1
820
821
18
0
2
820
821
23
0
3
820
821
4
1
0
820
821
15
1
1
820
821
18
1
2
820
821
15
1
3
821
822
23
0
0
821
822
23
0
1
821
822
4
1
1
821
822
18
1
2
821
822
15
1
3
822
823
23
0
0
822
823
4
0
1
822
823
18
0
2
822
823
23
0
3
822
823
4
1
0
822
823
15
1
1
822
823
18
1
2
822
823
15
1
3
823
824
23
0
0
823
824
18
0
1
823
824
23
0
2
823
824
3
0
3
823
824
18
1
0
823
824
3
1
1
823
824
14
1
2
823
824
14
1
3
824
825
23
0
0
824
825
23
0
1
824
825
3
0
2
824
825
3
0
3
824
825
14
1
0
824
825
18
1
1
824
825
18
1
2
824
825
14
1
3
825
826
22
0
0
825
826
3
0
1
825
826
3
0
2
825
826
22
0
3
825
826
17
1
0
825
826
17
1
1
825
826
14
1
2
825
826
14
1
3
826
827
22
0
0
826
827
3
0
1
826
827
22
0
2
826
827
17
0
3
826
827
3
1
0
826
827
17
1
1
826
827
14
1
2
826
827
14
1
3
827
828
22
0
0
827
828
17
0
1
827
828
22
0
2
827
828
17
0
3
827
828
2
1
0
827
828
2
1
1
827
828
13
1
2
827
828
13
1
3
828
829
22
0
0
828
829
22
0
1
828
829
2
0
2
828
829
17
0
3
828
829
17
1
0
828
829
2
1
1
828
829
13
1
2
828
829
13
1
3
829
830
21
0
0
829
830
16
0
1
829
830
21
0
2
829
830
2
0
3
829
830
16
1
0
829
830
2
1
1
829
830
13
1
2
829
830
13
1
3
830
831
21
0
0
830
831
21
0
1
830
831
2
0
2
830
831
16
0
3
830
831
16
1
0
830
831
2
1
1
830
831
13
1
2
830
831
13
1
3
831
832
21
0
0
831
832
21
0
1
831
832
16
0
2
831
832
16
0
3
831
832
1
1
0
831
832
1
1
1
831
832
12
1
2
831
832
12
1
3
832
833
21
0
0
832
833
16
0
1
832
833
21
0
2
832
833
12
0
3
832
833
16
1
0
832
833
1
1
1
832
833
12
1
2
832
833
1
1
3
833
834
21
0
0
833
834
16
0
1
833
834
21
0
2
833
834
16
0
3
833
834
1
1
0
833
834
1
1
1
833
834
12
1
2
834
835
16
0
1
834
835
16
0
2
834
835
21
0
3
834
835
1
1
0
834
835
12
1
1
834
835
11
1
2
834
835
0
1
3
835
836
16
0
0
835
836
20
0
1
835
836
0
0
2
835
836
20
0
3
835
836
16
1
0
835
836
0
1
1
835
836
11
1
2
835
836
11
1
3
836
837
20
0
0
836
837
16
0
1
836
837
20
0
2
836
837
16
0
3
836
837
11
1
0
836
837
0
1
1
836
837
0
1
2
836
837
11
1
3
837
838
20
0
0
837
838
20
0
1
837
838
16
1
0
837
838
11
1
1
837
838
11
1
3
838
839
16
0
0
838
839
2
0
1
838
839
19
0
2
838
839
10
0
3
838
839
21
1
0
838
839
13
1
1
838
839
8
1
2
838
839
0
1
3
839
840
2
0
0
839
840
19
0
1
839
840
5
0
2
839
840
0
0
3
839
840
10
1
0
839
840
21
1
1
839
840
8
1
2
839
840
13
1
3
840
841
1
0
0
840
841
19
0
1
840
841
15
0
2
840
841
4
0
3
840
841
11
1
0
840
841
6
1
1
840
841
9
1
2
840
841
21
1
3
841
842
19
0
0
841
842
4
0
1
841
842
15
0
2
841
842
1
0
3
841
842
9
1
0
841
842
6
1
1
841
842
21
1
2
841
842
11
1
3
842
843
1
0
0
842
843
19
0
1
842
843
11
0
2
842
843
9
0
3
842
843
4
1
0
842
843
6
1
1
842
843
13
1
2
842
843
15
1
3
843
844
18
0
0
843
844
3
0
2
843
844
11
1
0
843
844
8
1
1
843
844
20
1
2
844
845
1
0
0
844
845
3
0
1
844
845
23
0
2
844
845
18
0
3
844
845
8
1
0
844
845
6
1
1
844
845
20
1
2
844
845
14
1
3
845
846
3
0
0
845
846
6
0
1
845
846
14
0
2
845
846
18
0
3
845
846
1
1
0
845
846
8
1
1
845
846
20
1
2
845
846
23
1
3
846
847
19
0
0
846
847
6
0
1
846
847
1
0
2
846
847
1
0
3
846
847
23
1
0
846
847
6
1
1
846
847
19
1
2
846
847
23
1
3
847
848
0
0
0
847
848
5
0
1
847
848
0
0
2
847
848
19
0
3
847
848
5
1
0
847
848
23
1
1
847
848
19
1
2
847
848
23
1
3
848
849
0
0
0
848
849
4
0
1
848
849
18
0
2
848
849
5
0
3
848
849
15
1
0
848
849
23
1
1
848
849
19
1
2
848
849
23
1
3
849
850
18
0
0
849
850
15
0
1
849
850
4
0
2
849
850
4
0
3
849
850
15
1
0
849
850
18
1
1
849
850
23
1
2
849
850
23
1
3
850
851
18
0
0
850
851
15
0
1
850
851
15
0
2
850
851
4
0
3
850
851
4
1
0
850
851
18
1
1
850
851
23
1
2
850
851
23
1
3
851
852
15
0
1
851
852
23
0
2
851
852
4
0
3
851
852
4
1
0
851
852
18
1
1
851
852
23
1
3
852
853
15
0
0
852
853
4
0
1
852
853
23
0
2
852
853
15
0
3
852
853
4
1
0
852
853
18
1
1
852
853
18
1
2
852
853
23
1
3
853
854
14
0
0
853
854
14
0
1
853
854
3
0
2
853
854
3
0
3
853
854
18
1
0
853
854
23
1
1
853
854
18
1
2
853
854
23
1
3
854
855
14
0
0
854
855
14
0
1
854
855
23
0
2
854
855
3
0
3
854
855
3
1
0
854
855
17
1
1
854
855
18
1
2
854
855
22
1
3
855
856
14
0
0
855
856
17
0
2
855
856
14
0
3
855
856
22
1
1
855
856
17
1
2
855
856
22
1
3
856
857
13
0
0
856
857
13
0
1
856
857
2
0
2
856
857
17
0
3
856
857
2
1
0
856
857
17
1
1
856
857
22
1
2
856
857
22
1
3
857
858
13
0
0
857
858
2
0
1
857
858
13
0
2
857
858
16
0
3
857
858
2
1
0
857
858
16
1
1
857
858
21
1
2
857
858
21
1
3
858
859
16
0
0
858
859
2
0
1
858
859
13
0
2
858
859
13
0
3
858
859
2
1
0
858
859
21
1
1
858
859
16
1
2
858
859
21
1
3
859
860
13
0
0
859
860
2
0
1
859
860
13
0
2
859
860
16
0
3
859
860
2
1
0
859
860
21
1
1
859
860
16
1
2
859
860
21
1
3
860
861
12
0
0
860
861
12
0
1
860
861
1
0
2
860
861
16
0
3
860
861
1
1
0
860
861
16
1
1
860
861
21
1
2
860
861
21
1
3
861
862
12
0
0
861
862
1
0
1
861
862
1
0
2
861
862
12
0
3
861
862
21
1
0
861
862
16
1
1
861
862
16
1
2
861
862
21
1
3
862
863
12
0
0
862
863
12
0
1
862
863
1
0
2
862
863
21
0
3
862
863
1
1
0
862
863
16
1
1
862
863
16
1
2
862
863
21
1
3
863
864
11
0
0
863
864
11
0
1
863
864
0
0
2
863
864
0
0
3
863
864
16
1
0
863
864
20
1
1
863
864
16
1
2
863
864
20
1
3
864
865
11
0
0
864
865
0
0
1
864
865
0
0
2
864
865
11
0
3
864
865
16
1
0
864
865
16
1
1
864
865
20
1
2
864
865
20
1
3
865
866
11
0
0
865
866
0
0
2
865
866
16
1
0
865
866
20
1
2
865
866
20
1
3
866
867
10
0
0
866
867
15
0
1
866
867
10
0
2
866
867
16
0
3
866
867
15
1
0
866
867
20
1
1
866
867
16
1
2
866
867
20
1
3
867
868
8
0
0
867
868
15
0
1
867
868
10
0
2
867
868
21
0
3
867
868
2
1
0
867
868
13
1
1
867
868
16
1
2
867
868
19
1
3
868
869
9
0
0
868
869
15
0
1
868
869
1
0
2
868
869
19
0
3
868
869
4
1
0
868
869
12
1
1
868
869
7
1
2
868
869
21
1
3
869
870
11
0
0
869
870
9
0
1
869
870
19
0
2
869
870
6
1
1
869
870
4
1
2
869
870
21
1
3
870
871
9
0
0
870
871
13
0
1
870
871
15
0
2
870
871
4
0
3
870
871
7
1
0
870
871
11
1
1
870
871
2
1
2
870
871
19
1
3
871
872
8
0
0
871
872
13
0
1
871
872
0
0
2
871
872
4
0
3
871
872
7
1
0
871
872
23
1
1
871
872
2
1
2
871
872
19
1
3
872
873
6
0
0
872
873
23
0
1
872
873
1
0
2
872
873
1
0
3
872
873
23
1
0
872
873
6
1
1
872
873
19
1
2
872
873
19
1
3
873
874
23
0
0
873
874
0
0
1
873
874
0
0
2
873
874
5
0
3
873
874
23
1
0
873
874
19
1
1
873
874
5
1
2
873
874
19
1
3
874
875
23
0
0
874
875
0
0
1
874
875
23
0
2
874
875
0
0
3
874
875
5
1
0
874
875
19
1
1
874
875
5
1
2
874
875
19
1
3
875
876
23
0
0
875
876
0
0
1
875
876
23
0
2
875
876
5
0
3
875
876
0
1
0
875
876
5
1
1
875
876
19
1
2
875
876
19
1
3
876
877
23
0
0
876
877
15
0
1
876
877
18
0
2
876
877
4
0
3
876
877
4
1
2
876
877
18
1
3
877
878
23
0
0
877
878
15
0
1
877
878
15
0
2
877
878
4
0
3
877
878
23
1
0
877
878
18
1
1
877
878
4
1
2
877
878
18
1
3
878
879
23
0
0
878
879
15
0
1
878
879
15
0
2
878
879
4
0
3
878
879
23
1
0
878
879
18
1
1
878
879
4
1
2
878
879
18
1
3
879
880
23
0
0
879
880
23
0
1
879
880
18
0
2
879
880
14
0
3
879
880
14
1
0
879
880
3
1
1
879
880
3
1
2
879
880
18
1
3
880
881
22
0
0
880
881
22
0
1
880
881
14
0
2
880
881
14
0
3
880
881
3
1
0
880
881
3
1
1
880
881
17
1
2
880
881
17
1
3
881
882
22
0
0
881
882
3
0
1
881
882
14
0
2
881
882
14
0
3
881
882
22
1
0
881
882
3
1
1
881
882
17
1
2
881
882
17
1
3
882
883
22
0
0
882
883
22
0
1
882
883
17
0
2
882
883
2
0
3
882
883
13
1
0
882
883
13
1
1
882
883
2
1
2
882
883
17
1
3
883
884
22
0
0
883
884
22
0
1
883
884
17
0
2
883
884
13
0
3
883
884
13
1
0
883
884
2
1
1
883
884
2
1
2
883
884
17
1
3
884
885
21
0
0
884
885
13
0
1
884
885
2
0
2
884
885
22
0
3
884
885
16
1
0
884
885
13
1
1
884
885
2
1
2
884
885
17
1
3
885
886
21
0
0
885
886
21
0
1
885
886
13
0
2
885
886
13
0
3
885
886
16
1
0
885
886
2
1
1
885
886
2
1
2
885
886
16
1
3
886
887
21
0
0
886
887
21
0
1
886
887
13
0
2
886
887
2
0
3
886
887
13
1
0
886
887
16
1
1
886
887
2
1
2
886
887
16
1
3
887
888
21
0
0
887
888
1
0
1
887
888
12
0
2
887
888
21
0
3
887
888
12
1
0
887
888
1
1
1
887
888
16
1
2
887
888
16
1
3
888
889
21
0
0
888
889
1
0
1
888
889
21
0
2
888
889
12
0
3
888
889
16
1
0
888
889
12
1
1
888
889
1
1
2
888
889
16
1
3
889
890
21
0
0
889
890
21
0
1
889
890
1
0
2
889
890
12
0
3
889
890
12
1
0
889
890
1
1
1
889
890
16
1
2
889
890
16
1
3
890
891
21
0
0
890
891
1
0
1
890
891
1
0
2
890
891
12
0
3
890
891
21
1
0
890
891
12
1
1
890
891
16
1
2
890
891
16
1
3
891
892
20
0
0
891
892
0
0
1
891
892
11
0
2
891
892
20
0
3
891
892
16
1
0
891
892
0
1
1
891
892
16
1
2
891
892
11
1
3
892
893
20
0
0
892
893
0
0
1
892
893
20
0
2
892
893
11
0
3
892
893
0
1
0
892
893
11
1
1
892
893
16
1
2
892
893
16
1
3
893
894
20
0
0
893
894
0
0
1
893
894
11
0
2
893
894
11
0
3
893
894
20
1
0
893
894
16
1
1
893
894
0
1
2
893
894
16
1
3
894
895
3
0
0
894
895
0
0
1
894
895
20
0
2
894
895
14
0
3
894
895
12
1
0
894
895
10
1
1
894
895
8
1
2
894
895
16
1
3
895
896
2
0
0
895
896
21
0
1
895
896
19
0
2
895
896
15
0
3
895
896
13
1
0
895
896
8
1
1
895
896
16
1
2
895
896
10
1
3
896
897
2
0
0
896
897
13
0
1
896
897
19
0
2
896
897
21
0
3
896
897
0
1
0
896
897
8
1
1
896
897
5
1
2
896
897
10
1
3
897
898
19
0
0
897
898
12
0
1
897
898
3
0
2
897
898
0
0
3
897
898
14
1
0
897
898
5
1
1
897
898
10
1
2
897
898
8
1
3
898
899
3
0
0
898
899
14
0
1
898
899
0
0
2
898
899
18
0
3
898
899
11
1
0
898
899
20
1
1
898
899
6
1
2
898
899
8
1
3
899
900
1
0
0
899
900
20
0
1
899
900
15
0
2
899
900
18
1
0
899
900
6
1
1
899
900
4
1
2
899
900
9
1
3
900
901
18
0
0
900
901
1
0
1
900
901
3
0
2
900
901
23
0
3
900
901
14
1
0
900
901
20
1
1
900
901
6
1
2
900
901
8
1
3
901
902
0
0
0
901
902
23
0
1
901
902
19
0
2
901
902
0
0
3
901
902
23
1
0
901
902
19
1
1
901
902
5
1
2
901
902
5
1
3
902
903
0
0
0
902
903
19
0
1
902
903
23
0
2
902
903
0
0
3
902
903
23
1
0
902
903
19
1
1
902
903
5
1
2
902
903
5
1
3
903
904
0
0
0
903
904
23
0
1
903
904
23
0
2
903
904
0
0
3
903
904
19
1
0
903
904
19
1
1
903
904
5
1
2
903
904
5
1
3
904
905
15
0
0
904
905
23
0
1
904
905
19
0
2
904
905
0
0
3
904
905
23
1
0
904
905
18
1
1
904
905
5
1
2
904
905
4
1
3
905
906
15
0
0
905
906
23
0
1
905
906
15
0
2
905
906
23
0
3
905
906
18
1
0
905
906
18
1
1
905
906
4
1
2
905
906
4
1
3
906
907
15
0
0
906
907
23
0
1
906
907
23
0
2
906
907
15
0
3
906
907
18
1
0
906
907
18
1
1
906
907
4
1
2
906
907
4
1
3
907
908
15
0
0
907
908
23
0
1
907
908
18
0
2
907
908
15
0
3
907
908
4
1
0
907
908
18
1
1
907
908
23
1
2
907
908
4
1
3
908
909
14
0
0
908
909
23
0
1
908
909
18
0
2
908
909
3
0
3
908
909
14
1
0
908
909
18
1
1
908
909
23
1
2
908
909
3
1
3
909
910
14
0
0
909
910
14
0
1
909
910
18
0
2
909
910
23
0
3
909
910
3
1
0
909
910
23
1
1
909
910
3
1
2
909
910
18
1
3
910
911
14
0
0
910
911
22
0
1
910
911
17
0
2
910
911
22
0
3
910
911
14
1
0
910
911
3
1
1
910
911
3
1
2
910
911
17
1
3
911
912
14
0
0
911
912
22
0
1
911
912
14
0
2
911
912
22
0
3
911
912
3
1
0
911
912
3
1
1
911
912
17
1
2
911
912
17
1
3
912
913
13
0
0
912
913
13
0
1
912
913
22
0
2
912
913
22
0
3
912
913
2
1
0
912
913
2
1
1
912
913
17
1
2
912
913
17
1
3
913
914
13
0
0
913
914
13
0
1
913
914
21
0
2
913
914
16
0
3
913
914
21
1
0
913
914
2
1
1
913
914
2
1
2
913
914
16
1
3
914
915
13
0
0
914
915
21
0
1
914
915
13
0
2
914
915
21
0
3
914
915
16
1
0
914
915
2
1
1
914
915
16
1
2
914
915
2
1
3
915
916
12
0
0
915
916
21
0
1
915
916
12
0
2
915
916
1
0
3
915
916
21
1
0
915
916
1
1
1
915
916
16
1
2
915
916
16
1
3
916
917
12
0
0
916
917
21
0
1
916
917
12
0
2
916
917
21
0
3
916
917
1
1
0
916
917
1
1
1
916
917
16
1
2
916
917
16
1
3
917
918
11
0
0
917
918
20
0
1
917
918
16
0
2
917
918
21
1
0
917
918
16
1
3
918
919
11
0
0
918
919
20
0
1
918
919
20
0
2
918
919
11
0
3
918
919
16
1
0
918
919
0
1
1
918
919
0
1
2
918
919
16
1
3
919
920
11
0
0
919
920
20
0
1
919
920
20
0
2
919
920
11
0
3
919
920
16
1
0
919
920
0
1
1
919
920
0
1
2
919
920
16
1
3
920
921
11
0
0
920
921
20
0
1
920
921
16
0
2
920
921
11
0
3
920
921
20
1
0
920
921
0
1
1
920
921
0
1
2
920
921
16
1
3
921
922
11
0
0
921
922
21
0
1
921
922
13
0
2
921
922
2
0
3
921
922
19
1
0
921
922
8
1
1
921
922
0
1
2
921
922
16
1
3
922
923
13
0
0
922
923
19
0
1
922
923
10
1
0
922
923
16
1
3
923
924
12
0
0
923
924
9
0
1
923
924
7
0
2
923
924
21
0
3
923
924
19
1
0
923
924
4
1
1
923
924
15
1
2
923
924
2
1
3
924
925
10
0
0
924
925
21
0
1
924
925
8
0
2
924
925
0
0
3
924
925
19
1
0
924
925
14
1
1
924
925
5
1
2
924
925
3
1
3
925
926
11
0
0
925
926
13
0
1
925
926
2
0
2
925
926
19
0
3
925
926
9
1
0
925
926
7
1
1
925
926
15
1
2
925
926
4
1
3
926
927
9
0
0
926
927
12
0
1
926
927
4
0
2
926
927
7
0
3
926
927
20
1
0
926
927
18
1
1
926
927
15
1
2
926
927
1
1
3
927
928
8
0
0
927
928
20
0
1
927
928
11
0
2
927
928
14
0
3
927
928
18
1
0
927
928
6
1
1
927
928
0
1
2
927
928
3
1
3
928
929
23
0
0
928
929
8
0
1
928
929
20
0
2
928
929
18
0
3
928
929
14
1
0
928
929
6
1
1
928
929
3
1
2
928
929
1
1
3
929
930
8
0
0
929
930
23
0
1
929
930
17
0
2
929
930
6
0
3
929
930
19
1
0
929
930
0
1
1
929
930
13
1
2
929
930
2
1
3
930
931
23
0
1
930
931
19
0
3
930
931
19
1
0
930
931
0
1
2
930
931
0
1
3
931
932
23
0
0
931
932
23
0
1
931
932
19
0
2
931
932
5
0
3
931
932
19
1
0
931
932
0
1
1
931
932
0
1
2
931
932
5
1
3
932
933
23
0
0
932
933
23
0
1
932
933
5
0
2
932
933
19
0
3
932
933
18
1
0
932
933
4
1
1
932
933
15
1
2
932
933
0
1
3
933
934
23
0
0
933
934
23
0
1
933
934
18
0
2
933
934
18
0
3
933
934
15
1
0
933
934
4
1
1
933
934
15
1
2
933
934
4
1
3
934
935
23
0
0
934
935
18
0
1
934
935
18
0
2
934
935
23
0
3
934
935
4
1
0
934
935
15
1
1
934
935
15
1
2
934
935
4
1
3
935
936
23
0
0
935
936
18
0
1
935
936
23
0
2
935
936
18
0
3
935
936
4
1
0
935
936
4
1
1
935
936
15
1
2
935
936
15
1
3
936
937
23
0
0
936
937
18
0
1
936
937
18
0
2
936
937
23
0
3
936
937
14
1
0
936
937
3
1
1
936
937
14
1
2
936
937
3
1
3
937
938
23
0
0
937
938
18
0
1
937
938
3
0
2
937
938
23
0
3
937
938
18
1
0
937
938
14
1
1
937
938
14
1
2
937
938
3
1
3
938
939
22
0
0
938
939
22
0
1
938
939
17
0
2
938
939
14
0
3
938
939
17
1
0
938
939
3
1
1
938
939
14
1
2
938
939
3
1
3
939
940
22
0
0
939
940
22
0
1
939
940
3
0
2
939
940
17
0
3
939
940
17
1
0
939
940
14
1
1
939
940
14
1
2
939
940
3
1
3
940
941
22
0
0
940
941
22
0
1
940
941
17
0
2
940
941
17
0
3
940
941
2
1
0
940
941
13
1
1
940
941
13
1
2
940
941
2
1
3
941
942
21
0
0
941
942
21
0
1
941
942
2
0
2
941
942
16
0
3
941
942
13
1
0
941
942
16
1
1
941
942
13
1
2
941
942
2
1
3
942
943
21
0
0
942
943
21
0
1
942
943
16
0
2
942
943
12
0
3
942
943
16
1
0
942
943
12
1
1
942
943
1
1
2
942
943
1
1
3
943
944
21
0
0
943
944
21
0
1
943
944
1
0
2
943
944
16
0
3
943
944
16
1
0
943
944
12
1
1
943
944
12
1
2
943
944
1
1
3
944
945
21
0
0
944
945
16
0
1
944
945
21
0
2
944
945
12
0
3
944
945
16
1
0
944
945
1
1
1
944
945
12
1
2
944
945
1
1
3
945
946
21
0
0
945
946
21
0
1
945
946
16
0
2
945
946
12
0
3
945
946
16
1
0
945
946
12
1
1
945
946
1
1
2
945
946
1
1
3
946
947
20
0
0
946
947
16
0
1
946
947
0
0
2
946
947
20
0
3
946
947
16
1
0
946
947
11
1
1
946
947
11
1
2
946
947
0
1
3
947
948
20
0
0
947
948
20
0
1
947
948
0
0
2
947
948
16
0
3
947
948
16
1
0
947
948
11
1
1
947
948
11
1
2
947
948
0
1
3
948
949
20
0
0
948
949
20
0
1
948
949
16
0
2
948
949
11
0
3
948
949
16
1
0
948
949
0
1
1
948
949
11
1
2
948
949
0
1
3
949
950
20
0
0
949
950
20
0
1
949
950
16
0
2
949
950
16
0
3
949
950
10
1
0
949
950
10
1
1
949
950
15
1
2
949
950
15
1
3
950
951
2
0
0
950
951
19
0
1
950
951
21
0
2
950
951
16
0
3
950
951
8
1
0
950
951
10
1
1
950
951
13
1
2
950
951
15
1
3
951
952
21
0
0
951
952
8
0
1
951
952
2
0
2
951
952
19
0
3
951
952
5
1
0
951
952
10
1
1
951
952
0
1
2
951
952
13
1
3
952
953
4
0
0
952
953
19
0
1
952
953
21
0
2
952
953
1
0
3
952
953
6
1
0
952
953
9
1
1
952
953
11
1
2
952
953
15
1
3
953
954
20
0
0
953
954
6
0
1
953
954
8
0
2
953
954
2
0
3
953
954
18
1
0
953
954
11
1
1
953
954
13
1
2
953
954
0
1
3
954
955
18
0
0
954
955
3
0
1
954
955
20
0
2
954
955
9
0
3
954
955
6
1
0
954
955
11
1
1
954
955
14
1
2
954
955
0
1
3
955
956
20
0
0
955
956
8
0
1
955
956
6
0
2
955
956
18
0
3
955
956
3
1
0
955
956
11
1
1
955
956
14
1
2
955
956
0
1
3
956
957
18
0
0
956
957
6
0
1
956
957
1
0
2
956
957
8
0
3
956
957
3
1
0
956
957
14
1
1
956
957
20
1
2
956
957
23
1
3
957
958
1
0
0
957
958
23
0
3
957
958
6
1
0
957
958
19
1
1
957
958
19
1
2
957
958
23
1
3
958
959
0
0
0
958
959
5
0
1
958
959
0
0
2
958
959
23
0
3
958
959
5
1
0
958
959
19
1
1
958
959
19
1
2
958
959
23
1
3
959
960
19
0
0
959
960
0
0
1
959
960
5
0
2
959
960
0
0
3
959
960
5
1
0
959
960
23
1
1
959
960
19
1
2
959
960
23
1
3
960
961
18
0
0
960
961
15
0
1
960
961
19
0
2
960
961
0
0
3
960
961
4
1
1
960
961
23
1
2
960
961
23
1
3
961
962
18
0
0
961
962
15
0
1
961
962
18
0
2
961
962
15
0
3
961
962
4
1
0
961
962
4
1
1
961
962
23
1
2
961
962
23
1
3
962
963
15
0
0
962
963
18
0
1
962
963
18
0
2
962
963
15
0
3
962
963
4
1
0
962
963
4
1
1
962
963
23
1
2
962
963
23
1
3
963
964
15
0
0
963
964
4
0
1
963
964
4
0
2
963
964
15
0
3
963
964
18
1
0
963
964
23
1
1
963
964
18
1
2
963
964
23
1
3
964
965
14
0
0
964
965
14
0
1
964
965
23
0
2
964
965
3
1
0
964
965
3
1
1
964
965
18
1
2
964
965
23
1
3
965
966
14
0
0
965
966
3
0
1
965
966
17
0
2
965
966
14
0
3
965
966
22
1
0
965
966
3
1
1
965
966
17
1
2
965
966
22
1
3
966
967
13
0
0
966
967
17
0
1
966
967
2
0
2
966
967
13
0
3
966
967
2
1
0
966
967
17
1
1
966
967
22
1
2
966
967
22
1
3
967
968
13
0
0
967
968
2
0
1
967
968
13
0
2
967
968
16
0
3
967
968
16
1
0
967
968
2
1
1
967
968
21
1
2
967
968
21
1
3
968
969
13
0
0
968
969
16
0
1
968
969
13
0
2
968
969
16
0
3
968
969
2
1
0
968
969
2
1
1
968
969
21
1
2
968
969
21
1
3
969
970
12
0
0
969
970
12
0
1
969
970
16
0
2
969
970
1
0
3
969
970
16
1
0
969
970
1
1
1
969
970
21
1
2
969
970
21
1
3
970
971
12
0
0
970
971
16
0
1
970
971
16
0
2
970
971
12
0
3
970
971
1
1
0
970
971
1
1
1
970
971
21
1
2
970
971
21
1
3
971
972
12
0
0
971
972
12
0
1
971
972
1
0
2
971
972
1
0
3
971
972
21
1
0
971
972
16
1
1
971
972
16
1
2
971
972
21
1
3
972
973
11
0
0
972
973
16
0
1
972
973
11
0
2
972
973
20
0
3
972
973
16
1
0
972
973
20
1
1
972
973
0
1
2
972
973
0
1
3
973
974
11
0
0
973
974
11
0
1
973
974
0
0
2
973
974
20
0
3
973
974
16
1
0
973
974
16
1
1
973
974
20
1
2
973
974
0
1
3
974
975
13
0
0
974
975
11
0
1
974
975
8
0
2
974
975
0
0
3
974
975
19
1
0
974
975
2
1
1
974
975
16
1
2
974
975
21
1
3
975
976
8
0
0
975
976
10
0
1
975
976
16
0
2
975
976
2
0
3
975
976
13
1
0
975
976
15
1
1
975
976
19
1
2
975
976
21
1
3
976
977
10
0
0
976
977
2
0
1
976
977
13
0
2
976
977
5
0
3
976
977
8
1
0
976
977
0
1
1
976
977
19
1
2
976
977
21
1
3
977
978
12
0
0
977
978
9
0
1
977
978
15
0
2
977
978
4
0
3
977
978
19
1
0
977
978
7
1
1
977
978
21
1
2
977
978
1
1
3
978
979
10
0
0
978
979
3
0
1
978
979
8
0
2
978
979
5
0
3
978
979
0
1
0
978
979
19
1
1
978
979
21
1
2
978
979
14
1
3
979
980
11
0
0
979
980
8
0
1
979
980
6
0
2
979
980
0
0
3
979
980
2
1
0
979
980
13
1
1
979
980
18
1
2
979
980
20
1
3
980
981
8
0
0
980
981
11
0
1
980
981
0
0
2
980
981
14
0
3
980
981
3
1
0
980
981
18
1
1
980
981
6
1
2
980
981
20
1
3
981
982
23
0
0
981
982
3
0
1
981
982
8
0
2
981
982
18
1
1
981
982
6
1
2
981
982
20
1
3
982
983
8
0
0
982
983
6
0
1
982
983
1
0
2
982
983
3
0
3
982
983
20
1
0
982
983
18
1
1
982
983
14
1
2
982
983
23
1
3
983
984
23
0
0
983
984
23
0
1
983
984
0
0
2
983
984
19
0
3
983
984
5
1
0
983
984
5
1
1
983
984
0
1
2
983
984
19
1
3
984
985
23
0
0
984
985
23
0
2
984
985
5
1
1
984
985
19
1
3
985
986
23
0
0
985
986
23
0
1
985
986
0
0
2
985
986
19
0
3
985
986
5
1
0
985
986
0
1
1
985
986
5
1
2
985
986
19
1
3
986
987
23
0
0
986
987
5
0
1
986
987
23
0
2
986
987
19
0
3
986
987
4
1
0
986
987
0
1
1
986
987
15
1
2
986
987
18
1
3
987
988
23
0
0
987
988
4
0
1
987
988
15
0
2
987
988
23
0
3
987
988
4
1
0
987
988
18
1
1
987
988
18
1
2
987
988
15
1
3
