#cP2016 11 21  0  0  0.00000000      97 d+D   IGb08 FIT AIUB
## 1924  86400.00000000   900.00000000 57713 0.0000000000000
+   80   G01G02G03G04G05G06G07G08G09G10G11G12G13G14G15G16G17
+        G18G19G20G21G22G23G24G25G26G27G28G29G30G31G32R01R02
+        R03R04R05R06R07R08R09R10R11R12R13R14R15R16R17R18R19
+        R20R21R22R23R24R26E01E02E08E09E11E12E14E18E19E22E24
+        E26E30C06C07C08C09C10C11C12C13C14J01  0  0  0  0  0
++         4  4  4  4  5  4  4  4  4  4  4  4  4  4  4  4  4
++         4  4  4  5  5  4  4  4  4  4  4  4  4  4  4  5  4
++         5  5  5  4  5  5 10  4  4  5  4  4  4  4  5  4  4
++         5  5  4  4  5  4  4  4  5  5  4  4  4  4  4  4  4
++         4  4  4  4  4  4  4  4  4  4  4  4  0  0  0  0  0
%c M  cc GPS ccc cccc cccc cccc cccc ccccc ccccc ccccc ccccc
%c cc cc ccc ccc cccc cccc cccc cccc ccccc ccccc ccccc ccccc
%f  1.2500000  1.025000000  0.00000000000  0.000000000000000
%f  0.0000000  0.000000000  0.00000000000  0.000000000000000
%i    0    0    0    0      0      0      0      0         0
%i    0    0    0    0      0      0      0      0         0
/* CODE MGEX ORBIT SOLUTION                                 
/* FOR DOY 16326                                            
/* INCLUDING ESTIMATED SATELLITE CLOCKS                     
/* PCV:IGS08      OL/AL:FES2004  NONE     YN ORB:CoN CLK:CoN
*  2016 11 21  0  0  0.00000000
PG01 -20932.791137 -11673.637478  11604.611597     41.142946
PG02  12259.860450  22135.078718   9132.189366    522.459232
PG03 -15131.841572  -2634.131688  21657.635522    -99.246125
PG04   4446.832348  14555.892959 -21566.140484     17.881882
PG05   4903.421229  21089.093855 -15332.474616    -76.844937
PG06   1750.167254  20014.721510  17379.926260    275.708670
PG07 -16582.632443   2469.998294 -20532.432640    409.117618
PG08 -20996.210453  -6149.291088 -15044.385715    -39.663121
PG09 -25068.549175   8014.306011  -3634.133733    248.506522
PG10  10635.904115 -23996.546976  -3718.696145   -114.795241
PG11 -24184.747226 -10770.129383   1391.576044   -671.980440
PG12  13551.664281   5197.111134  22105.896005    389.506379
PG13  12001.134913  12734.064373 -20085.919312    -55.945200
PG14   3445.576934 -15516.718002  21517.976940    -45.949569
PG15  21548.650570   5593.210434 -14899.192402   -334.981482
PG16  -2552.593930 -20993.832972 -15918.240573     16.354270
PG17 -12837.850675  14553.662219  18397.492329   -198.765437
PG18  15173.763382 -16835.045105 -13110.978722    577.685340
PG19  -6639.866740  14874.693621  20787.224073   -519.655642
PG20  15322.138267   4821.427927 -21309.470281    446.971073
PG21  14338.357420  -6808.632297 -20563.819848   -531.001890
PG22 -13692.906458  -9535.301238  20885.286310    184.492620
PG23 -25547.850094   -678.745567   8223.110262   -197.350732
PG24  21287.671925  13380.680093   8836.289303    -26.377818
PG25  16311.827262  -9520.134696  18464.956411   -285.665785
PG26   3453.248551 -25496.268294  -6455.767188   -503.118934
PG27  -8299.882005 -13232.576666 -21544.459281    168.318926
PG28 -13119.028477  22336.462441  -5146.669408    568.504966
PG29  26126.419800  -4584.675278  -1083.310828    642.565265
PG30  -8742.966975  13407.129898 -21180.207946    157.558643
PG31  -1918.858702 -20362.883828  16823.049831    235.561590
PG32  13762.134142 -15094.231751  16974.547273   -207.201850
PR01  10391.602860 -20506.493001  11066.130389   -138.006658
PR02  -4381.073030 -11229.936083  22504.597744    221.567148
PR03 -15958.950174   4209.966237  19492.610940     85.556846
PR04 -18036.050804  17413.919994   4747.708818    193.164836
PR05  -9572.961730  20336.581132 -12066.640801    -50.668058
PR06   5263.750155  10698.995072 -22569.714742    100.172248
PR07  16047.357707  -4453.957427 -19283.766956     20.387067
PR08  18153.273956 -17136.997837  -5213.587244    -26.979194
PR09   9720.579117  23083.911482   4676.137278     31.875312
PR10  12585.534764   8236.334319  20564.735331     16.495780
PR11   7646.577194 -10241.994515  22104.576359     11.472185
PR12  -3464.016670 -23531.210420   9427.237891    -39.960469
PR13 -11250.035939 -21615.468257  -7566.406023      4.521141
PR14 -12436.302981  -6708.913711 -21269.260028    405.989941
PR15  -8057.035630   8430.224205 -22683.430763      7.631294
PR16   2433.930208  22914.194466 -11068.593433     50.458953
PR17 -24989.631084  -5002.390225    221.042370     10.058958
PR18 -19647.024019   3559.894325  15921.222490    127.946198
PR19  -2280.947458  10359.618454  23195.672734   -168.968103
PR20  16473.978534  11089.342592  15985.573575   -263.392973
PR21  25024.439097   5031.049984     11.544133     91.071285
PR22  18792.443998  -4027.248700 -16699.453200    218.385768
PR23    456.002862 -10753.759626 -23134.270242     21.184541
PR24 -16309.628146 -10933.185006 -16310.867414   -143.489722
PR26  18032.450841  10501.810423  14698.155842     64.236882
PE01  -6811.657792  22405.883301 -18091.296649     79.092576
PE02   6819.712215 -22408.512795  18105.980009     -1.037052
PE08    484.965963 -20706.511529  21149.289982   3026.192780
PE09  17055.931262   6490.356651 -23303.988969   3083.625820
PE11  25874.332340  12743.351254   6635.497625   1539.538460
PE12  11019.700558  18145.569179  20626.819559    221.876956
PE14 -29584.986745  -4267.055077  -9913.108412   3182.369850
PE18  24876.813052  -3754.625503   -945.622638   3623.737490
PE19 -18991.762989  22162.388565  -4961.597827      3.734590
PE22  10585.478118 -13901.884960 -23904.152963   1848.105120
PE24  15559.082664  18245.738667  17365.164066  -1064.685410
PE26 -26685.295001    793.423560  12766.164579   4085.196730
PE30  -6252.270482 -28928.272189    301.317499   3341.378480
PC06 -23478.645759  33643.811419 -10163.292339   -407.271908
PC07  -7714.039731  34134.234868 -23127.992858    -33.435251
PC08 -16368.740154  18229.411533  34334.355646   -695.253994
PC09 -12000.704793  33268.918027 -23059.384482    -21.010265
PC10   3111.590929  40110.162339 -12016.273833   -241.524228
PC11  -4580.900597 -15362.090351 -22787.454280    317.514329
PC12  17326.885494 -12178.283242 -18191.999540    850.935795
PC13    205.968776  24561.211949  34280.754652    653.778390
PC14   2694.638731 -24108.807996  13772.302217    269.942454
PJ01 -28877.806086  27153.269389  19448.142341   -230.761087
*  2016 11 21  0 15  0.00000000
PG01 -21602.339861 -12677.324669   9095.161112     41.144026
PG02  11297.178965  21524.113598  11593.412367    522.454297
PG03 -14429.949349  -5017.310999  21716.636077    -99.247791
PG04   1945.651784  14867.563834 -21701.803102     17.883786
PG05   4237.815052  22595.821522 -13209.183794    -76.842755
PG06    220.111341  18604.349456  18962.588001    275.713149
PG07 -18073.411570    707.129350 -19425.861636    409.114572
PG08 -19251.441472  -6751.475749 -16983.055726    -39.663660
PG09 -25378.450217   7811.975204   -806.287415    248.513214
PG10  10719.611967 -23359.873936  -6496.590390   -114.796361
PG11 -24061.737032 -11188.199004  -1336.710796   -671.981330
PG12  12692.918962   7589.515606  21942.205837    389.506443
PG13   9698.334926  13093.720106 -21085.313214    -55.946778
PG14   5793.291957 -15823.907557  20754.247497    -45.951233
PG15  19907.077404   6317.654020 -16760.781103   -334.982637
PG16  -1816.080700 -22521.558185 -13735.984793     16.355592
PG17 -14771.739548  14795.256184  16619.006124   -198.764401
PG18  15031.180984 -15095.857548 -15168.990724    577.688195
PG19  -8985.346673  15136.249852  19729.990703   -519.655129
PG20  14812.159223   7168.125064 -21003.801749    446.973093
PG21  16040.313398  -5011.522603 -19853.945119   -531.001201
PG22 -13026.750093 -11755.898872  20149.894823    184.482892
PG23 -24585.562390  -1155.598345  10739.362463   -197.351938
PG24  21716.524196  14174.593531   6197.027988    -26.378060
PG25  15783.158232  -7361.739253  19866.449700   -285.671936
PG26   3859.377236 -25985.361336  -3677.449885   -503.122833
PG27  -5902.131861 -13842.410541 -21932.739737    168.323593
PG28 -12990.642036  21503.495564  -7928.402533    568.507698
PG29  26121.961596  -4376.984833   1810.442024    642.563649
PG30 -10344.716901  11552.918141 -21557.908074    157.559468
PG31   -463.694920 -18957.250433  18527.117653    235.559640
PG32  15582.950386 -15361.554601  15048.427771   -207.216704
PR01  11042.066004 -21504.814707   8162.739458   -138.006444
PR02  -2705.635598 -13365.075422  21578.067261    221.569524
PR03 -14337.946929   2317.656737  21009.665310     85.557785
PR04 -17443.473117  16896.642723   7832.931312    193.166252
PR05 -10303.728169  21431.543451  -9233.549587    -50.671069
PR06   3594.001412  12858.229125 -21757.725754    100.172740
PR07  14431.889858  -2568.006678 -20841.112001     20.385120
PR08  17521.330429 -16569.929822  -8279.960192    -26.979027
PR09   9974.900684  23395.449069   1492.493686     31.876964
PR10  13526.486736  10491.048213  18865.255763     16.496310
PR11   8554.634582  -7629.418154  22813.786688     11.471407
PR12  -3121.902755 -22232.256747  12254.939208    -39.959702
PR13 -11677.488717 -22244.249626  -4451.784731      4.520348
PR14 -13406.270296  -9047.088388 -19766.138486    405.995627
PR15  -9013.196050   5762.589616 -23145.124991      7.630673
PR16   2014.317397  21439.246413 -13771.459616     50.460082
PR17 -24846.972265  -4813.518900  -2996.390451     10.060353
PR18 -21454.159603   3403.063106  13430.941402    127.947485
PR19  -5087.933541   9857.498706  22966.960181   -168.969336
PR20  14422.033940  10579.518187  18169.246564   -263.394498
PR21  24856.518130   4822.393319   3227.227204     91.072602
PR22  20706.979436  -3839.538667 -14297.349712    218.387529
PR23   3271.203135 -10283.731212 -23121.606206     21.185449
PR24 -14218.590453 -10456.422920 -18443.624483   -143.489146
PR26  16123.804648  10045.466206  17046.317330     64.237702
PE01  -7152.008824  20716.454498 -19884.046428     79.083853
PE02   7159.100337 -20720.563941  19897.890168     -1.036912
PE08   1778.581935 -22021.976051  19702.275866   3026.551460
PE09  15534.568476   7984.166472 -23895.549167   3083.991130
PE11  25202.658776  12482.322688   9214.548260   1539.551650
PE12   9174.115328  17600.486773  21960.061176    221.952879
PE14 -29089.278643  -4271.378642 -12043.595448   3182.679830
PE18  24475.888096  -2921.168677   1931.369713   3624.086180
PE19 -19195.138269  22422.375683  -2291.121654      3.734940
PE22  12638.465722 -13346.425123 -23214.449619   1848.316130
PE24  16037.365156  19647.318858  15275.935207  -1064.745800
PE26 -27708.705224    569.426039  10372.695951   4085.570520
PE30  -6358.256290 -28743.699090   3068.172011   3341.737360
PC06 -22878.565050  34638.931083  -8007.717272   -407.303370
PC07  -7243.312832  33126.275250 -24700.459416    -33.441923
PC08 -17644.310018  18325.142716  33635.759404   -695.274392
PC09 -11914.392863  34434.736460 -21347.975553    -21.052188
PC10   3925.992632  39361.370244 -14074.467311   -241.541643
PC11  -2211.836473 -15419.352652 -23107.113800    317.507785
PC12  19104.975464 -12189.193093 -16321.379185    850.960800
PC13   -918.413279  24166.422311  34538.783638    653.804301
PC14   3402.898617 -25200.044489  11456.100255    269.952138
PJ01 -28279.407580  27063.349598  20746.036097   -230.734672
*  2016 11 21  0 30  0.00000000
PG01 -22112.421938 -13441.719590   6430.690806     41.145119
PG02  10108.031920  20791.396280  13863.254034    522.449167
PG03 -13855.818828  -7419.424833  21401.622977    -99.249474
PG04   -531.862937  15308.948176 -21456.284612     17.885374
PG05   3700.967313  23887.417026 -10857.397868    -76.840533
PG06  -1499.929277  17167.302071  20219.158359    275.717703
PG07 -19549.477581   -869.946465 -17984.341498    409.111154
PG08 -17346.398196  -7506.053846 -18628.959750    -39.664789
PG09 -25392.293275   7529.993974   2035.425159    248.519770
PG10  10766.794188 -22427.485063  -9162.040660   -114.797376
PG11 -23675.656005 -11495.291015  -4042.066560   -671.982073
PG12  11982.348248   9985.507206  21396.707565    389.506286
PG13   7328.283982  13593.454824 -21725.442880    -55.948664
PG14   8020.984445 -16232.535191  19640.296668    -45.952664
PG15  18121.324830   7188.317080 -18340.931640   -334.983590
PG16  -1242.680909 -23838.988416 -11314.190854     16.357253
PG17 -16483.603015  15089.389901  14559.243766   -198.764125
PG18  14925.291106 -13132.860615 -16953.554789    577.691285
PG19 -11171.746095  15496.457894  18328.634344   -519.654415
PG20  14420.579954   9483.099836 -20341.644383    446.974424
PG21  17743.275801  -3367.810435 -18780.405372   -531.000502
PG22 -12483.548775 -13907.592797  19073.916656    184.473288
PG23 -23390.164251  -1759.967300  13076.763514   -197.352994
PG24  21958.484978  14743.960745   3452.327369    -26.377631
PG25  15340.407412  -5042.294802  20920.613724   -285.678068
PG26   4170.157967 -26183.863474   -835.597606   -503.126712
PG27  -3517.675642 -14588.659773 -21945.269157    168.328220
PG28 -12818.381072  20363.595373 -10570.243503    568.510050
PG29  25811.490458  -4091.893570   4672.991707    642.562190
PG30 -12051.938468   9766.756957 -21564.498109    157.560206
PG31   1185.118730 -17508.741493  19910.620494    235.557573
PG32  17165.419915 -15653.853598  12863.235562   -207.231518
PR01  11411.180315 -22244.698879   5100.901702   -138.006322
PR02  -1270.165052 -15502.811035  20233.341521    221.570941
PR03 -12765.717880    180.554801  22120.272471     85.557816
PR04 -16677.656422  16034.460412  10766.149300    193.167680
PR05 -10750.749704  22279.314319  -6221.116777    -50.673630
PR06   2154.479227  15027.665178 -20524.147218    100.172436
PR07  12861.167098   -433.593670 -21992.361586     20.383679
PR08  16720.769781 -15657.287465 -11185.274656    -26.979196
PR09  10093.322873  23326.369675  -1720.246838     31.878391
PR10  14538.964459  12457.666602  16797.908059     16.496668
PR11   9675.823054  -5035.090316  23081.172829     11.471185
PR12  -2544.318387 -20660.470136  14846.499591    -39.959048
PR13 -11985.542090 -22488.011276  -1250.745086      4.519549
PR14 -14463.796610 -11115.651625 -17880.543993    406.000303
PR15 -10179.886890   3147.090400 -23156.813341      7.630028
PR16   1354.047101  19713.085275 -16208.459874     50.461023
PR17 -24299.943342  -4596.803819  -6155.458605     10.061922
PR18 -22947.562063   3411.846447  10680.714704    127.948798
PR19  -7869.520930   9573.358380  22292.111628   -168.970264
PR20  12092.617517  10197.128175  19999.526407   -263.396400
PR21  24283.941897   4589.528228   6380.337198     91.073782
PR22  22318.608672  -3824.954260 -11615.783480    218.388476
PR23   6084.620550 -10028.100098 -22660.347017     21.186011
PR24 -11859.024458 -10114.276584 -20218.993828   -143.489350
PR26  13919.329708   9707.662000  19063.995902     64.242242
PE01  -7663.517786  18914.028410 -21429.297056     79.075163
PE02   7669.507377 -18919.811223  21442.477498     -1.036810
PE08   2886.214672 -23315.912392  18010.281278   3026.910150
PE09  14091.511234   9607.750391 -24189.888510   3084.356490
PE11  24291.304735  12223.549623  11678.928720   1539.564900
PE12   7189.270148  17163.779415  23020.203897    222.028830
PE14 -28429.656793  -4327.072561 -14052.963363   3182.989860
PE18  23775.266459  -1965.965610   4766.653503   3624.434880
PE19 -19219.053761  22514.722280    407.839965      3.735328
PE22  14651.243438 -12949.629922 -22236.340526   1848.527140
PE24  16554.536992  20823.560200  12996.836290  -1064.806120
PE26 -28527.835985    461.880772   7850.099178   4085.944310
PE30  -6372.231055 -28316.931330   5796.851807   3342.096270
PC06 -22154.111070  35548.196228  -5817.934626   -407.334799
PC07  -6908.227219  32063.176839 -26164.942152    -33.449007
PC08 -18896.421268  18587.056534  32792.421649   -695.294916
PC09 -11676.435943  35579.948362 -19545.074370    -21.094006
PC10   4635.027936  38510.283093 -16071.277902   -241.558819
PC11    163.446280 -15624.764536 -23082.482658    317.501021
PC12  20674.618576 -12291.895519 -14209.106970    850.985822
PC13  -2084.790767  23922.199919  34648.097658    653.830253
PC14   3943.837745 -26106.740163   8969.589017    269.961728
PJ01 -27713.611530  26912.988929  21966.907927   -230.708247
*  2016 11 21  0 45  0.00000000
PG01 -22426.695361 -13980.841688   3656.813962     41.146230
PG02   8694.021503  19976.496462  15904.865465    522.444215
PG03 -13416.218042  -9792.161251  20718.058705    -99.251119
PG04  -2936.569808  15867.389161 -20833.264460     17.887701
PG05   3269.308539  24930.950368  -8317.464071    -76.838590
PG06  -3388.477705  15745.729293  21128.061815    275.722162
PG07 -20967.569577  -2245.623886 -16233.934466    409.108299
PG08 -15326.128876  -8421.264197 -19953.500682    -39.666004
PG09 -25122.516313   7133.871456   4842.113892    248.526420
PG10  10815.086813 -21209.258689 -11668.937429   -114.798486
PG11 -23021.672286 -11723.624761  -6678.425631   -671.982904
PG12  11426.805713  12334.068941  20479.627009    389.506305
PG13   4939.700296  14232.723959 -21995.708364    -55.950404
PG14  10088.532180 -16718.386860  18194.134681    -45.954590
PG15  16232.869245   8210.363407 -19612.681847   -334.984649
PG16   -809.701865 -24907.623819  -8694.519176     16.358563
PG17 -17946.094986  15400.316375  12252.065433   -198.763115
PG18  14884.069178 -10979.048097 -18431.678413    577.694366
PG19 -13159.842970  15928.101092  16608.787829   -519.653913
PG20  14145.103635  11721.462048 -19334.030580    446.976251
PG21  19403.450441  -1898.123455 -17364.572772   -530.999015
PG22 -12057.872339 -15946.997331  17674.963678    184.463436
PG23 -21994.666900  -2512.849989  15196.426367   -197.354342
PG24  21982.672724  15108.412330    648.951626    -26.378211
PG25  15007.987853  -2605.406374  21609.377570   -285.684173
PG26   4420.593479 -26078.982997   2020.690564   -503.130571
PG27  -1194.024301 -15456.496257 -21581.281776    168.332866
PG28 -12642.654936  18926.317575 -13024.277905    568.512922
PG29  25211.556995  -3693.961563   7455.005147    642.560684
PG30 -13831.503238   8083.591038 -21200.209819    157.561068
PG31   3008.917923 -16061.453201  20950.759256    235.555592
PG32  18488.118560 -15934.539931  10456.533772   -207.246413
PR01  11530.375421 -22680.063928   1940.057458   -138.006426
PR02    -92.387582 -17577.982729  18496.268031    221.572496
PR03 -11295.344558  -2159.236443  22802.911950     85.559355
PR04 -15795.949987  14821.450339  13490.464708    193.169543
PR05 -10942.875977  22831.549621  -3087.824274    -50.676570
PR06    964.044228  17143.074675 -18892.923683    100.173398
PR07  11389.014571   1907.401273 -22715.134770     20.381714
PR08  15809.283806 -14394.369166 -13872.893589    -26.979496
PR09  10025.410732  22898.778421  -4899.431801     31.880119
PR10  15567.198926  14100.400753  14402.850114     16.496624
PR11  10986.455271  -2524.585406  22901.413047     11.470486
PR12  -1707.670883 -18871.522546  17151.700819    -39.958583
PR13 -12119.907392 -22362.259550   1974.575792      4.518381
PR14 -15555.044739 -12875.537105 -15649.098148    406.005834
PR15 -11528.095860    649.106841 -22717.887292      7.630168
PR16    433.868452  17794.399439 -18332.422138     50.462082
PR17 -23356.870739  -4408.145210  -9194.627880     10.063708
PR18 -24085.878248   3542.160051   7723.787407    127.950087
PR19 -10555.151950   9503.511762  21184.204041   -168.971026
PR20   9540.466618   9980.929763  21440.969382   -263.397407
PR21  23315.842391   4388.559437   9409.730304     91.074905
PR22  23582.481640  -3940.904647  -8707.022197    218.389632
PR23   8825.589050  -9985.855888 -21759.446701     21.186351
PR24  -9286.726227  -9943.584641 -21602.656740   -143.490031
PR26  11470.575135   9528.991877  20712.058037     64.242596
PE01  -8354.385446  17036.345422 -22707.816115     79.066504
PE02   8359.137920 -17043.953362  22720.568842     -1.036688
PE08   3803.989374 -24553.084146  16094.346922   3027.268860
PE09  12753.902843  11335.795552 -24183.328884   3084.721840
PE11  23150.166637  11999.998003  13997.971394   1539.578160
PE12   5096.886133  16855.238417  23794.081391    222.104739
PE14 -27624.326089  -4455.103510 -15924.060488   3183.299890
PE18  22779.462135   -864.103569   7494.797431   3624.783720
PE19 -19086.843439  22416.612968   3101.730960      3.735695
PE22  16586.886888 -12707.021648 -20981.989820   1848.738140
PE24  17075.955746  21762.056749  10556.197169  -1064.866390
PE26 -29122.475679    443.484287   5229.773007   4086.318120
PE30  -6263.405569 -27665.579197   8453.409991   3342.455210
PC06 -21317.627969  36356.217790  -3603.317466   -407.366040
PC07  -6714.858319  30963.292661 -27515.083409    -33.455801
PC08 -20103.489982  19010.610151  31807.899105   -695.315547
PC09 -11290.856695  36685.015219 -17658.466220    -21.135903
PC10   5226.178798  37571.620009 -17997.997279   -241.575969
PC11   2500.534049 -15974.211575 -22714.174242    317.494774
PC12  22009.473806 -12456.335285 -11886.636242    851.010589
PC13  -3273.094771  23832.686601  34608.140726    653.856172
PC14   4337.957513 -26798.423939   6349.654924    269.971271
PJ01 -27188.618846  26707.860799  23106.987584   -230.681767
*  2016 11 21  1  0  0.00000000
PG01 -22513.586142 -14316.036177    820.821273     41.147336
PG02   7064.464135  19118.952974  17685.157973    522.438995
PG03 -13109.824906 -12087.239390  19677.751910    -99.252786
PG04  -5222.344103  16522.486536 -19843.227499     17.890304
PG05   2914.042385  25700.149138  -5633.158545    -76.836007
PG06  -5416.576997  14378.256188  21673.697152    275.726641
PG07 -22283.854697  -3412.814566 -14205.775899    409.105198
PG08 -13237.781002  -9497.188563 -20933.603152    -39.667402
PG09 -24589.520754   6592.754044   7565.465114    248.533005
PG10  10900.268340 -19723.652571 -13973.949197   -114.799630
PG11 -22102.504449 -11906.588399  -9201.476184   -671.983783
PG12  11024.427452  14584.670273  19207.643668    389.506493
PG13   2580.845487  15002.800841 -21891.748336    -55.952095
PG14  11961.189476 -17251.229216  16439.399841    -45.956032
PG15  14284.634494   9381.413148 -20554.058018   -334.985581
PG16   -488.029852 -25695.653593  -5922.388641     16.359753
PG17 -19139.669973  15688.888748   9735.788438   -198.762402
PG18  14930.086955  -8673.741662 -19576.036364    577.696968
PG19 -14917.258286  16398.411746  14601.454908   -519.653302
PG20  13976.118271  13839.984724 -17997.800510    446.977942
PG21  20976.140497   -614.596951 -15634.139666   -530.998443
PG22 -11737.229371 -17833.121746  15976.106804    184.453680
PG23 -20436.678825  -3428.746899  17062.965218   -197.355440
PG24  21763.892998  15293.833798  -2165.447139    -26.378972
PG25  14802.902499    -98.879295  21921.176375   -285.690329
PG26   4647.586294 -25666.629534   4842.073236   -503.134425
PG27   1024.429802 -16423.429021 -20846.457731    168.337487
PG28 -12502.179176  17210.913172 -15245.401077    568.515533
PG29  24346.858856  -3151.922983  10108.546936    642.559000
PG30 -15645.206159   6532.288443 -20471.641677    157.561914
PG31   4981.379069 -14656.346630  21630.799623    235.553653
PG32  19537.923532 -16164.905601   7869.722859   -207.261281
PR01  11440.305453 -22774.173295  -1258.440511   -138.005419
PR02    822.443806 -19524.808046  16400.321573    221.574108
PR03  -9972.198840  -4650.078009  23044.303481     85.560432
PR04 -14857.375740  13264.636191  15953.041947    193.171513
PR05 -10918.587807  23048.807013    105.469032    -50.679698
PR06     29.290463  19139.362365 -16895.678115    100.173406
PR07  10061.620207   4403.395749 -22995.425553     20.379952
PR08  14846.042737 -12789.509639 -16290.365316    -26.979150
PR09   9727.258862  22146.483008  -7983.037770 999999.999999
PR10  16551.307064  15395.986546  11726.698171     16.497006
PR11  12451.670761   -158.393311  22277.820912     11.469708
PR12   -599.965458 -16926.699017  19125.710002    -39.958301
PR13 -12031.775844 -21894.871241   5161.550418      4.518414
PR14 -16621.318040 -14299.733351 -13115.056114    406.011419
PR15 -13017.834567  -1672.215200 -21836.524732      7.629256
PR16   -753.531482  15746.508053 -20102.146194     50.463196
PR17 -22039.321638  -4301.057561 -12054.710011     10.065389
PR18 -24839.304489   3743.406531   4617.386253    127.951386
PR19 -13077.009306   9631.931619  19664.727468   -168.971761
PR20   6828.083323   9959.452403  22465.722994   -263.399078
PR21  21974.527051   4273.041629  12256.650398     91.076416
PR22  24465.158292  -4137.668143  -5627.872012    218.390793
PR23  11425.481348 -10143.599950 -20436.375719     21.186722
PR24  -6564.830622  -9970.768120 -22567.873427   -143.490775
PR26   8837.472655   9540.311572  21958.518115     64.244764
PE01  -9226.306402  15122.411550 -23703.693488     79.057827
PE02   9229.700328 -15131.945125  23716.303404     -1.036553
PE08   4534.185779 -25698.611540  13978.296791   3027.627500
PE09  11544.430249  13138.860122 -23875.934118   3085.087180
PE11  21795.220085  11842.647511  16142.819251   1539.591460
PE12   2931.802086  16689.234895  24272.087133    222.180685
PE14 -26693.194055  -4673.357182 -17641.182118   3183.609870
PE18  21505.727898    402.993325  10047.839949   3625.132630
PE19 -18825.791087  22110.109932   5757.056516      3.736049
PE22  18410.080992 -12608.117636 -19466.987609   1848.949200
PE24  17565.744338  22456.971093   7984.354095  -1064.926760
PE26 -29478.035991    483.918730   2544.336654   4086.691890
PE30  -6004.677505 -26812.890642  11004.800318   3342.814070
PC06 -20383.355269  37049.349532  -1373.329824   -407.397612
PC07  -6666.818671  29845.619488 -28745.037369    -33.462456
PC08 -21244.707112  19588.473010  30686.360243   -695.336131
PC09 -10764.193798  37731.094581 -15696.281989    -21.177854
PC10   5688.969959  36561.625489 -19846.227231   -241.593443
PC11   4756.487719 -16456.327034 -22007.929224    317.488741
PC12  23089.880923 -12648.779730  -9388.465345    851.035602
PC13  -4462.881124  23899.362085  34418.999935    653.882080
PC14   4610.964339 -27249.939699   3635.217765    269.980948
PJ01 -26711.739681  26454.539011  24162.821793   -230.655376
*  2016 11 21  1 15  0.00000000
PG01 -22347.555433 -14474.962657  -2029.102984     41.148437
PG02   5236.203050  18256.805563  19175.240802    522.434137
PG03 -12927.359202 -14258.088815  18298.651656    -99.254449
PG04  -7347.715735  17246.883954 -18503.301701     17.892420
PG05   2602.452811  26176.385956  -2850.928980    -76.834916
PG06  -7548.719133  13098.563032  21846.702447    275.731122
PG07 -23455.567529  -4372.956846 -11935.472734    409.101849
PG08 -11128.907577 -10725.584049 -21552.129425    -39.668287
PG09 -23820.843538   5880.818765  10158.574938    248.539598
PG10  11054.704850 -17997.105050 -16037.281508   -114.800752
PG11 -20928.325537 -12077.283695 -11569.343547   -671.984566
PG12  10764.843958  16689.059393  17603.542134    389.506543
PG13    297.875192  15887.051818 -21415.495590    -55.953968
PG14  13610.742675 -17795.971667  14405.036123    -45.957374
PG15  12319.506590  10691.449997 -21148.456947   -334.986610
PG16   -243.453692 -26179.208971  -3046.173457     16.361025
PG17 -20053.237491  15914.143798   7052.624267   -198.761576
PG18  15079.462550  -6261.191116 -20365.579864    577.699900
PG19 -16419.470549  16870.460076  12342.381595   -519.652710
PG20  13897.135639  15798.567342 -16355.346456    446.979623
PG21  22417.511397    479.318455 -13622.394355   -530.997725
PG22 -11502.633852 -19528.775477  14005.546818    184.443946
PG23 -18757.081592  -4514.941311  18645.031898   -197.356411
PG24  21283.687955  15331.203358  -4943.109834    -26.380461
PG25  14734.076093   2426.966366  21851.129131   -285.696546
PG26   4888.303356 -24951.606153   7579.829556   -503.138251
PG27   3097.939632 -17460.100376 -19752.865401    168.342168
PG28 -12432.229424  15245.835393 -17192.294623    568.518179
PG29  23249.276145  -2440.097202  12587.909194    642.557502
PG30 -17451.116597   5134.694717 -19391.623090    157.562809
PG31   7069.394035 -13329.756607  21940.278459    235.551386
PG32  20310.361763 -16305.740634   5147.329260   -207.276163
PR01  11188.896736 -22501.273877  -4432.517084   -138.005397
PR02   1481.543648 -21279.520023  13985.975812    221.576123
PR03  -8832.136671  -7232.692595  22839.665735     85.561563
PR04 -13920.036554  11383.929170  18106.128073    193.172812
PR05 -10724.133490  22902.294041   3296.710835    -50.682742
PR06   -655.493239  20953.157599 -14571.103700    100.173465
PR07   8915.679204   6995.023753 -22827.871478     20.378379
PR08  13889.091624 -10863.986206 -18390.461590    -26.979274
PR09   9163.601438  21113.484578 -10910.898041     31.883596
PR10  17429.907965  16334.426704   8821.614660     16.496885
PR11  14026.774487   2010.368446  21222.294861     11.468929
PR12    778.414701 -14890.433307  20729.953575    -39.958003
PR13 -11680.101330 -21124.805479   8248.277736      4.517861
PR14 -17601.579892 -15374.148741 -10327.474086    406.016460
PR15 -14599.711673  -3766.213270 -20529.558737      7.628551
PR16  -2202.962369  13634.821237 -21483.198592     50.464658
PR17 -20381.292192  -4324.168343 -14680.025597     10.067212
PR18 -25190.733421   3960.831500   1421.623400    127.953028
PR19 -15372.615485   9931.022767  17763.171074   -168.972626
PR20   4023.349255  10149.703561  23054.054331   -263.400290
PR21  20294.646123   4291.492821  14865.864777     91.077645
PR22  24945.930178  -4360.737690  -2438.549715    218.391844
PR23  13820.328671 -10476.188439 -18716.784787     21.186961
PR24  -3761.415524 -10210.625642 -23095.990653   -143.491323
PR26   6086.063802   9761.319093  22779.156404     64.247340
PE01 -10274.366673  13211.317613 -24404.539348     79.049150
PE02  10276.305188 -13222.819994  24417.327947     -1.036388
PE08   5085.101343 -26719.055569  11688.442282   3027.986160
PE09  10480.653539  14984.242828 -23271.510085   3085.452560
PE11  20248.060584  11779.469852  18086.785515   1539.604750
PE12    730.948213  16674.260453  24448.292720    222.256612
PE14 -25657.445283  -4996.377192 -19189.917120   3183.919940
PE18  19984.448226   1845.511005  12358.793552   3625.481420
PE19 -18466.227318  21582.759093   8340.799530      3.736395
PE22  20088.171160 -12636.796522 -17710.156884   1849.160410
PE24  17987.955248  22909.167580   5313.273222  -1064.986870
PE26 -29586.001279    550.867858   -172.777570   4087.065680
PE30  -5573.544719 -25787.016202  13419.288787   3343.172980
PC06 -19367.183362  37615.918703    862.512778   -407.429085
PC07  -6765.195422  28729.467471 -29849.495696    -33.469270
PC08 -22300.397301  20310.651417  29432.568554   -695.356942
PC09 -10105.388220  38700.361633 -13666.963067    -21.219796
PC10   6015.151826  35497.787171 -21607.917629   -241.610472
PC11   6891.225856 -17052.899694 -20974.514192    317.482322
PC12  23903.451612 -12833.089341  -6751.623956    851.060552
PC13  -5633.682160  24121.016884  34081.406538    653.908007
PC14   4792.744592 -27442.340152    866.650480    269.990561
PJ01 -26289.296096  26160.374923  25131.269484   -230.628953
*  2016 11 21  1 30  0.00000000
PG01 -21910.145316 -14490.358722  -4844.668789     41.149539
PG02   3233.162315  17425.198472  20350.805981    522.428878
PG03 -12852.034371 -16261.467932  16604.536141    -99.256113
PG04  -9277.322999  18007.356966 -16836.958369     17.894670
PG05   2299.377218  26349.382135    -19.077888    -76.832529
PG06  -9744.031167  11934.168709  21644.113762    275.735629
PG07 -24442.601390  -5135.700535  -9462.446475    409.099133
PG08  -9045.764041 -12090.048409 -21798.192503    -39.669093
PG09 -22850.065326   4978.475661  12576.759817    248.546207
PG10  11305.938736 -16063.135195 -17823.370387   -114.801861
PG11 -19516.403453 -12267.120016 -13743.200983   -671.985493
PG12  10629.734115  18602.960704  15695.759228    389.506378
PG13  -1866.724168  16861.520578 -20575.134338    -55.955827
PG14  15016.434573 -18314.034729  12124.880599    -45.958852
PG15  10378.850322  12123.017747 -21384.956456   -334.987483
PG16    -38.208785 -26343.318419   -116.324989     16.362472
PG17 -20684.510416  16034.989518   4248.029715   -198.761080
PG18  15341.098821  -3788.959932 -20785.998359    577.702796
PG19 -17650.516928  17304.698987   9871.361201   -519.651969
PG20  13885.502171  17561.592178 -14434.268740    446.981448
PG21  23686.293699   1388.666799 -11367.392706   -530.996671
PG22 -11329.430512 -21001.849289  11796.199496    184.433972
PG23 -16998.597009  -5771.041195  19915.803007   -197.357514
PG24  20531.141199  15255.249321  -7636.947759    -26.381118
PG25  14802.024710   4921.072904  21401.088079   -285.702730
PG26   5178.533979 -23947.467604  10186.709891   -503.142042
PG27   4992.756051 -18531.364295 -18318.793842    168.346866
PG28 -12463.015186  13067.853742 -18828.358543    568.520706
PG29  21956.641707  -1539.582725  14850.401660    642.555778
PG30 -19205.079162   3904.967955 -17978.974279    157.563657
PG31   9234.200066 -12112.106897  21875.098461    235.549291
PG32  20809.631525 -16318.981577   2336.238121   -207.290997
PR01  10829.099391 -21847.791968  -7520.578344   -138.005219
PR02   1904.058844 -22782.944684  11299.936559    221.577739
PR03  -7900.104207  -9842.387748  22192.815992     85.562102
PR04 -13038.581911   9211.538637  19907.973702    193.174388
PR05 -10411.344390  22375.188354   6423.864582    -50.685600
PR06  -1107.840770  22525.351773 -11964.221142    100.174602
PR07   7976.958807   9617.387869 -22215.851069     20.376422
PR08  12992.807994  -8651.386447 -20132.115454    -26.978763
PR09   8309.562499  19852.054498 -13625.893833 999999.999999
PR10  18142.824270  16919.178478   5744.280951     16.497582
PR11  15659.005814   3937.931122  19755.104329     11.468578
PR12   2414.443596 -12827.722009  21932.882632    -39.957280
PR13 -11033.567060 -20100.367539  11174.787044      4.518118
PR14 -18435.086560 -16097.946263  -7340.269406    406.022000
PR15 -16216.926390  -5592.599675 -18822.174044      7.628686
PR16  -3896.689502  11524.227286 -22448.584567     50.465706
PR17 -18427.889295  -4518.931811 -17019.495903     10.068780
PR18 -25136.391207   4138.059200  -1801.655088    127.954736
PR19 -17387.217771  10362.898678  15516.453614   -168.973220
PR20   1196.925988  10556.377757  23194.718909   -263.401441
PR21  18321.861764   4485.125461  17186.732473     91.079126
PR22  25017.618283  -4553.381822    798.519911    218.392826
PR23  15953.253357 -10947.884646 -16634.011605     21.187805
PR24   -946.908968 -10665.631133 -23176.795679   -143.491779
PR26   3285.980575  10199.618112  23157.988915     64.247945
PE01 -11487.150474  11341.058117 -24801.638153     79.040467
PE02  11487.571985 -11354.512935  24814.948616     -1.036224
PE08   5470.725743 -27583.460069   9253.255372   3028.344800
PE09   9574.498275  16836.956662 -22377.558340   3085.817880
PE11  18535.270351  11834.503414  19805.686043   1539.618070
PE12  -1467.745008  16812.654950  24320.520596    222.332576
PE14 -24539.102956  -5435.162440 -20557.020334   3184.230040
PE18  18258.321965   3463.769395  14365.704060   3625.830270
PE19 -18040.533169  20828.026768  10820.831176      3.736796
PE22  21592.133181 -12771.843035 -15733.320687   1849.371530
PE24  18307.739172  23126.137775   2576.153821  -1065.047120
PE26 -29444.190349    611.096178  -2887.741995   4087.439460
PE30  -4952.874404 -24620.123321  15666.848584   3343.531860
PC06 -18286.381327  38046.422775   3094.682767   -407.460434
PC07  -7008.531972  27634.124571 -30823.710527    -33.476264
PC08 -23252.358505  21164.659138  28051.863195   -695.376883
PC09  -9325.628669  39576.312956 -11579.225176    -21.261677
PC10   6198.844483  34398.531918 -23275.402709   -241.627932
PC11   8868.804101 -17739.528548 -19629.545257    317.475783
PC12  24445.411742 -12972.073219  -4015.126137    851.085535
PC13  -6765.359228  24493.771510  33596.734235    653.933892
PC14   4916.190309 -27363.569962  -1914.825791    270.000153
PJ01 -25926.541051  25833.365174  26009.496917   -230.602543
*  2016 11 21  1 45  0.00000000
PG01 -21190.766339 -14398.626261  -7578.261386     41.150644
PG02   1085.657902  16655.100059  21192.460353    522.424174
PG03 -12860.311057 -18058.959782  14624.601260    -99.257786
PG04 -10983.121301  18766.157199 -14873.580131     17.897867
PG05   1968.786778  26217.596949   2813.098288    -76.830023
PG06 -11957.673724  10905.463713  21069.415027    275.740124
PG07 -25208.993303  -5718.286014  -6829.234416    409.096253
PG08  -7031.661845 -13566.513559 -21667.359873    -39.671014
PG09 -21715.496985   3873.331434  14778.330067    248.552913
PG10  11675.476986 -13961.177462 -19301.497749   -114.802989
PG11 -17890.498931 -12504.506946 -15687.805505   -671.986751
PG12  10593.694835  20287.612869  13517.838668    389.506441
PG13  -3875.555882  17895.799633 -19384.960590    -55.957655
PG14  16165.620412 -18764.877134   9637.161996    -45.960683
PG15   8501.080588  13651.703318 -21258.547797   -334.988768
PG16    167.321185 -26182.521112   2815.563262     16.363676
PG17 -21040.026827  16011.934032   1369.977463   -198.760018
PG18  15716.247325  -1306.169224 -20830.018018    577.705676
PG19 -18603.361565  17660.600788   7231.490062   -519.651394
PG20  13913.356720  19099.123648 -12266.946311    446.982848
PG21  24745.349955   2126.438492  -8911.059602   -530.995647
PG22 -11188.351195 -22226.423954   9385.197398    184.424385
PG23 -15204.293881  -7188.800746  20853.412878   -197.358665
PG24  19503.408998  15102.977724 -10201.305941    -26.381865
PG25  14998.873478   7333.442217  20579.561426   -285.708929
PG26   5551.106332 -22676.050423  12617.758780   -503.145986
PG27   6682.253283 -19597.608037 -16568.475361    168.351544
PG28 -12618.252440  10720.801605 -20122.566469    568.523135
PG29  20511.294336   -439.186844  16857.088148    642.553893
PG30 -20862.306785   2849.218094 -16258.167124    157.564509
PG31  11432.718298 -11026.876121  21437.515325    235.547541
PG32  21048.296666 -16169.326656   -515.116626   -207.305956
PR01  10416.438385 -20813.036148 -10462.705175   -138.005340
PR02   2120.025666 -23982.910599   8394.249860    221.578972
PR03  -7189.213805 -12411.514885  21116.108344     85.563660
PR04 -12261.837304   6790.876008  21323.637456    193.176152
PR05 -10035.222755  21463.473257   9426.120206    -50.688202
PR06  -1356.126262  23803.477200  -9125.514965    100.175443
PR07   7259.342842  12202.551049 -21171.408799     20.374549
PR08  12205.529443  -6196.461363 -21481.239259    -26.978745
PR09   7151.970186  18420.479581 -16075.083948 999999.999999
PR10  18633.752473  17166.778867   2554.775967     16.497870
PR11  17289.666075   5591.458251  17904.515124     11.467950
PR12   4282.718700 -10801.522285  22710.613849    -39.957164
PR13 -10072.152004 -18877.097767  13884.205331      4.516734
PR14 -19064.024397 -16483.336051  -4211.190437    406.027534
PR15 -17807.600080  -7122.914745 -16747.435023      7.628408
PR16  -5804.921675   9476.513508 -22979.283965     50.466629
PR17 -16233.561739  -4917.655965 -19027.641509     10.070386
PR18 -24685.938860   4219.701419  -4990.054698    127.956270
PR19 -19075.860038  10881.107318  12968.208869   -168.974326
PR20  -1580.451064  11171.601144  22885.164171   -263.403317
PR21  16111.073700   4885.891283  19174.184724     91.080382
PR22  24686.811731  -4659.309222   4019.955468    218.393988
PR23  17776.614192 -11513.972330 -14228.439428     21.188008
PR24   1808.594858 -11325.763214 -22808.710502   -143.492048
PR26    507.782843  10850.303915  23087.580295     64.247542
PE01 -12847.052941   9547.386759 -24890.056777     79.031786
PE02  12845.940712  -9562.719883  24904.237607     -1.036064
PE08   5710.237028 -28264.319122   6703.014837   3028.703450
PE09   8831.926494  18660.776474 -21205.183812   3086.183190
PE11  16687.631025  12027.053452  21278.140295   1539.631260
PE12  -3626.468843  17100.529814  23890.370351    222.408478
PE14 -23360.579129  -5997.017792 -21730.311839   3184.540060
PE18  16380.206831   5247.601939  16015.738302   3626.179120
PE19 -17582.081571  19845.553004  13166.310465      3.737195
PE22  22897.431681 -12987.654255 -13561.032283   1849.582550
PE24  18492.481441  23121.720556   -192.983904  -1065.107390
PE26 -29056.822345    631.557147  -5566.756364   4087.813220
PE30  -4131.503864 -23347.387912  17719.533474   3343.890780
PC06 -17159.301741  38333.689008   5313.679822   -407.491975
PC07  -7392.854061  26578.521708 -31663.514702    -33.483285
PC08 -24084.176586  22135.731136  26550.137027   -695.397761
PC09  -8438.158945  40344.047360  -9442.021240    -21.303530
PC10   6236.640326  33282.905590 -24841.435493   -241.645338
PC11  10658.546633 -18486.500263 -17993.240177    317.468993
PC12  24718.684171 -13028.882046  -1219.398025    851.110266
PC13  -7838.449927  25011.141746  32966.994632    653.959753
PC14   5015.917439 -27008.913223  -4667.762058    270.009766
PJ01 -25627.594407  25482.011928  26794.972860   -230.576020
*  2016 11 21  2  0  0.00000000
PG01 -20187.199421 -14238.293747 -10183.705188     41.151730
PG02  -1170.511951  15972.179134  21686.004201    522.418941
PG03 -12922.922719 -19618.288128  12392.956134    -99.259374
PG04 -12445.295926  19482.556421 -12647.906025     17.901203
PG05   1575.409993  25788.284442   5596.197234    -76.827729
PG06 -14142.398813  10025.029461  20132.478381    275.744629
PG07 -25724.250190  -6144.647302  -4080.762017    409.093276
PG08  -5125.442820 -15124.049489 -21161.743320    -39.671146
PG09 -20458.695161   2560.875881  16725.312649    248.559496
PG10  12177.826731 -11735.196851 -20446.318001   -114.804096
PG11 -16080.049372 -12813.688754 -17371.958573   -671.987619
PG12  10625.387924  21711.090215  11107.806364    389.506615
PG13  -5697.539318  18954.156629 -17865.147896    -55.959566
PG14  17054.126687 -19107.626857   6983.913417    -45.962233
PG15   6720.340603  15246.893349 -20770.283344   -334.989768
PG16    412.815887 -25701.109005   5697.726597     16.364736
PG17 -21134.836632  15808.788697  -1531.845546   -198.759428
PG18  16198.418375   1138.319062 -20497.527841    577.708876
PG19 -19279.925004  17898.320750   4468.390349   -519.650426
PG20  13948.800882  20387.905554  -9890.026291    446.984632
PG21  25563.042709   2712.703901  -6298.253466   -530.995131
PG22 -11046.765462 -23183.663004   6813.312244    184.414500
PG23 -13416.085072  -8752.230534  21441.326996   -197.359776
PG24  18205.958693  14912.125011 -12592.702215    -26.382206
PG25  15308.718495   9616.881937  19401.513980   -285.715151
PG26   6034.425224 -21166.693649  14831.095205   -503.149823
PG27   8147.782303 -20616.267832 -14531.700300    168.356168
PG28 -12914.007556   8254.004145 -21050.211742    568.525905
PG29  18958.471403    863.945584  18573.456564    642.552565
PG30 -22379.005333   1965.462087 -14258.893754    157.565270
PG31  13619.047796 -10089.848139  20636.023203    235.545481
PG32  21046.665490 -15825.754124  -3357.590558   -207.320896
PR01  10006.467858 -19409.377226 -13201.813650   -138.005675
PR02   2168.862067 -24836.388915   5325.300925    221.581277
PR03  -6700.328262 -14872.064364  19630.210659     85.564877
PR04 -11630.696588   4174.996695  22325.658972    193.177955
PR05  -9651.404513  20176.252234  12245.082169    -50.691018
PR06  -1438.123428  24743.828884  -6109.964638    100.176358
PR07   6764.394942  14682.163782 -19715.009733     20.372461
PR08  11567.452847  -3553.510374 -22411.405532    -26.978885
PR09   5690.177566  16880.572526 -18210.749244 999999.999999
PR10  18852.786839  17105.923793   -684.615850     16.497950
PR11  18856.517558   6950.170515  15706.259663     11.467080
PR12   6346.252675  -8870.240218  23047.431686    -39.956422
PR13  -8788.229766 -17515.374622  16323.864951      4.516484
PR14 -19436.042171 -16554.835647  -1000.714963    406.033012
PR15 -19307.348443  -8341.479545 -14345.652730      7.628045
PR16  -7886.811249   7547.926549 -23064.640124     50.467813
PR17 -13859.955750  -5541.927058 -20665.467925     10.071969
PR18 -23862.033348   4153.930285  -8081.829747    127.957405
PR19 -20405.055291  11432.733321  10167.939516   -168.974547
PR20  -4240.673381  11975.221343  22131.564964   -263.404368
PR21  13724.274686   5514.922860  20789.598819     91.082232
PR22  23973.536583  -4625.320077   7162.691414    218.394677
PR23  19253.775979 -12122.762350 -11546.719261     21.188815
PR24   4438.001167 -12168.873534 -21998.823007   -143.492110
PR26  -2179.738213  11696.090094  22569.193648     64.248899
PE01 -14330.789012   7862.744382 -24668.705447     79.023104
PE02  14328.178669  -7879.829459  24684.093462     -1.035908
PE08   5827.335257 -28738.439448   4069.429939   3029.062090
PE09   8252.796682  20419.327713 -19768.957629   3086.548520
PE11  14739.206981  12371.042916  22485.837116   1539.644400
PE12  -5708.654229  17527.889268  23163.198321    222.484429
PE14 -22144.215514  -6685.454109 -22698.604147   3184.850140
PE18  14409.761266   7176.735479  17268.667867   3626.527940
PE19 -17124.149928  18641.213596  15348.067764      3.737576
PE22  23984.740402 -13255.085262 -11220.271626   1849.793550
PE24  18512.870573  22915.625647  -2959.721253  -1065.167640
PE26 -28434.384698    580.495465  -8176.470232   4088.186990
PE30  -3104.654050 -22005.894848  19551.824953   3344.249720
PC06 -16005.067501  38472.994229   7510.069838   -407.523519
PC07  -7911.739735  25580.904491 -32365.339144    -33.490037
PC08 -24781.509345  23207.076836  24933.812166   -695.418060
PC09  -7458.050497  40990.519055  -7264.503497    -21.345516
PC10   6127.663541  32170.242113 -26299.220162   -241.662539
PC11  12235.990907 -19259.857599 -16090.103575    317.462562
PC12  24733.710283 -12968.390197   1594.311654    851.135153
PC13  -8834.503990  25664.148930  32194.829895    653.985630
PC14   5126.922331 -26381.188720  -7351.107376    270.019474
PJ01 -25395.396414  25115.177683  27485.463924   -230.549611
*  2016 11 21  2 15  0.00000000
PG01 -18905.794983 -14048.411599 -12617.001022     41.152782
PG02  -3495.168882  15395.874322  21822.655157    522.413813
PG03 -13006.133025 -20914.403803   9948.034326    -99.261048
PG04 -13652.841008  20114.525052 -10199.366703     17.901897
PG05   1086.332896  25077.213461   8281.607857    -76.825643
PG06 -16250.207929   9297.269586  18849.395946    275.749113
PG07 -25964.471031  -6444.277540  -1263.598210    409.090183
PG08  -3360.133853 -16725.948410 -20289.972360    -39.671683
PG09 -19122.864414   1044.863309  18384.110450    248.566117
PG10  12819.815711  -9432.138854 -21238.287071   -114.805188
PG11 -14119.172199 -13213.756974 -18768.893323   -671.988610
PG12  10688.915729  22849.359950   8507.480091    389.506717
PG13  -7308.897815  19996.874101 -16041.421598    -55.961428
PG14  17686.294278 -19302.755546   4210.304305    -45.963736
PG15   5065.336541  16872.781527 -19927.333250   -334.990845
PG16    736.219396 -24912.984033   8479.213190     16.365909
PG17 -20991.857468  15394.276291  -4406.900471   -198.759137
PG18  16773.639825   3497.696253 -19795.531467    577.711760
PG19 -19690.781776  17980.323632   1629.415196   -519.649871
PG20  13957.239288  21412.117871  -7343.838050    446.986556
PG21  26114.354462   3173.481521  -3575.824357   -530.994278
PG22 -10870.080400 -23862.453020   4124.303498    184.404441
PG23 -11673.266561 -10437.996292  21668.650020   -197.360707
PG24  16652.505486  14719.593059 -14770.532376    -26.382223
PG25  15708.314947  11728.632467  17888.052859   -285.721335
PG26   6651.188931 -19455.180941  16788.636283   -503.153547
PG27   9379.217260 -21543.481082 -12243.328299    168.360921
PG28 -13357.873784   5720.451848 -21593.514495    568.528343
PG29  17344.603254   2364.029184  19970.011002    642.551126
PG30 -23713.968235   1243.894528 -12015.550850    157.566090
PG31  15746.058018  -9308.669222  19485.145297    235.543488
PG32  20831.878727 -15262.883929  -6142.180584   -207.335837
PR01   9652.236502 -17661.897212 -15684.759757   -138.005828
PR02   2097.458398 -25311.272904   2152.722496    221.582925
PR03  -6422.170905 -17158.290896  17763.723204     85.565727
PR04 -11176.365374   1424.643780  22894.588127    193.178918
PR05  -9313.605197  18535.528068  14825.911000    -50.693986
PR06  -1399.167588  25313.241113  -2975.988369    100.177507
PR07   6481.457238  16990.117001 -17875.129373     20.370527
PR08  11108.895379   -784.364531 -22904.376292    -26.979060
PR09   3936.354052  15295.054303 -19991.330435 999999.999999
PR10  18758.687680  16776.041547  -3910.641950     16.498140
PR11  20296.354903   8005.964991  13202.860610     11.466098
PR12   8557.763185  -7085.414229  22936.139492    -39.956256
PR13  -7187.152166 -16077.832859  18446.329839      4.515496
PR14 -19506.573481 -16348.029690   2229.102935    406.037456
PR15 -20651.985520  -9245.806774 -11663.602298      7.627575
PR16 -10091.928644   5786.972866 -22702.592934     50.468680
PR17 -11373.485463  -6401.498867 -21901.220996     10.073504
PR18 -22699.366329   3894.906815 -11017.070133    127.958535
PR19 -21353.989532  11960.787645   7170.055554   -168.975613
PR20  -6720.843668  12935.629438  20948.691456   -263.406321
PR21  11228.124281   6381.438323  22001.548651     91.083655
PR22  22910.369275  -4403.827767  10165.243374    218.395835
PR23  20360.430332 -12717.908385  -8640.870040     21.189293
PR24   6879.753014 -13161.579186 -20762.754468   -143.492628
PR26  -4712.179948  12707.971682  21612.774092     64.250311
PE01 -15910.082602   6315.292833 -24140.350801     79.014435
PE02  15906.066734  -6333.960075  24157.254305     -1.035769
PE08   5849.434644 -28987.670780   1385.246238   3029.420780
PE09   7830.917048  22077.182342 -18086.736704   3086.913850
PE11  12726.327910  12874.534367  23413.762093   1539.657580
PE12  -7680.050853  18078.945634  22148.050768    222.560380
PE14 -20911.816682  -7500.134753 -23451.658752   3185.160240
PE18  12409.292689   9222.126333  18099.182260   3626.876800
PE19 -16698.837987  17226.988719  17338.967519      3.737990
PE22  24840.501903 -13542.407694  -8740.111772   1850.004620
PE24  18343.865380  22532.775595  -5689.668459  -1065.227880
PE26 -27593.307297    428.508655 -10684.399595   4088.560810
PE30  -1874.142838 -20633.481879  21140.948888   3344.608660
PC06 -14843.245979  38462.142876   9674.523464   -407.554866
PC07  -8556.431877  24658.517282 -32926.227327    -33.496935
PC08 -25332.335076  24360.168599  23209.813113   -695.438650
PC09  -6401.944146  41504.758911  -5055.984965    -21.387293
PC10   5873.585416  31079.827676 -27642.442226   -241.679875
PC11  13583.613828 -20022.620480 -13948.550730    317.456726
PC12  24508.017426 -12758.519212   4384.530116    851.160079
PC13  -9736.402037  26441.473425  31283.502590    654.011467
PC14   5283.224655 -25490.685432  -9924.830329    270.029164
PJ01 -25231.678960  24741.936609  28079.030190   -230.523241
*  2016 11 21  2 30  0.00000000
PG01 -17361.362729 -13866.939557 -14837.027695     41.153869
PG02  -5845.015353  14938.687611  21599.215051    522.408572
PG03 -13073.175763 -21930.300050   7331.930848    -99.262752
PG04 -14603.781799  20620.473660  -7571.325986     17.903759
PG05    472.509684  24108.060640  10822.397538    -76.823592
PG06 -18234.047488   8718.366883  17242.205751    275.753612
PG07 -25913.228070  -6650.902381   1574.795774    409.087100
PG08  -1761.834415 -18331.047637 -19067.051027    -39.672944
PG09 -17751.207849   -662.627073  19726.086367    248.572759
PG10  13600.223809  -7100.274672 -21663.987132   -114.806320
PG11 -12045.525408 -13717.869969 -19856.591071   -671.989395
PG12  10745.369334  23687.038682   5761.727654    389.506332
PG13  -8693.872180  20981.753537 -13944.645663    -55.963115
PG14  18074.698896 -19313.732082   1363.899015    -45.965413
PG15   3558.373926  18489.594155 -18742.945331   -334.992282
PG16   1172.008104 -23841.134127  11110.857427     16.367036
PG17 -20640.918103  14743.476089  -7204.705013   -198.758458
PG18  17421.049433   5728.897121 -18737.929893    577.714632
PG19 -19854.545058  17872.912885  -1237.150050   -519.649087
PG20  13902.840297  22163.863040  -4671.738770    446.987829
PG21  26381.725147   3539.401695   -791.692038   -530.993138
PG22 -10623.237763 -24259.763434   1364.200748    184.394669
PG23 -10011.149889 -12216.097026  21530.362055   -197.361875
PG24  14864.649363  14559.924347 -16697.732061    -26.381926
PG25  16168.060467  13631.812901  16066.007537   -285.727576
PG26   7417.335585 -17582.445720  18456.751763   -503.157378
PG27  10375.171650 -22335.811123  -9742.702567    168.365644
PG28 -13948.525877   3174.800851 -21742.064370    568.531215
PG29  15715.575476   4046.673098  21022.775969    642.549675
PG30 -24830.081098    667.461476  -9566.648709    157.566862
PG31  17767.020602  -8682.722748  18005.137079    235.541251
PG32  20436.742417 -14462.128844  -8820.875126   -207.350793
PR01   9401.871116 -15607.521400 -17863.367258   -138.005353
PR02   1957.947116 -25387.720564  -1061.766390    221.585433
PR03  -6331.957608 -19209.261695  15552.644557     85.567165
PR04 -10919.028780  -1394.026467  23019.360752    193.180566
PR05  -9071.157961  16575.454825  17118.395500    -50.696958
PR06  -1289.997806  25490.444698    215.680802    100.177216
PR07   6388.278515  19065.110171 -15687.687395     20.368463
PR08  10848.992100   2043.948362 -22950.469527    -26.979172
PR09   1915.234292  13724.920362 -21382.240290     31.892529
PR10  18320.795792  16225.422864  -7060.338055     16.497934
PR11  21547.641941   8763.502580  10442.819419     11.465450
PR12  10861.412382  -5489.691203  22378.249399    -39.956353
PR13  -5287.291450 -14626.705589  20210.320134      4.515366
PR14 -19240.852670 -15907.881072   5415.816608    406.041966
PR15 -21780.244148  -9846.451721  -8753.605550      7.627993
PR16 -12362.153664   4232.550834 -21899.749684     50.470323
PR17  -8842.720607  -7493.693923 -22710.997816     10.075150
PR18 -21243.219926   3404.962840 -13738.855253    127.959981
PR19 -21915.206994  12406.783441   4032.815826   -168.976852
PR20  -8965.637990  14011.078970  19359.612895   -263.408486
PR21   8691.341117   7482.156443  22786.417600     91.084800
PR22  21541.033811  -3955.140308  12968.938312    218.396894
PR23  21085.413100 -13240.934315  -5567.273625     21.189525
PR24   9080.139076 -14260.642784 -19124.365442   -143.492955
PR26  -7031.963676  13846.398163  20236.765720     64.254375
PE01 -17552.514549   4928.084855 -23311.580893     79.005719
PE02  17547.243774  -4948.132305  23330.263868     -1.035638
PE08   5806.739641 -28999.481298  -1316.161564   3029.779410
PE09   7554.290400  23600.927708 -16179.442226   3087.279140
PE11  10686.502479  13539.437994  24050.383709   1539.670830
PE12  -9509.733829  18732.618847  20857.551455    222.636326
PE14 -19684.177798  -8436.866612 -23980.174080   3185.470340
PE18  10439.404500  11348.025595  18497.699922   3627.225650
PE19 -16336.024955  15620.642180  19114.245699      3.738387
PE22  25457.309268 -13816.351227  -6151.359242   1850.215660
PE24  17965.530273  22002.486839  -8348.891829  -1065.288140
PE26 -26555.453156    149.534381 -13059.332489   4088.934570
PE30   -448.391299 -19267.563207  22467.157810   3344.967570
PC06 -13693.516035  38301.502060  11797.854071   -407.585896
PC07  -9315.991289  23827.305078 -33343.846803    -33.503821
PC08 -25727.161306  25575.060484  21385.537545   -695.459738
PC09  -5287.765391  41878.060117  -2825.900429    -21.429233
PC10   5478.595222  30030.565923 -28865.296364   -241.697336
PC11  14691.315280 -20736.116286 -11600.476150    317.450232
PC12  24065.547938 -12371.457071   7110.159944    851.184940
PC13 -10528.651658  27329.648688  30236.882717    654.037364
PC14   5516.545559 -24354.840058 -12350.526082    270.038813
PJ01 -25136.954687  24371.424430  28574.021212   -230.496751
*  2016 11 21  2 45  0.00000000
PG01 -15576.756292 -13729.184918 -16806.199355     41.154984
PG02  -8175.015707  14605.727489  21018.176323    522.403356
PG03 -13085.820960 -22657.526030   4589.676498    -99.264378
PG04 -15305.033252  20960.983476  -4810.247713     17.906265
PG05   -289.879067  22911.499931  13174.170522    -76.821371
PG06 -20049.477058   8276.567156  15338.516247    275.758084
PG07 -25562.179246  -6801.011967   4386.814525    409.084222
PG08   -348.880464 -19895.239953 -17514.100064    -39.674315
PG09 -16385.290190  -2541.455222  20728.061807    248.579391
PG10  14509.739340  -4787.505895 -21716.342330   -114.807379
PG11  -9899.065726 -14332.700713 -20618.030352   -671.990267
PG12  10754.487684  24217.823787   2917.687650    389.506658
PG13  -9845.133507  21865.728506 -11610.327184    -55.964830
PG14  18239.554148 -19108.589701  -1506.147995    -45.967241
PG15   2214.635036  20054.992332 -17236.303343   -334.993204
PG16   1749.600440 -22516.749020  13546.218475     16.368295
PG17 -20117.521558  13839.041788  -9875.770034   -198.757901
PG18  18113.789078   7794.111643 -17345.146951    577.717472
PG19 -19796.967913  17547.607863  -4082.878142   -519.648545
PG20  13750.062244  22643.361168  -1919.399072    446.989653
PG21  26355.587495   3844.231024   2006.034505   -530.992503
PG22 -10272.251320 -24380.707771  -1419.470354    184.384809
PG23  -8459.837613 -14050.803613  21027.476413   -197.363239
PG24  12871.224538  14463.873660 -18341.386391    -26.382830
PG25  16653.231572  15296.632029  13967.415294   -285.733792
PG26   8341.260287 -15593.090032  19806.838153   -503.161211
PG27  11142.873816 -22951.976723  -7072.976139    168.370319
PG28 -14675.679224    671.292552 -21493.079827    568.533602
PG29  14115.026152   5889.252970  21713.704359    642.548121
PG30 -25695.679834    212.713980  -6954.155116    157.567649
PG31  19637.221377  -8203.320808  16221.609994    235.539351
PG32  19898.351535 -13412.589430 -11347.487374   -207.365733
PR01   9296.380373 -13293.669235 -19695.359007   -138.005427
PR02   1805.246197 -25059.001905  -4255.568263    221.586858
PR03  -6396.525166 -20971.222204  13039.693332     85.567751
PR04 -10866.999153  -4211.944016  22697.513893    193.182490
PR05  -8966.748664  14341.093263  19077.934149    -50.699651
PR06  -1164.370029  25266.947881   3403.165409    100.177506
PR07   6452.143485  20853.027690 -13195.337093     20.366850
PR08  10794.886170   4861.759144 -22548.754944    -26.979115
PR09   -336.665129  12226.902777 -22356.534259     31.894866
PR10  17520.510331  15508.989237 -10072.276563     16.497551
PR11  22553.103448   9239.759457   7479.684256     11.464680
PR12  13194.927961  -4115.182054  21384.003516    -39.956709
PR13  -3119.537844 -13221.202103  21581.517104      4.514968
PR14 -18615.540020 -15286.663913   8497.779507    406.046273
PR15 -22636.395956 -10166.309358  -5672.497218      7.627490
PR16 -14633.908263   2912.493054 -20671.289991     50.471434
PR17  -6335.700950  -8803.341931 -23079.201975     10.076623
PR18 -19547.598920   2656.443947 -16194.353189    127.961186
PR19 -22094.748515  12713.388874    817.193370   -168.977256
PR20 -10929.349355  15151.446169  17395.243551   -263.410023
PR21   6182.021412   8801.248002  23128.861871     91.086126
PR22  19918.544585  -3249.401875  15519.082542    218.397987
PR23  21430.984647 -13633.866752  -2385.583701     21.190351
PR24  10995.276406 -15414.783612 -17115.304935   -143.494016
PR26  -9090.485260  15062.908443  18467.764656     64.254292
PE01 -19222.502770   3718.395942 -22192.722627     78.997059
PE02  19216.182904  -3739.602287  22213.390734     -1.035502
PE08   5731.233985 -28767.360076  -4001.204633   3030.138070
PE09   7405.542923  24960.174856 -14070.799784   3087.644450
PE11   8657.297071  14361.414901  24387.796026   1539.684070
PE12 -11171.006621  19463.204532  19307.745007    222.712262
PE14 -18480.609433  -9487.634483 -24275.807669   3185.780470
PE18   8555.056629  13514.432672  18469.669829   3627.574510
PE19 -16062.398612  13845.221265  20651.817728      3.738806
PE22  25834.097859 -14043.195403  -3486.172761   1850.426570
PE24  17363.712508  21357.515581 -10904.335198  -1065.348400
PE26 -25347.441661   -278.267581 -15271.718336   4089.308370
PE30   1157.777212 -17943.969572  23513.975354   3345.326500
PC06 -12575.333502  37993.993124  13871.055007   -407.616841
PC07 -10177.487505  23101.638416 -33616.497746    -33.510551
PC08 -25959.190010  26830.731825  19468.824931   -695.480296
PC09  -4134.418162  42104.125136   -583.767105    -21.471204
PC10   4949.327260  29040.650039 -29962.511769   -241.714523
PC11  15556.643486 -21361.372456  -9080.773891    317.443700
PC12  23435.773427 -11784.731469   9731.071349    851.210029
PC13 -11197.655632  28313.292650  29059.432019    654.063233
PC14   5855.068638 -22997.667681 -14591.999110    270.048389
PJ01 -25110.523807  24012.688843  28969.072469   -230.470370
*  2016 11 21  3  0  0.00000000
PG01 -13582.167379 -13666.348575 -18491.070642     41.156091
PG02 -10439.854446  14394.520379  20087.763589    522.398303
PG03 -13006.005962 -23096.379354   1768.462035    -99.266195
PG04 -15771.904149  21100.453064  -1964.808546     17.910316
PG05  -1218.277356  21524.025208  15295.879005    -76.819274
PG06 -21656.246881   7952.778586  13171.035469    275.762562
PG07 -24911.393658  -6932.305721   7125.445230    409.081226
PG08    868.682798 -21373.112577 -15657.988816    -39.675394
PG09 -15063.476775  -4563.999711  21372.720766    248.586044
PG10  15531.241001  -2539.693887 -21394.723004   -114.808394
PG11  -7720.746157 -15058.126593 -21041.371881   -671.991193
PG12  10676.363105  24444.587838     23.966545    389.507039
PG13 -10763.879765  22606.527346  -9078.044604    -55.966750
PG14  18207.815451 -18661.342314  -4349.947857    -45.968526
PG15   1041.728707  21525.601225 -15432.280212   -334.994149
PG16   2491.977210 -20978.013185  15742.461094     16.369999
PG17 -19461.373540  12672.135551 -12372.543903   -198.757461
PG18  18820.154979   9662.054920 -15643.614945    577.720531
PG19 -19549.799593  16982.321439  -6859.971277   -519.647975
PG20  13465.186853  22858.844300    865.961252    446.991630
PG21  26034.594585   4123.323277   4769.879985   -530.991642
PG22  -9785.724121 -24238.299478  -4178.506757    184.375240
PG23  -7043.187903 -15901.829768  20167.111970   -197.364190
PG24  10707.383857  14457.129460 -19673.278834    -26.383671
PG25  17125.421732  16701.320993  11628.924359   -285.739985
PG26   9423.333424 -13533.774781  20815.803063   -503.165028
PG27  11697.705024 -23354.517334  -4280.361307    168.375021
PG28 -15520.458484  -1738.309291 -20851.472855    568.536269
PG29  12582.743541   7861.605946  22030.982626    642.546827
PG30 -26285.711583   -149.092590  -4222.784795    157.568457
PG31  21315.495597  -7854.201107  14165.083550    235.537375
PG32  19256.558417 -12111.657148 -13678.456744   -207.380738
PR01   9367.771454 -10776.479474 -21145.174138   -138.005548
PR02   1694.481297 -24331.813359  -7366.437364    221.588509
PR03  -6573.909684 -22399.681096  10273.497013     85.568167
PR04 -11016.379386  -6959.747062  21935.236545    193.183346
PR05  -9034.444638  11886.721170  20666.406315    -50.702511
PR06  -1076.541897  24647.403539   6524.638264    100.178583
PR07   6631.453676  22309.025081 -10446.625039     20.364826
PR08  10941.446529   7599.426202 -21707.074722    -26.978758
PR09  -2772.328216  10851.135754 -22895.426893     31.896294
PR10  16352.266540  14685.796688 -12887.780542     16.497723
PR11  23262.162393   9463.061035   4371.014474     11.464054
PR12  15492.020595  -2982.268482  19972.222084    -39.956536
PR13   -726.271940 -11915.031670  22533.232743      4.514590
PR14 -17619.887760 -14541.604317  11415.324969    406.050979
PR15 -23172.657712 -10239.387941  -2480.496119      7.627296
PR16 -16840.640453   1842.580932 -19040.704034     50.472628
PR17  -3917.289507 -10303.257886 -22998.835269     10.078463
PR18 -17673.016321   1633.134849 -18335.844281    127.962693
PR19 -21911.737831  12827.044102  -2414.313063   -168.978233
PR20 -12577.529888  16300.357544  15093.739865   -263.411836
PR21   3764.994474  10310.827128  23022.115202     91.087226
PR22  18102.976432  -2268.110157  17766.042644    218.399085
PR23  21412.561639 -13841.861475    842.430508     21.190209
PR24  12592.687012 -16566.845327 -14774.410387   -143.494879
PR26 -10849.892085  16302.160419  16340.013866     64.260402
PE01 -20882.384003   2697.238912 -20797.712642     78.988408
PE02  20875.269282  -2719.376763  20820.501737     -1.035313
PE08   5655.614556 -28291.033899  -6636.497694   3030.496800
PE09   7362.523364  26128.474760 -11787.044279   3088.009780
PE11   6675.214602  15329.978722  24421.816210   1539.697380
PE12 -12642.172160  20241.189763  17517.897943    222.788240
PE14 -17318.462466 -10640.678613 -24331.236464   3186.090590
PE18   6802.515839  15679.581353  18033.652554   3627.923400
PE19 -15900.586902  11928.392703  21932.553144      3.739212
PE22  25976.141166 -14189.877573   -777.664995   1850.637690
PE24  16530.540077  20632.998400 -13324.230505  -1065.408620
PE26 -23999.825694   -871.766579 -17294.036188   4089.682190
PE30   2923.538950 -16695.841100  24268.399971   3345.685460
PC06 -11507.600771  37545.039921  15885.336026   -407.648248
PC07 -11126.223949  22494.066020 -33743.118505    -33.517616
PC08 -26024.436410  28105.449711  17467.923055   -695.501063
PC09  -2961.462240  42179.171534   1660.854877    -21.512924
PC10   4294.745379  28127.247435 -30929.374914   -241.732025
PC11  16184.755765 -21860.522546  -6426.817025    317.437139
PC12  22652.625167 -10982.100289  12208.679466    851.235008
PC13 -11731.947617  29375.372444  27756.185566    654.089087
PC14   6322.328454 -21448.965594 -16615.812212    270.058116
PJ01 -25150.498341  23674.542371  29263.102346   -230.443982
*  2016 11 21  3 15  0.00000000
PG01 -11414.154045 -13704.232072 -19862.881981     41.157165
PG02 -12595.425305  14295.101784  18821.905042    522.393279
PG03 -12797.467732 -23255.770868  -1083.174349    -99.267888
PG04 -16027.271473  21008.592815    915.021614     17.913505
PG05  -2322.861849  19986.553779  17150.569585    -76.817315
PG06 -23019.724433   7721.463101  10777.012543    275.767037
PG07 -23969.381553  -7082.105857   9744.985677    409.078233
PG08   1889.299061 -22719.650488 -13530.863357    -39.676729
PG09 -13819.508936  -6696.031132  21648.912296    248.592630
PG10  16640.393639   -399.077679 -20704.937832   -114.809501
PG11  -5551.195206 -15887.167664 -21120.082450   -671.992409
PG12  10473.128229  24379.136880  -2870.174775    389.506606
PG13 -11459.611894  23164.323603  -6390.806812    -55.968428
PG14  18012.015781 -17953.189744  -7117.768755    -45.970238
PG15     39.534475  22858.610193 -13361.084533   -334.995513
PG16   3414.571733 -19268.627763  17661.157513     16.371333
PG17 -18714.733729  11243.031969 -14650.341892   -198.756999
PG18  19504.947088  11308.945703 -13665.142096    577.723185
PG19 -19149.442572  16162.298784  -9522.004446   -519.647309
PG20  13017.800152  22826.151143   3636.375758    446.992895
PG21  25425.546294   4412.060029   7453.757220   -530.991057
PG22  -9136.284467 -23852.907444  -6864.877327    184.365071
PG23  -5778.009383 -17725.698176  18962.473300   -197.365045
PG24   8413.450095  14559.233021 -20670.371137    -26.384977
PG25  17544.122762  17832.755701   9091.127928   -285.746242
PG26  10655.738712 -11451.543632  21466.452082   -503.168936
PG27  12062.417121 -23511.326810  -1413.315629    168.379763
PG28 -16456.158690  -4006.666057 -19829.716583    568.538715
PG29  11153.225596   9927.022207  21969.228375    642.545261
PG30 -26582.655194   -450.696298  -1419.245861    157.569283
PG31  22765.632988  -7612.307473  11870.473631    235.535161
PG32  18552.346089 -10565.301364 -15773.604220   -207.395733
PR01   9637.559017  -8118.682753 -22184.655746   -138.005788
PR02   1678.397367 -23226.044363 -10333.706798    221.590211
PR03  -6815.309463 -23461.127136   7307.661995     85.569175
PR04 -11351.256067  -9570.419005  20747.254674    193.184890
PR05  -9298.101204   9273.768822  21852.916129    -50.705386
PR06  -1078.735491  23649.446545   9519.518573    100.179194
PR07   6877.691490  23399.238784  -7495.038012     20.363242
PR08  11271.525148  10190.005862 -20441.888648    -26.978576
PR09  -5335.967171   9639.122586 -22988.644823 999999.999999
PR10  14823.971659  13816.383319 -15452.077887     16.498028
PR11  23633.119023   9471.638873   1177.261372     11.463419
PR12  17684.998480  -2098.914393  18169.977675    -39.956510
PR13   1840.146535 -10754.177315  23046.931051      4.513892
PR14 -16256.397048 -13732.326929  14111.911314    406.055443
PR15 -23351.279697 -10109.112491    759.994779      7.627133
PR16 -18915.457545   1026.074477 -17039.366401     50.473908
PR17  -1646.674369 -11955.239588 -22471.621247     10.080250
PR18 -15684.023713    331.205684 -20121.649406    127.963521
PR19 -21397.433875  12700.431043  -5598.897728   -168.978719
PR20 -13888.165352  17397.595780  12499.760442   -263.413770
PR21   1499.324564  11971.963693  22468.128672     91.088352
PR22  16158.959322  -1005.144448  19666.216802    218.399768
PR23  21057.911901 -13815.712484   4054.083293     21.190494
PR24  13852.403438 -17656.230623 -12146.968728   -143.494965
PR26 -12284.412790  17504.270961  13894.748416     64.259660
PE01 -22493.563294   1869.076256 -19143.923249     78.979687
PE02  22485.945895  -1891.924846  19168.891004     -1.035204
PE08   5612.203563 -27576.491628  -9189.274170   3030.855440
PE09   7399.053730  27084.113730  -9356.593262   3088.375070
PE11   4774.608380  16428.792394  24152.035740   1539.710710
PE12 -13907.148192  21034.190977  15510.259788    222.864139
PE14 -16212.656914 -11880.616155 -24140.260267   3186.400690
PE18   5217.438455  17802.173905  17218.644393   3628.272220
PE19 -15868.419261   9901.635394  22940.513588      3.739604
PE22  25894.850855 -14225.082235   1940.507832   1850.848610
PE24  15464.724529  19865.320829 -15578.492381  -1065.468860
PE26 -22546.148548  -1642.269119 -19101.137216   4090.056020
PE30   4822.660134 -15552.607508  24721.065442   3346.044390
PC06 -10508.346054  36962.474700  17832.158801   -407.680008
PC07 -12145.993430  22015.099441 -33723.288188    -33.524619
PC08 -25921.799228  29377.144126  15391.452593   -695.521385
PC09  -1788.779831  42101.994951   3898.402041    -21.554866
PC10   3525.987014  27306.202544 -31761.749638   -241.749502
PC11  16588.117399 -22198.176778  -3677.904114    317.430565
PC12  21753.277525  -9954.228746  14506.499137    851.259980
PC13 -12122.391181  30497.497961  26332.730704    654.114966
PC14   6936.266721 -19743.318500 -18391.792932    270.067769
PJ01 -25253.843285  23365.419539  29455.309677   -230.417567
*  2016 11 21  3 30  0.00000000
PG01  -9114.437007 -13862.153402 -20898.037704     41.158266
PG02 -14600.302031  14290.390391  17240.127730    522.388236
PG03 -12427.312601 -23152.767531  -3916.182130    -99.269576
PG04 -16100.463631  20661.706640   3778.909792     17.917409
PG05  -3605.944161  18342.867868  18706.049359    -76.815219
PG06 -24112.115445   7551.784990   8197.600749    275.771515
PG07 -22752.830090  -7285.795574  12201.736857    409.075214
PG08   2719.762818 -23891.937102 -11169.579531    -39.677636
PG09 -12681.270980  -8897.846534  21551.845919    248.599269
PG10  17806.533849   1597.159650 -19659.115361   -114.810643
PG11  -3429.419599 -16806.172718 -20853.000133   -671.992919
PG12  10110.561246  24041.645504  -5715.632524    389.506710
PG13 -11949.596755  23503.312273  -3594.351459    -55.970098
PG14  17688.876300 -16973.458535  -9760.945730    -45.971739
PG15   -799.647819  24013.382823 -11057.801009   -334.996087
PG16   4524.476443 -17436.125232  19268.991919     16.372417
PG17 -17920.657241   9561.359222 -16668.236700   -198.755851
PG18  20130.953534  12719.159824 -11446.186222    577.726050
PG19 -18635.461389  15080.787217 -12024.633215   -519.646443
PG20  12382.162137  22568.035262   6343.958997    446.994806
PG21  24543.031880   4744.339452  10013.646784   -530.989783
PG22  -8301.881113 -23251.428606  -9431.586933    184.355568
PG23  -4673.520590 -19477.256212  17432.732328   -197.366206
PG24   6033.574645  14782.736674 -21315.206580    -26.385786
PG25  17868.386789  18686.749620   6397.842767   -285.752397
PG26  12022.636927  -9392.145105  21747.772379   -503.172789
PG27  12266.060043 -23396.992919   1478.320138    168.384486
PG28 -17449.360767  -6092.604929 -18447.522168    568.541155
PG29   9854.456285  12043.495169  21529.577432    642.543729
PG30 -26577.167011   -727.373773   1408.544750    157.569991
PG31  23957.604448  -7448.823124   9376.524685    235.533432
PG32  17826.170261  -8788.028413 -17596.828153   -207.410695
PR01  10115.729527  -5387.209224 -22793.596159   -138.005399
PR02   1804.871337 -21774.004705 -13099.487168    221.591747
PR03  -7067.350332 -24134.305210   4199.741703     85.569659
PR04 -11844.414631 -11981.832081  19156.552285    193.186097
PR05  -9770.213890   6568.465501  22614.394519    -50.708231
PR06  -1218.685427  22303.007207  12329.646284    100.180392
PR07   7137.683038  24102.049339  -4397.956396     20.361387
PR08  11756.742699  12571.812055 -18777.946747    -26.979135
PR09  -7965.122231   8622.088796 -22634.610575 999999.999999
PR10  12956.880998  12960.075136 -17715.371972     16.497760
PR11  23634.978406   9311.771507  -2039.412800     11.462756
PR12  19707.469685  -1460.514419  16012.098398    -39.955762
PR13   4519.311733  -9775.012952  23112.590884      4.514078
PR14 -14540.936816 -12918.213513  16535.210881    406.060707
PR15 -23146.225464  -9826.232282   3985.633507      7.626618
PR16 -20793.799404    453.778952 -14705.951271     50.474425
PR17    424.877695 -13711.542460 -21507.959238     10.081814
PR18 -13646.588554  -1240.362494 -21516.944947    127.964992
PR19 -20593.789679  12294.690697  -8674.672521   -168.979506
PR20 -14852.335083  18381.683461   9663.602957   -263.414992
PR21   -563.937484  13736.176050  21477.542336     91.089444
PR22  14153.006316    532.738729  21182.877285    218.400307
PR23  20405.846441 -13514.137111   7186.990804     21.191255
PR24  14767.557711 -18621.501792  -9283.851497   -143.496020
PR26 -13381.184474  18607.368707  11179.402845     64.261819
PE01 -24017.695215   1231.739160 -17251.945596     78.970990
PE02  24009.891638  -1255.095441  17279.066658     -1.035078
PE08   5631.873258 -26635.815348 -11627.793567   3031.214150
PE09   7485.807914  27810.763050  -6809.692795   3088.740330
PE11   2986.664932  17636.150816  23581.824726   1539.723980
PE12 -14955.907685  21807.984711  13309.787178    222.940058
PE14 -15175.219725 -13188.608464 -23697.954633   3186.710770
PE18   3824.089374  19843.193516  16061.134283   3628.621040
PE19 -15978.340872   7799.315096  23663.151193      3.739996
PE22  25607.387234 -14120.277605   4634.563350   1851.059720
PE24  14171.659173  19090.949387 -17639.091816  -1065.529100
PE26 -21021.910298  -2595.102284 -20670.557182   4090.429820
PE30   6824.257332 -14539.087486  24866.356297   3346.403320
PC06  -9594.417682  36256.403267  19703.271353   -407.711175
PC07 -13219.359423  21673.033382 -33557.226286    -33.531569
PC08 -25653.081099  30623.789256  13248.369913   -695.541901
PC09   -636.236939  41873.988187   6119.347005    -21.596696
PC10   2656.169589  26591.762903 -32456.094449   -241.766760
PC11  16785.950270 -22342.709564   -874.680867    317.424734
PC12  20776.826234  -8699.129931  16590.669905    851.285060
PC13 -12362.338636  31660.239158  24795.183453    654.140773
PC14   7708.490161 -17918.940476 -19893.489257    270.077363
PJ01 -25416.434025  23093.240191  29545.171906   -230.391039
*  2016 11 21  3 45  0.00000000
PG01  -6728.506031 -14152.112333 -21578.510058     41.159354
PG02 -16417.140309  14356.839512  15367.370435    522.383067
PG03 -11867.462145 -22811.831700  -6681.841697    -99.271206
PG04 -16025.902963  20043.710527   6577.079718     17.921032
PG05  -5061.691902  16637.957722  19935.458206    -76.812982
PG06 -24913.432553   7408.971945   5477.152736    275.775990
PG07 -21286.055468  -7575.336417  14454.664135    409.072783
PG08   3374.751455 -24850.785363  -8615.051514    -39.678865
PG09 -11669.796418 -11125.621831  21083.176481    248.605956
PG10  18993.810389   3418.122354 -18275.478161   -114.811556
PG11  -1391.571000 -17795.245784 -20244.342298   -671.993179
PG12   9559.550380  23459.793101  -8464.258071    389.506635
PG13 -12258.035881  23593.151918   -736.391971    -55.972054
PG14  17277.745677 -15720.234620 -12232.789546    -45.973421
PG15  -1490.643793  24953.013406  -8561.828101   -334.997229
PG16   5819.998081 -15530.049123  20538.352531     16.373538
PG17 -17121.200467   7645.960285 -18389.885910   -198.755901
PG18  20660.502538  13885.541535  -9027.060204    577.728989
PG19 -18048.997946  13739.416682 -14326.259677   -519.646114
PG20  11538.409716  22113.211196   8941.744920    446.996416
PG21  23408.814415   5151.165181  12408.199728   -530.988979
PG22  -7266.882464 -22466.207134 -11833.537959    184.345961
PG23  -3731.099939 -21111.288356  15602.806248   -197.367143
PG24   3614.251253  15132.634330 -21596.229385    -26.386570
PG25  18058.504188  19268.010428   3595.346156   -285.758618
PG26  13500.648726  -7398.417013  21655.109105   -503.176608
PG27  12342.661801 -22993.887432   4344.215339    168.389146
PG28 -18461.345065  -7962.573521 -16731.339673    568.543796
PG29   8706.945117  14165.182653  20719.659327    642.542183
PG30 -26268.428033  -1015.388591   4212.264598    157.570755
PG31  24868.568729  -7330.417861   6725.193242    235.531379
PG32  17116.334874  -6802.513640 -19116.728298   -207.425659
PR01  10800.204929  -2650.629695 -22960.129624   -138.004923
PR02   2114.633457 -20019.144398 -15609.811648    221.593145
PR03  -7274.557955 -24410.996828   1010.122039     85.570278
PR04 -12458.546938 -14139.093006  17193.933226    193.187683
PR05 -10451.265382   3839.294972  22936.047837    -50.711025
PR06  -1537.376427  20649.128546  14900.411889    100.180517
PR07   7356.063009  24408.846655  -1215.534958     20.359770
PR08  12358.768622  14690.757855 -16747.796183    -26.979541
PR09 -10593.045588   7819.789205 -21840.455025 999999.999999
PR10  10784.920279  12172.365786 -19633.807505     16.497840
PR11  23248.847581   9035.588251  -5216.353969     11.462214
PR12  21497.017577  -1050.288917  13540.507118    -39.954994
PR13   7245.047010  -9002.842721  22728.903328      4.514064
PR14 -12502.317288 -12155.783648  18638.122536    406.064402
PR15 -22544.370184  -9446.423927   7133.402453      7.626461
PR16 -22416.039538    104.647350 -12085.698063     50.475571
PR17   2255.923732 -15516.769754 -20126.710708     10.083675
PR18 -11625.427121  -3059.893359 -22494.448441    127.965922
PR19 -19551.579392  11581.293429 -11581.873123   -168.979890
PR20 -15474.331687  19192.536780   6640.234203   -263.417086
PR21  -2383.659735  15547.343204  20069.488500     91.090969
PR22  12150.789594   2325.962199  22286.868291    218.401706
PR23  19504.463973 -12905.739827  10180.284703     21.191935
PR24  15344.429198 -19403.038682  -6240.539485   -143.496398
PR26 -14140.542989  19550.252599   8246.695185     64.261416
PE01 -25417.859877    776.555565 -15145.332754     78.962288
PE02  25410.195013   -800.242848  15174.497707     -1.034940
PE08   5743.016999 -25486.823549 -13921.736011   3031.572820
PE09   7591.290516  28297.962446  -4178.040254   3089.105640
PE11   1338.487437  18925.634283  22718.289317   1539.737230
PE12 -15784.730649  22527.598887  10943.834310    223.015962
PE14 -14214.838195 -14542.577736 -23000.880819   3187.020880
PE18   2635.525720  21767.239030  14602.294157   3628.969890
PE19 -16236.998254   5657.669845  24091.464935      3.740387
PE22  25136.092305 -13850.666831   7271.012340   1851.270450
PE24  12663.309456  18345.263661 -19480.404319  -1065.589320
PE26 -19463.476068  -3729.385679 -21982.795048   4090.803630
PE30   8893.704218 -13674.735326  24702.476798   3346.762300
PC06  -8781.198582  35439.031712  21490.741322   -407.742881
PC07 -14327.958190  21473.804695 -33245.789388    -33.538157
PC08 -25222.958728  31823.784366  11047.928241   -695.562461
PC09    476.654734  41499.116150   8314.237682    -21.638753
PC10   1700.162668  25996.333254 -33009.477007   -241.784049
PC11  16803.451482 -22267.419626   1941.454721    317.418355
PC12  19762.906789  -7222.353410  18430.444413    851.310066
PC13 -12447.746886  32843.461657  23150.162432    654.166657
PC14   8643.756803 -16016.394924 -21098.567437    270.087187
PJ01 -25633.129160  22865.280648  29532.443877   -230.364574
*  2016 11 21  4  0  0.00000000
PG01  -4304.085406 -14578.237622 -21892.162473     41.160503
PG02 -18013.960077  14465.350785  13233.708059    522.378187
PG03 -11095.918661 -22263.786793  -9332.601152    -99.272847
PG04 -15841.567032  19146.849892   9261.201672     17.925016
PG05  -6676.179545  14916.333721  20817.736230    -76.810860
PG06 -25412.174363   7255.835439   2662.459737    275.780519
PG07 -19600.190946  -7977.916313  16466.021279    409.070123
PG08   3876.047079 -25562.235017  -5911.528229    -39.680985
PG09 -10798.551756 -13332.930553  20250.976841    248.612759
PG10  20162.534766   5040.185522 -16578.014577   -114.812638
PG11    530.184834 -18828.899235 -19303.656948   -671.994926
PG12   8797.364471  22667.635812 -11069.631864    389.506842
PG13 -12414.970107  23410.216960   2134.176072    -55.973659
PG14  16818.930625 -14200.656228 -14489.474000    -45.975062
PG15  -2054.659031  25645.766370  -5916.219220   -334.998380
PG16   7290.577698 -13600.076027  21447.800072     16.375083
PG17 -16355.668806   5524.374268 -19784.273025   -198.754900
PG18  21057.014470  14809.372009  -6451.094554    577.731817
PG19 -17431.149779  12148.280242 -16388.651282   -519.645494
PG20  10473.543106  21495.173742  11384.520640    446.998045
PG21  22050.989221   5659.379717  14599.264429   -530.987862
PG22  -6022.931459 -21533.740935 -14028.370744    184.336218
PG23  -2944.342180 -22584.166498  13503.028027   -197.368436
PG24   1202.738276  15606.087944 -21508.013688    -26.387094
PG25  18077.633458  19589.766705    731.584774   -285.764747
PG26  15059.637632  -5508.794611  21190.232543   -503.180511
PG27  12329.714074 -22292.961445   7134.455990    168.393863
PG28 -19449.732008  -9591.745998 -14713.704801    568.546670
PG29   7723.066044  16244.023256  19553.461936    642.540653
PG30 -25664.179525  -1350.402304   6943.995309    157.571495
PG31  25483.625088  -7220.663641   3960.990022    235.529596
PG32  16457.464652  -4638.920127 -20307.147243   -207.440529
PR01  11676.828852     23.464443 -22680.964953   -138.004713
PR02   2639.296083 -18014.319780 -17815.703554    221.594914
PR03  -7381.932221 -24296.270952  -2199.154361     85.571816
PR04 -13147.901065 -15996.593872  14897.431391    193.188821
PR05 -11329.595259   1154.365682  22811.644558    -50.714165
PR06  -2067.066755  18738.335935  17181.819590    100.181092
PR07   7477.836602  24324.267050   1990.466823     20.357621
PR08  13031.040298  16502.380818 -14391.132705    -26.979210
PR09 -13151.269625   7239.817101 -20621.859661 999999.999999
PR10   8353.484010  11502.481736 -21170.313087     16.497700
PR11  22468.841444   8698.629827  -8291.648658     11.461452
PR12  22997.734174   -840.210930  10803.407940    -39.955181
PR13   9947.928697  -8450.923607  21903.299666      4.514014
PR14 -10181.333359 -11496.207055  20379.688338    406.069532
PR15 -21546.165956  -9027.694914  10141.862515      7.625794
PR16 -23729.903602    -53.105232  -9229.540203     50.476512
PR17   3816.325745 -17310.098964 -18354.822864     10.085484
PR18  -9681.403876  -5093.669938 -23034.961109    127.967486
PR19 -18328.173048  10543.482362 -14264.022706   -168.980442
PR20 -15771.237061  19774.078463   3488.231486   -263.418894
PR21  -3930.112641  17343.957641  18271.229562     91.092081
PR22  10214.480285   4342.732697  22957.147133    218.403130
PR23  18409.022120 -11970.570768  12975.797183     21.192408
PR24  15601.949309 -19945.642565  -3076.054775   -143.496367
PR26 -14575.764296  20275.044109   5153.604825     64.264127
PE01 -26659.696893    488.683080 -12850.305902     78.953598
PE02  26652.486802   -512.556591  12881.324124     -1.034824
PE08   5970.599015 -24152.537516 -16042.579048   3031.931520
PE09   7682.885034  28541.422243  -1494.388810   3089.470940
PE11   -147.691685  20266.912302  21572.182768   1539.750490
PE12 -16396.259578  23158.430478   8441.813507    223.091899
PE14 -13336.438117 -15917.478398 -22047.361506   3187.331000
PE18   1654.486852  23543.409303  12885.560791   3629.318710
PE19 -16645.009246   3513.737718  24220.113027      3.740782
PE22  24507.763129 -13396.023953   9817.074719   1851.481520
PE24  10957.898821  17661.425054 -21079.528264  -1065.649530
PE26 -17906.960436  -5037.999056 -23021.554338   4091.177510
PE30  10993.656466 -12973.058252  24231.472666   3347.121320
PC06  -8082.345717  34524.457634  23186.987987   -407.774213
PC07 -15452.816448  21420.892422 -32790.465040    -33.545079
PC08 -24638.903257  32956.327621   8799.637364   -695.583177
PC09   1531.069636  40983.847109  10473.736092    -21.680753
PC10    674.329907  25530.261923 -33419.585725   -241.801438
PC11  16670.809901 -21951.522881   4728.955371    317.411937
PC12  18750.300233  -5536.915010  19998.633773    851.335030
PC13 -12377.248222  34026.674828  21404.760415    654.192533
PC14   9739.709174 -14077.238006 -21989.145757    270.097014
PJ01 -25897.857758  22688.054339  29417.157292   -230.338131
*  2016 11 21  4 15  0.00000000
PG01  -1889.513006 -15136.538877 -21832.985887     41.161583
PG02 -19365.258779  14582.425151  10873.982244    522.372846
PG03 -10097.800803 -21544.549815 -11822.892242    -99.274556
PG04 -15587.334239  17972.091151  11785.234926     17.928489
PG05  -8427.766236  13220.375630  21337.978149    -76.808555
PG06 -25605.688742   7054.391105   -198.052239    275.784915
PG07 -17732.138605  -8514.775450  18201.931794    409.066860
PG08   4251.480061 -25998.857231  -3105.811426    -39.682230
PG09 -10073.025366 -15472.370737  19069.598761    248.619410
PG10  21270.689512   6447.694754 -14596.054604   -114.813784
PG11   2308.660712 -19876.913485 -18045.716871   -671.995787
PG12   7808.684083  21704.257562 -13487.803430    389.506907
PG13 -12454.960364  22938.610813   4968.097307    -55.975493
PG14  16351.986370 -12430.849474 -16490.880409    -45.976224
PG15  -2518.268257  26066.338062  -3166.937006   -334.999758
PG16   8917.075411 -11694.158260  21982.405456     16.376416
PG17 -15658.983272   3231.955718 -20826.340660   -198.753992
PG18  21286.490233  15500.009262  -3763.780928    577.735094
PG19 -16821.367975  10325.713825 -18177.508005   -519.644699
PG20   9182.153696  20750.835292  13629.639392    446.999619
PG21  20502.953108   6290.578836  16552.340900   -530.986992
PG22  -4569.517181 -20493.226055 -15977.263963    184.326488
PG23  -2299.426020 -23855.475255  11168.707966   -197.369367
PG24  -1154.553037  16192.463023 -21051.396292    -26.386934
PG25  17893.321973  19673.082835  -2144.631263   -285.770940
PG26  16663.762773  -3755.998777  20361.295746   -503.184421
PG27  12266.524852 -21294.212561   9800.445988    168.398654
PG28 -20370.269320 -10964.738144 -12432.458825    568.548884
PG29   6906.720338  18231.446225  18051.087843    642.539195
PG30 -24780.445761  -1765.908832   9557.025803    157.572204
PG31  25796.286349  -7081.567756   1130.287849    235.527393
PG32  15879.134178  -2333.929985 -21147.619916   -207.455486
PR01  12719.876755   2571.034680 -21961.453602   -138.004972
PR02   3399.775494 -15819.679098 -19674.144113    221.596550
PR03  -7337.513855 -23808.193233  -5365.601799     85.572400
PR04 -13860.304430 -17519.683487  12311.579856    193.190486
PR05 -12381.798420  -1421.195083  22243.634663    -50.716921
PR06  -2829.682095  16628.626411  19129.462957    100.182568
PR07   7450.929879  23865.893852   5157.881826     20.356139
PR08  13720.847088  17973.467620 -11754.010285    -26.979565
PR09 -15572.252424   6877.442204 -19002.733139 999999.999999
PR10   5717.761689  10991.235674 -22295.305029     16.497660
PR11  21302.457398   8357.270389 -11205.344266     11.460597
PR12  24162.501056   -792.426853   7854.335391    -39.955778
PR13  12557.953943  -8120.012075  20651.809201      4.514217
PR14  -7629.314900 -10983.051972  21725.896545    406.074546
PR15 -20165.745935  -8627.700897  12952.371036      7.625574
PR16 -24692.601606    -60.421563  -6193.113178     50.477168
PR17   5088.250798 -19027.751393 -16226.797400     10.087153
PR18  -7869.105605  -7297.103574 -23127.756025    127.968640
PR19 -16985.053513   9177.228132 -16669.030154   -168.980921
PR20 -15771.973704  20076.700753    268.655275   -263.420604
PR21  -5185.968930  19061.625438  16117.636519     91.093515
PR22   8400.263840   6540.165720  23181.160491    218.404452
PR23  17179.525248 -10701.212060  15519.193886     21.193132
PR24  15570.683603 -20200.976063    148.179753   -143.497053
PR26 -14712.267976  20729.720819   1960.263931     64.265179
PE01 -27712.461787    347.636179 -10395.427307     78.944870
PE02  27705.996347   -371.585166  10428.033601     -1.034742
PE08   6335.312740 -22660.487611 -17963.951990   3032.290130
PE09   7727.938358  28543.134703   1207.861370   3089.836220
PE11  -1455.144539  21626.672622  20157.771262   1539.763760
PE12 -16799.356831  23667.354523   5834.830093    223.167796
PE14 -12540.799093 -17285.631197 -20837.831782   3187.641050
PE18    874.723256  25145.810029  10954.726241   3629.667490
PE19 -17196.924635   1404.260371  24047.479950      3.741140
PE22  23752.788213 -12741.388263  12241.086999   1851.692530
PE24   9079.399766  17069.317635 -22416.569498  -1065.709800
PE26 -16387.122933  -6507.746609 -23773.944310   4091.551280
PE30  13085.162836 -12441.222575  23459.205344   3347.480270
PC06  -7509.558841  33528.429411  24784.812884   -407.805610
PC07 -16574.679011  21515.260480 -32193.362817    -33.552030
PC08 -23911.052144  34001.776369   6513.222064   -695.603650
PC09   2509.188382  40337.041478  12588.656650    -21.722750
PC10   -403.754623  25201.663118 -33684.738456   -241.818613
PC11  16422.055315 -21380.944174   7446.727293    317.405455
PC12  17775.574072  -3662.969606  21272.003974    851.360073
PC13 -12152.174762  35189.386300  19566.513654    654.218368
PC14  10986.863888 -12142.633759 -22552.059246    270.106643
PJ01 -26203.719880  22567.203427  29199.620825   -230.311645
*  2016 11 21  4 30  0.00000000
PG01    467.908818 -15814.975281 -21401.242455     41.162688
PG02 -20452.909397  14671.516075   8327.334395    522.367877
PG03  -8866.108773 -20693.680139 -14109.911471    -99.276219
PG04 -15303.282267  16529.176963  14106.207808     17.928963
PG05 -10287.784212  11588.784853  21487.669318    -76.806776
PG06 -25500.206321   6767.515738  -3055.155465    275.789349
PG07 -15723.320194  -9200.251568  19632.921929    409.063745
PG08   4533.637286 -26140.815496   -246.430336    -39.682964
PG09  -9490.636928 -17497.237515  17559.424356    248.626119
PG10  22275.535939   7633.357153 -12363.757821   -114.814884
PG11   3922.470250 -20905.377513 -16490.355129   -671.996925
PG12   6586.356468  20612.250678 -15677.988527    389.506475
PG13 -12415.593946  22170.898851   7716.594822    -55.977389
PG14  15914.038828 -10435.504462 -18201.378241    -45.977818
PG15  -2912.177218  26196.885921   -362.033497   -335.000688
PG16  10672.404116  -9856.762957  22133.953610     16.377728
PG17 -15060.238369    810.666906 -21497.497567   -198.753437
PG18  21318.878374  15974.226818  -1011.917901    577.737580
PG19 -16255.930030   8297.783993 -19662.973800   -519.644256
PG20   7666.861164  19919.034127  15637.796316    447.001421
PG21  18802.224183   7060.235528  18236.967496   -530.985829
PG22  -2914.235587 -19384.997412 -17645.676102    184.316482
PG23  -1775.785286 -24889.547663   8639.587529   -197.370441
PG24  -3413.644631  16873.675082 -20233.508382    -26.387395
PG25  17478.861552  19545.891423  -4984.436683   -285.777070
PG26  18272.760808  -2165.953338  19182.684203   -503.188260
PG27  12192.505387 -20006.804181  12295.784370    168.403559
PG28 -21178.680878 -12075.910316  -9929.872527    568.551391
PG29   6253.335524  20080.109614  16238.406727    642.537648
PG30 -23640.954140  -2291.752117  12006.636680    157.572874
PG31  25808.656064  -6875.169058  -1719.397397    235.525542
PG32  15404.706732     70.474762 -21623.723637   -207.470321
PR01  13893.069573   4934.016345 -20815.491563   -138.004144
PR02   4405.175359 -13500.257166 -21148.920495    221.598115
PR03  -7094.833026 -22977.004806  -8427.518652     85.572481
PR04 -14539.475470 -18685.889867   9486.552320    193.192173
PR05 -13573.635824  -3827.715063  21243.099628    -50.720175
PR06  -3835.649115  14383.160936  20705.393865    100.183738
PR07   7228.620700  23063.435827   8225.336485     20.354556
PR08  14371.689399  19083.210842  -8887.925581    -26.979901
PR09 -17791.990757   6715.981738 -17014.729685 999999.999999
PR10   2940.663152  10669.257749 -22987.240306     16.498018
PR11  19770.401493   8066.111782 -13900.631897     11.459891
PR12  24954.917567   -861.110073   4751.085736    -39.955350
PR13  15007.242071  -7998.453368  18998.749455      4.513925
PR14  -4906.241517 -10650.364649  22650.355063    406.079652
PR15 -18430.463738  -8301.093335  15510.237764      7.625650
PR16 -25272.581499     34.576545  -3035.661205     50.477823
PR17   6066.650615 -20605.601860 -13784.015079     10.089044
PR18  -6234.691671  -9616.371022 -22770.803416    127.969902
PR19 -15585.180688   7491.653928 -18750.201358   -168.981846
PR20 -15515.871959  20059.475412  -2956.125693   -263.422179
PR21  -6146.778370  20635.709396  13650.517424     91.095097
PR22   6756.133800   8865.881310  22955.051228    218.406288
PR23  15878.130784  -9103.344813  17761.032369     21.193601
PR24  15291.333884 -20129.735593   3369.531675   -143.497301
PR26 -14586.316809  20870.423564  -1271.215868     64.266729
PE01 -28549.971768    327.990981  -7811.244193     78.936192
PE02  28544.498383   -351.937316   7845.108899     -1.034613
PE08   6852.874165 -21041.881155 -19661.963445   3032.648800
PE09   7694.847382  28311.291114   3895.080035   3090.201550
PE11  -2573.108212  22969.646433  18492.656183   1539.776960
PE12 -17008.768493  24023.789714   3155.296071    223.243753
PE14 -11824.223991 -18617.131056 -19375.274686   3187.951160
PE18    282.536211  26553.769750   8852.546350   3630.016290
PE19 -17881.382739   -635.403486  23575.697284      3.741549
PE22  22904.173968 -11877.595170  14512.896161   1851.903460
PE24   7056.845892  16594.594279 -23474.888723  -1065.770030
PE26 -14936.309141  -8119.712815 -24230.638575   4091.925110
PE30  15128.827866 -12079.860887  22395.279105   3347.839250
PC06  -7072.382455  32468.077568  26277.428972   -407.836917
PC07 -17674.340705  21755.343860 -31457.202687    -33.558762
PC08 -23052.034745  34941.987595   4198.579466   -695.624272
PC09   3394.500526  39569.800014  14650.003781    -21.764708
PC10  -1515.610774  25016.278199 -33803.888265   -241.835933
PC11  16093.780427 -20548.880902  10054.724529    317.398638
PC12  16871.804915  -1627.237384  22231.617905    851.385029
PC13 -11776.536057  36311.456759  17643.369104    654.244263
PC14  12368.857938 -10251.989898 -22779.051515    270.116378
PJ01 -26543.099076  22507.402833  28880.420909   -230.285049
*  2016 11 21  4 45  0.00000000
PG01   2723.530362 -16593.842150 -20603.511645     41.163844
PG02 -21266.802273  14694.540214   5636.639475    522.362821
PG03  -7402.188968 -19752.800953 -16154.353118    -99.277950
PG04 -15028.007731  14836.348363  16184.923201     17.932633
PG05 -12221.508827  10055.200471  21264.800931    -76.804649
PG06 -25110.542903   6360.576008  -5859.668415    275.793857
PG07 -13618.268968 -10041.079536  20734.399541    409.060907
PG08   4758.387436 -25976.641640   2617.211484    -39.684946
PG09  -9040.970457 -19363.177118  15746.512381    248.632753
PG10  23135.259624   8598.310617  -9919.522538   -114.815987
PG11   5356.651699 -21877.878943 -14662.239600   -671.997762
PG12   5131.847594  19436.082020 -17603.215337    389.506446
PG13 -12335.872923  21108.530279  10332.210447    -55.979240
PG14  15538.210062  -8247.105580 -19590.521936    -45.979267
PG15  -3269.806188  26027.778678   2449.227942   -335.001777
PG16  12522.481889  -8127.277363  21901.014117     16.379411
PG17 -14581.515154  -1692.406209 -21785.985112   -198.752704
PG18  21129.271585  16255.289054   1757.222750    577.740719
PG19 -15766.540103   6097.501587 -20820.088548   -519.643531
PG20   5938.439002  19038.972575  17373.750808    447.003244
PG21  16989.153658   7977.054264  19627.045682   -530.985066
PG22  -1072.724751 -18248.929652 -19004.010059    184.306805
PG23  -1347.063174 -25656.847516   5959.189837   -197.371664
PG24  -5534.492523  17624.837246 -19067.702594    -26.386279
PG25  16814.429664  19241.782207  -7739.709845   -285.783194
PG26  19843.407807   -756.971654  17674.760722   -503.192093
PG27  12145.461447 -18448.831423  14577.100522    168.408487
PG28 -21832.492929 -12929.258654  -7251.706276    568.553981
PG29   5750.199497  21745.600453  14146.609741    642.536108
PG30 -22276.274126  -2952.783924  14250.853536    157.573637
PG31  25531.303161  -6565.140444  -4540.145415    235.523763
PG32  15050.427825   2528.435122 -21727.322931   -207.485147
PR01  15151.049399   7062.487386 -19265.256474   -138.004420
PR02   5652.180556 -11123.380987 -22211.336873    221.598995
PR03  -6615.134258 -21843.804481 -11325.202867     85.572967
PR04 -15127.526634 -19485.643127   6477.192813    193.193311
PR05 -14861.419490  -6013.216563  19829.534114    -50.722947
PR06  -5083.219592  12067.755387  21878.867528    100.184881
PR07   6771.747776  21957.419275  11133.433038     20.353217
PR08  14925.811233  19823.850860  -5848.796461    -26.980418
PR09 -19752.492590   6727.686528 -14696.619768 999999.999999
PR10     90.430531  10555.677539 -23233.009888     16.498009
PR11  17905.872283   7875.462208 -16324.967186     11.459008
PR12  25350.790917   -994.666934   1554.553362    -39.954577
PR13  17232.657385  -8062.809293  16976.254423      4.513495
PR14  -2078.497480 -10521.161653  23134.821521    406.085387
PR15 -16379.889090  -8097.012090  17765.794979      7.625385
PR16 -25450.827507    178.881060    181.135255     50.478502
PR17   6759.202900 -21981.819810 -11073.929374     10.090844
PR18  -4814.110486 -11990.453632 -21970.827538    127.971588
PR19 -14190.314196   5508.912089 -20467.144015   -168.982279
PR20 -15050.813844  19692.018041  -6123.634700   -263.423783
PR21  -6820.897944  22004.004471  10917.808088     91.096418
PR22   5320.053857  11260.002091  22283.694782    218.407220
PR23  14566.483488  -7195.771499  19657.725335     21.194419
PR24  14812.823255 -19703.463519   6525.377838   -143.497948
PR26 -14243.267848  20663.438570  -4477.958195     64.264561
PE01 -29151.411269    400.245317  -5129.907920     78.927500
PE02  29147.120771   -424.138834   5164.650046     -1.034519
PE08   7533.472466 -19330.657895 -21115.498004   3033.007540
PE09   7554.113426  27860.007270   6533.826597   3090.566860
PE11  -3497.057681  24259.697700  16597.554985   1539.790220
PE12 -17044.605331  24200.687105    436.527366    223.319684
PE14 -11178.285483 -19880.343677 -17665.748909   3188.261290
PE18   -141.640692  27751.845750   6619.811043   3630.365090
PE19 -18681.452180  -2572.320854  22810.618036      3.741964
PE22  21996.491715 -10801.626709  16604.235033   1852.114390
PE24   4923.486243  16257.857971 -24241.308624  -1065.830250
PE26 -13583.470466  -9849.798688 -24385.989303   4092.298920
PE30  17085.990002 -11883.086238  21052.921891   3348.198210
PC06  -6778.044298  31361.622748  27658.488232   -407.868630
PC07 -18732.976847  22137.078445 -30585.300770    -33.565843
PC08 -22076.754584  35760.632607   1865.735484   -695.644769
PC09   4172.085000  38695.274022  16649.008775    -21.806516
PC10  -2642.171997  24977.378221 -33776.626273   -241.853626
PC11  15723.780095 -19456.119381  12514.526921    317.392672
PC12  16067.426809    537.797702  22863.118178    851.410078
PC13 -11256.950230  37373.448846  15643.649661    654.270063
PC14  13862.942773  -8441.662389 -22666.891158    270.126116
PJ01 -26907.785466  22512.277897  28460.423167   -230.258663
*  2016 11 21  5  0  0.00000000
PG01   4836.879591 -17446.464664 -19452.634671     41.164987
PG02 -21805.197144  14613.491739   2847.841975    522.357839
PG03  -5715.879592 -18763.954501 -17921.081750    -99.279620
PG04 -14797.032461  12919.750075  17986.580010     17.936182
PG05 -14189.370008   8647.032393  20673.864784    -76.802348
PG06 -24459.482259   5802.965008  -8563.303721    275.798299
PG07 -11463.110044 -11035.972182  21487.072628    409.057667
PG08   4963.282571 -25503.697252   5435.701043    -39.686158
PG09  -8706.321245 -21029.758580  13662.145548    248.639363
PG10  23810.590680   9351.870565  -7305.326473   -114.817120
PG11   6603.070243 -22756.807353 -12590.583754   -671.998783
PG12   3455.375134  18220.404096 -19230.912163    389.506340
PG13 -12254.546620  19761.929498  12769.632508    -55.981026
PG14  15252.214794  -5904.845377 -20633.645800    -45.980968
PG15  -3625.752901  25558.032246   5217.290240   -335.002819
PG16  14427.460140  -6538.641337  21288.882797     16.381058
PG17 -14237.001578  -4226.750432 -21687.093516   -198.751880
PG18  20698.892823  16371.809068   4496.694451    577.743143
PG19 -15379.104914   3763.787742 -21629.176661   -519.642913
PG20   4015.620201  18148.647521  18806.979819    447.005176
PG21  15105.571680   9042.568988  20701.108578   -530.984117
PG22    931.725997 -17122.864457 -20028.184361    184.297165
PG23   -982.316385 -26135.138317   3174.074909   -197.372755
PG24  -7482.344953  18415.187635 -17573.373290    -26.386438
PG25  15887.975512  18798.594541 -10363.851011   -285.789301
PG26  21331.105129    460.757745  15863.510340   -503.196003
PG27  12159.958630 -16646.743095  16604.830309    168.413271
PG28 -22292.758806 -13537.914658  -4446.237858    568.556750
PG29   5377.116147  23188.032029  11811.673488    642.534685
PG30 -20722.706967  -3767.713528  16251.157233    157.574389
PG31  24982.837370  -6118.340333  -7284.381931    235.521672
PG32  14824.808324   4991.787379 -21456.705220   -207.500033
PR01  16441.256252   8916.495525 -17340.784331   -138.004112
PR02   7124.987922  -8755.996149 -22840.774314    221.600279
PR03  -5869.281187 -20458.789618 -14002.130577     85.573240
PR04 -15567.553034 -19922.468702   3341.952162    193.194602
PR05 -16193.813715  -7935.329125  18030.463728    -50.725904
PR06  -6558.315471   9748.274605  22626.948752    100.185618
PR07   6050.605030  20597.449706  13825.890350     20.351745
PR08  15326.797504  20200.777910  -2695.856089    -26.980810
PR09 -21404.007322   6875.102625 -12093.526136 999999.999999
PR10  -2761.963309  10657.310103 -23028.166951     16.498267
PR11  15753.332004   7829.007855 -18431.105877     11.458270
PR12  25339.121894  -1138.198017  -1672.501783    -39.954212
PR13  19178.244300  -8278.997541  14623.649784      4.512978
PR14    783.642015 -10606.399865  23169.578607    406.091147
PR15 -14064.304062  -8056.830461  19675.360406      7.625406
PR16 -25221.645956    317.105487   3394.386499     50.479685
PR17   7185.718944 -23099.431854  -8149.144889     10.092458
PR18  -3631.757339 -14353.495265 -20743.192697    127.972775
PR19 -12858.407211   3263.516620 -21786.548650   -168.982845
PR20 -14431.031626  18955.928284  -9172.489984   -263.426054
PR21  -7228.880785  23109.332831   7972.640359     91.097750
PR22   4118.561653  13657.468777  21180.567465    218.408779
PR23  13303.090056  -5009.891394  21172.389750     21.195118
PR24  14190.044924 -18905.922019   9554.326594   -143.498663
PR26 -13735.449583  20086.769552  -7597.553502     64.265572
PE01 -29501.972022    531.807009  -2384.773322     78.918796
PE02  29498.987782   -555.618102   2419.976080     -1.034345
PE08   8381.395156 -17562.462595 -22306.478422   3033.366190
PE09   7279.331262  27208.866025   9091.267341   3090.932190
PE11  -4228.782757  25460.942525  14496.043402   1539.803420
PE12 -16931.657141  24175.410900  -2287.670300    223.395560
PE14 -10589.680230 -21042.510061 -15719.011893   3188.571370
PE18   -421.728263  28729.685268   4294.790517   3630.713830
PE19 -19575.152187  -4376.950876  21761.744749      3.742355
PE22  21064.778242  -9516.770570  18489.074446   1852.325270
PE24   2715.808313  16074.003963 -24706.278182  -1065.890470
PE26 -12353.293133 -11669.421653 -24238.095698   4092.672720
PE30  18919.878388 -11838.712790  19448.821328   3348.557160
PC06  -6631.333055  30228.065227  28922.107604   -407.900183
PC07 -19732.466533  22653.973804 -29581.552585    -33.572836
PC08 -21002.132039  36443.480470   -475.199408   -695.665511
PC09   4828.863482  37728.440806  18577.165702    -21.848476
PC10  -3764.114735  25085.709379 -33603.181598   -241.870978
PC11  15349.654847 -18111.093299  14789.893985    317.386359
PC12  15385.245141   2794.890685  23156.946498    851.435288
PC13 -10602.529775  38356.964066  13576.017615    654.295955
PC14  15440.708399  -6743.774297 -22217.411392    270.135878
PJ01 -27289.107832  22584.336834  27940.774483   -230.232236
*  2016 11 21  5 15  0.00000000
PG01   6773.037224 -18340.176492 -17967.554352     41.166128
PG02 -22074.761450  14392.098876      9.199082    522.352562
PG03  -3825.330986 -17767.954735 -19379.732995    -99.281299
PG04 -14641.356407  10812.546975  19481.303920     17.937500
PG05 -16148.355780   7384.555286  19725.730549    -76.800386
PG06 -23576.863237   5069.486222 -11119.501386    275.802784
PG07  -9303.981020 -12175.500689  21877.300987    409.054405
PG08   5185.899930 -24728.303339   8160.476525    -39.687316
PG09  -8462.534738 -22461.902681  11342.286830    248.645970
PG10  24266.337084   9910.965500  -4566.010097   -114.818202
PG11   7660.581540 -23504.729981 -10308.790604   -671.999668
PG12   1575.717283  17008.372208 -20533.429774    389.506532
PG13 -12208.453206  18150.250086  14986.496083    -55.982827
PG14  15077.188687  -3453.265784 -21312.341627    -45.982532
PG15  -4014.199338  24795.409211   7893.238998   -335.004096
PG16  16343.174476  -5116.256888  20309.401276     16.382218
PG17 -14032.457568  -6740.260551 -21203.223281   -198.750744
PG18  20015.841560  16356.440302   7160.627647    577.746163
PG19 -15112.728066   1340.226511 -22076.168413   -519.642143
PG20   1924.587891  17283.336746  19912.247638    447.006630
PG21  13193.408951  10250.991479  21442.538599   -530.983037
PG22   3068.879441 -16041.130067 -20700.096799    184.287480
PG23   -647.423828 -26310.385686    333.011497   -197.373638
PG24  -9228.904765  19209.263920 -15775.669608    -26.387836
PG25  14695.819767  18256.866866 -12812.529944   -285.795378
PG26  22691.528757   1485.368225  13780.091564   -503.199807
PG27  12265.828193 -14634.443230  18343.917700    168.418025
PG28 -22525.612393 -13923.290421  -1563.287276    568.559457
PG29   5107.356405  24373.477371   9273.742654    642.533132
PG30 -19020.967488  -4748.194048  17973.139762    157.575201
PG31  24189.198774  -5506.256969  -9905.632758    235.519791
PG32  14728.320705   7411.724558 -20816.605417   -207.514927
PR01  17706.128040  10467.468418 -15079.393245   -138.003483
PR02   8795.777485  -6462.026816 -23025.088745    221.601990
PR03  -4839.258113 -18879.130074 -16406.073330     85.574803
PR04 -15806.197075 -20012.643065    141.751738    193.195866
PR05 -17513.976874  -9562.796667  15880.906329    -50.728934
PR06  -8234.903383   7488.037970  22934.967204    100.186351
PR07   5046.441800  19040.116563  16250.622006     20.350095
PR08  15522.124981  20232.092569    509.514393    -26.981208
PR09 -22706.922451   7112.849258  -9256.040665 999999.999999
PR10  -5545.521980  10968.377954 -22376.987767     16.498200
PR11  13366.816567   7961.777702 -20178.032927     11.457320
PR12  24922.542427  -1236.105763  -4866.727625    -39.953986
PR13  20797.373476  -8603.893971  11986.686983      4.512523
PR14   3608.690546 -10904.469410  22753.645954    406.096164
PR15 -11542.765289  -8212.248383  21202.074503      7.625066
PR16 -24592.903500    394.098465   6541.248776     50.480847
PR17   7377.044274 -23908.699114  -5066.398279     10.094581
PR18  -2699.630348 -16637.381740 -19111.619267    127.974313
PR19 -11641.180750    801.158710 -22682.831204   -168.983551
PR20 -13714.653656  17845.744937 -12043.587526   -263.427955
PR21  -7402.350293  23901.948839   4872.305974     91.099104
PR22   3165.868555  15990.576153  19667.452004    218.409595
PR23  12140.844608  -2588.649653  22275.565351     21.195660
PR24  13481.370108 -17733.968904  12397.419037   -143.498954
PR26 -13119.755912  19131.232059 -10569.282571     64.266911
PE01 -29593.307678    688.079153    390.016783     78.910112
PE02  29591.678679   -711.789395   -354.788771     -1.034213
PE08   9394.839631 -15773.566823 -23220.090097   3033.724870
PE09   6848.081524  26382.291390  11535.584827   3091.297500
PE11  -4776.266811  26538.863519  12214.262164   1539.816660
PE12 -16698.562050  23930.483622  -4983.421779    223.471436
PE14 -10040.230264 -22070.482504 -13549.233114   3188.881460
PE18   -584.618682  29481.790537   1912.966385   3631.062600
PE19 -20536.134237  -6024.004828  20442.112201      3.742758
PE22  20143.424360  -8032.582433  20143.947771   1852.536190
PE24    472.460044  16051.743381 -24863.992152  -1065.950680
PE26 -11265.463511 -13546.357191 -23788.826018   4093.046550
PE30  20596.712335 -11928.675987  17602.917894   3348.916100
PC06  -6634.517376  29086.861163  30062.893180   -407.931688
PC07 -20655.703219  23297.227571 -28450.413904    -33.579655
PC08 -19846.811912  36978.645202  -2814.074872   -695.685905
PC09   5353.822455  36685.848129  20426.266287    -21.890464
PC10  -4862.191815  25339.482187 -33284.418431   -241.888664
PC11  15007.426821 -16529.682244  16847.287396    317.379858
PC12  14841.650527   5103.206131  23108.496050    851.460396
PC13  -9824.723974  39244.961842  11449.436475    654.321834
PC14  17069.011599  -5185.190081 -21437.472873    270.145645
PJ01 -27678.073077  22724.918951  27322.905667   -230.205768
*  2016 11 21  5 30  0.00000000
PG01   8503.808443 -19237.549792 -16173.048976     41.167234
PG02 -22090.282674  13997.455600  -2829.559758    522.347302
PG03  -1756.506885 -16802.800889 -20505.232594    -99.282947
PG04 -14586.209723   8553.789649  20644.583266     17.937914
PG05 -18053.551515   6280.295805  18437.410828    -76.798552
PG06 -22498.406540   4141.530322 -13484.232674    275.807244
PG07  -7185.447590 -13442.283267  21897.374106    409.051703
PG08   5462.189881 -23665.534360  10744.668048    -39.688606
PG09  -8280.103940 -23631.113154   8826.954370    248.652486
PG10  24472.772764  10299.284443  -1748.514595   -114.819322
PG11   8534.945878 -24085.795108  -7854.026969   -672.000906
PG12   -480.296619  15840.028374 -21488.492001    389.506635
PG13 -12230.935940  16300.797583  16944.140605    -55.984447
PG14  15026.798907   -940.682869 -21614.807014    -45.984001
PG15  -4467.330338  23756.174463  10429.735381   -335.005130
PG16  18222.757758  -3877.211874  18980.663889     16.383720
PG17 -13965.045888  -9181.133762 -20343.792447   -198.750281
PG18  19075.580980  16244.455936   9704.927079    577.749061
PG19 -14978.958902  -1126.354739 -22152.849794   -519.641408
PG20   -301.831110  16474.202771  20670.079305    447.008263
PG21  11293.334944  11589.310358  21839.738585   -530.982071
PG22   5302.539004 -15033.215129 -21007.968990    184.277791
PG23   -306.643942 -26177.349800  -2513.918879   -197.374812
PG24 -10753.249542  19968.282199 -13705.102852    -26.388401
PG25  13242.947141  17658.200991 -15044.393522   -285.801513
PG26  23882.279247   2323.188624  11460.301634   -503.203723
PG27  12486.873670 -12452.108819  19764.428446    168.422788
PG28 -22503.592532 -14113.920444   1346.735850    568.561840
PG29   4908.867279  25275.184236   6576.441703    642.531451
PG30 -17214.707072  -5898.181550  19387.094945    157.576009
PG31  23182.684581  -4706.292234 -12359.272703    235.517567
PG32  14753.419729   9740.483659 -19818.119331   -207.529658
PR01  18885.531978  11699.148652 -12524.964581   -138.003048
PR02  10625.704508  -4299.880231 -22760.839653    221.603507
PR03  -3519.202494 -17166.565450 -18490.130684     85.575796
PR04 -15796.080023 -19784.326702  -3061.203278    193.196410
PR05 -18761.953738 -10876.517420  13422.687417    -50.732775
PR06 -10075.884889   5345.344558  22796.812316    100.186787
PR07   3752.505993  17346.628811  18360.731850     20.348343
PR08  15465.558119  19947.645931   3704.990468    -26.981316
PR09 -23633.249491   7389.736814  -6239.239474 999999.999999
PR10  -8191.927104  11470.778308 -21292.366061     16.498144
PR11  10807.855540   8298.488973 -21531.766379     11.456810
PR12  24117.185854  -1234.732696  -7965.464978    -39.953501
PR13  22054.509548  -8987.329588   9116.650955      4.512670
PR14   6326.685832 -11401.233011  21894.822805    406.100998
PR15  -8880.815371  -8583.813774  22316.597006      7.624571
PR16 -23585.706637    357.549109   9560.180418     50.482099
PR17   7373.500067 -24369.210485  -1885.461194     10.096256
PR18  -2017.020481 -18774.434638 -17107.733914    127.975827
PR19 -10581.979822  -1822.946151 -23138.625295   -168.983982
PR20 -12961.100473  16369.374974 -14681.241249   -263.428884
PR21  -7382.407759  24341.651899   1677.136366     91.100685
PR22   2463.488590  18191.624326  17773.988376    218.411041
PR23  11124.809110     14.997341  22945.788688     21.196535
PR24  12746.020845 -16197.896524  14999.285043   -143.499482
PR26 -12455.059786  17801.022581 -13335.307041     64.271360
PE01 -29423.788785    833.608241   3159.956706     78.901385
PE02  29423.487164   -857.199953  -3125.139343     -1.034095
PE08  10565.917098 -13999.773570 -23844.965122   3034.083530
PE09   6242.698377  25408.773888  13836.374345   3091.662840
PE11  -5153.371257  27461.384326   9780.591812   1539.829910
PE12 -16376.856921  23454.172214  -7617.203858    223.547303
PE14  -9507.080964 -22931.618753 -11175.777975   3189.191480
PE18   -658.950089  30007.221087   -493.034295   3631.411300
PE19 -21534.503737  -7493.172852  18868.126097      3.743115
PE22  19265.086317  -6364.652555  21548.243814   1852.747090
PE24  -1766.895647  16193.323293 -24712.464222  -1066.010900
PE26 -10334.092550 -15445.696010 -23043.792928   4093.420370
PE30  22086.709177 -12129.639041  15538.157716   3349.275050
PC06  -6787.307582  27957.591025  31075.962580   -407.963294
PC07 -21486.887304  24055.879316 -27196.879339    -33.586789
PC08 -18630.840931  37356.792426  -5140.745696   -695.705985
PC09   5738.200166  35585.332034  22188.433649    -21.932519
PC10  -5917.564081  25734.404488 -32821.830278   -241.906145
PC11  14730.215773 -14734.757119  18656.355256    317.373210
PC12  14446.060476   7419.617154  22718.194081    851.485417
PC13  -8937.120668  40022.055113   9273.131311    654.347639
PC14  18711.075254  -3786.680793 -20338.850827    270.155252
PJ01 -28065.511329  22934.159422  26608.534685   -230.179264
*  2016 11 21  5 45  0.00000000
PG01  10008.644264 -20097.832668 -14099.360547     41.168382
PG02 -21874.055833  13401.558538  -5618.142999    522.342483
PG03    457.614887 -15902.213079 -21278.225117    -99.284558
PG04 -14650.047495   6187.075215  21457.607981     17.938239
PG05 -19859.753959   5338.733504  16831.721311    -76.796146
PG06 -21264.326664   3007.998316 -15616.760525    275.811715
PG07  -5148.970366 -14811.480601  21545.708112    409.048703
PG08   5824.895122 -22338.685811  13143.903580    -39.689507
PG09  -8125.481833 -24516.462817   6159.526140    248.659072
PG10  24406.827808  10546.169984   1098.913041   -114.820399
PG11   9238.489723 -24467.115404  -5266.725957   -672.001665
PG12  -2678.596647  14750.810557 -22079.568602    389.506529
PG13 -12350.397525  14248.140480  18608.309846    -55.986025
PG14  15106.674824   1582.538812 -21536.056185    -45.985243
PG15  -5013.832265  22464.514923  12781.922648   -335.006200
PG16  20018.350087  -2829.841470  17326.623023     16.385069
PG17 -14023.532578 -11499.741900 -19124.995374   -198.749485
PG18  17881.157081  16072.270718  12087.909497    577.752218
PG19 -14981.324309  -3587.429879 -21857.036373   -519.640502
PG20  -2625.239320  15747.071418  21067.126811    447.009928
PG21   9443.452197  13037.635094  21886.259540   -530.981184
PG22   7591.782357 -14122.652378 -20946.563639    184.267920
PG23     75.743736 -25739.836894  -5316.266462   -197.375723
PG24 -12042.471532  20651.668377 -11397.052004    -26.388927
PG25  11542.981929  17043.601413 -17021.724710   -285.807610
PG26  24864.469467   2988.299401   8943.964825   -503.207584
PG27  12839.829812 -10144.771816  20842.064625    168.427582
PG28 -22206.694162 -14144.060616   4233.741046    568.564460
PG29   4745.691598  25874.525213   3766.127315    642.530020
PG30 -15348.933176  -7213.592880  20468.533958    157.576863
PG31  22000.745561  -3702.836287 -14603.259752    235.515565
PG32  14884.886239  11932.994259 -18478.507695   -207.544504
PR01  19919.325582  12608.015024  -9727.094791   -138.002632
PR02  12566.370448  -2320.200147 -22053.345818    221.605016
PR03  -1915.922705 -15384.827883 -20213.656661     85.576388
PR04 -15497.996849 -19276.211238  -6204.637506    193.197485
PR05 -19877.217617 -11870.074570  10703.623002    -50.736145
PR06 -12034.466912   3371.221147  22215.061491    100.187003
PR07   2174.586394  15580.279968  20115.408853     20.346428
PR08  15119.288211  19387.602696   6828.521516    -26.982021
PR09 -24167.639113   7651.134760  -3101.615594 999999.999999
PR10 -10638.123673  12134.882353 -19795.544584     16.498154
PR11   8143.089853   8852.344134 -22466.019979     11.455884
PR12  22951.996417  -1084.913239 -10908.014480    -39.952750
PR13  22926.526781  -9374.397174   6069.359008      4.512880
PR14   8871.867357 -12070.612356  20609.558802    406.106784
PR15  -6147.940824  -9179.932962  22997.650955      7.624547
PR16 -22233.535976    160.470160  12392.171368     50.483085
PR17   7222.932011 -24451.604726   1332.013687     10.097971
PR18  -1570.749097 -20700.106710 -14770.461676    127.977334
PR19  -9714.000796  -4546.111337 -23145.115186   -168.984693
PR20 -12228.440411  14547.977323 -17034.258884   -263.430814
PR21  -7217.641778  24399.517226  -1550.679115     91.102038
PR22   2000.407792  20195.576236  15537.080420    218.412195
PR23  10290.341946   2740.037389  23170.011614     21.196940
PR24  12041.419500 -14321.217619  17309.230611   -143.500417
PR26 -11799.557056  16113.737375 -15841.802750     64.272193
PE01 -28998.550207    933.258992   5890.607218     78.892675
PE02  28999.473439   -956.704785  -5856.618856     -1.033999
PE08  11880.848867 -12275.338903 -24173.323646   3034.442220
PE09   5450.888309  24319.971583  15965.022363   3092.028200
PE11  -5379.335750  28199.870627   7225.299695   1539.843090
PE12 -15999.938645  22740.896620 -10156.262279    223.623219
PE14  -8963.154077 -23594.861012  -8624.020616   3189.501580
PE18   -674.043849  30309.255102  -2893.369358   3631.760030
PE19 -22537.756059  -8769.694716  17059.359684      3.743508
PE22  18459.654222  -4534.183768  22684.464324   1852.958060
PE24  -3962.758098  16494.452054 -24253.552900  -1066.071140
PE26  -9567.317196 -17330.886841 -22012.282593   4093.794180
PE30  23364.969036 -12413.766718  13280.208020   3349.633960
PC06  -7086.860700  26859.625795  31956.965403   -407.994794
PC07 -22211.795704  24917.001144 -25826.458780    -33.593645
PC08 -17375.320791  37571.301834  -7445.116791   -695.726323
PC09   5975.635371  34445.712764  23856.154733    -21.974382
PC10  -6912.124477  26263.757615 -32217.531447   -241.923457
PC11  14547.020688 -12755.487776  20190.371686    317.366519
PC12  14200.609023   9700.088886  21991.512653    851.510457
PC13  -7955.210778  40674.777332   7056.547862    654.374127
PC14  20327.719690  -2562.308825 -18938.048797    270.164942
PJ01 -28442.224813  23210.971287  25799.670384   -230.152896
*  2016 11 21  6  0  0.00000000
PG01  11275.274283 -20878.541032 -11781.719841     41.169508
PG02 -21454.961976  12582.679384  -8306.658580    522.337225
PG03   2778.112433 -15094.346203 -21685.405323    -99.286082
PG04 -14843.820464   3759.055489  21907.511484     17.938993
PG05 -21523.097191   4556.323090  14936.844987    -76.794011
PG06 -19917.782810   1665.934308 -17480.343266    275.816190
PG07  -3231.478755 -16251.585965  20826.954613    409.045399
PG08   6302.103106 -20778.437253  15317.066178    -39.690242
PG09  -7962.556892 -25105.296946   3385.986724    248.665597
PG10  24053.035679  10685.300207   3927.534915   -114.821485
PG11   9789.519729 -24620.081666  -2590.016789   -672.002626
PG12  -4978.956693  13770.241596 -22296.164848    389.506770
PG13 -12589.051327  12032.941378  19949.779963    -55.987930
PG14  15314.182213   4065.789827 -21077.989288    -45.986762
PG15  -5677.536970  20951.646543  14908.283926   -335.007217
PG16  21682.838781  -1973.637035  15376.605133     16.386515
PG17 -14188.843676 -13650.402633 -17569.423293   -198.749255
PG18  16443.149911  15875.958682  14270.879313    577.754907
PG19 -15115.163112  -5994.391616 -21192.666429   -519.640184
PG20  -5002.966384  15121.435233  21096.419689    447.011316
PG21   7678.084225  14569.773875  21580.886667   -530.980350
PG22   9892.389422 -13326.158398 -20517.269799    184.258399
PG23    533.782829 -25010.593484  -8024.184308   -197.376817
PG24 -13092.009937  21218.683088  -8891.173522    -26.389765
PG25   9617.847671  16451.850361 -18711.045071   -285.813705
PG26  25604.189715   3501.789458   6274.253931   -503.211359
PG27  13333.614606  -7760.722505  21558.571426    168.432240
PG28 -21623.116244 -14052.110910   7048.805623    568.567121
PG29   4579.542983  26161.646709    891.094192    642.528488
PG30 -13468.384763  -8682.277191  21198.616687    157.577710
PG31  20684.593180  -2488.090565 -16598.844325    235.513801
PG32  15100.480219  13948.425729 -16820.894460   -207.559358
PR01  20749.939547  13203.173104  -6740.133893   -138.002337
PR02  14561.710663   -563.962478 -20916.567886    221.607001
PR03    -48.877410 -13596.999975 -21543.061061     85.577485
PR04 -14882.780419 -18535.738232  -9227.421671    193.198912
PR05 -20801.255213 -12549.736988   7776.585991    -50.738760
PR06 -14055.956461   1607.486995  21200.938458    100.186183
PR07    331.030959  13803.847673  21480.705342     20.344681
PR08  14455.725683  18600.590362   9819.536388    -26.981944
PR09 -24307.885179   7841.489311     96.050269 999999.999999
PR10 -12828.684345  12920.831415 -17915.690308     16.498134
PR11   5441.687465   9624.330854 -22962.711795     11.455212
PR12  21467.509655   -744.326376 -13636.856696    -39.951980
PR13  23403.518056  -9707.969264   2904.070585      4.512839
PR14  11185.184592 -12875.698821  18922.653561    406.111756
PR15  -3414.883411  -9996.409935  23232.405963      7.624552
PR16 -20580.872707   -236.549644  14981.919361     50.484237
PR17   6978.449554 -24138.849736   4523.681550     10.099368
PR18  -1335.943101 -22355.565510 -12145.270940    127.978978
PR19  -9058.963549  -7300.547978 -22702.203526   -168.985129
PR20 -11570.815717  12415.304680 -19056.933054   -263.432127
PR21  -6961.824912  24059.170668  -4748.312703     91.103242
PR22   1753.783011  21942.613027  13000.170802    218.413248
PR23   9661.653072   5519.698196  22943.856234     21.197327
PR24  11420.627919 -12139.905388  19282.234496   -143.499988
PR26 -11208.154001  14099.839328 -18040.013027     64.274584
PE01 -28329.329606    953.378923   8548.023754     78.883965
PE02  28331.307159   -976.632218  -8515.247966     -1.033867
PE08  13320.349001 -10631.944272 -24201.070838   3034.800900
PE09   4466.180508  23149.715078  17895.062306   3092.393560
PE11  -5478.109948  28730.026290   4580.163492   1539.856340
PE12 -15601.969023  21791.447936 -12569.019246    223.699105
PE14  -8377.919336 -24032.020207  -5926.112459   3189.811590
PE18   -658.996810  30395.023369  -5260.828053   3632.108760
PE19 -23511.797623  -9844.756818  15038.310735      3.743883
PE22  17753.309836  -2567.393846  23538.442959   1853.169000
PE24  -6076.961275  16944.432350 -23492.939768  -1066.131380
PE26  -8967.091042 -19164.832371 -20707.138400   4094.167970
PE30  24412.208911 -12749.642164  10857.138687   3349.992870
PC06  -7527.828811  25811.796543  32702.101703   -408.026601
PC07 -22818.023903  25865.921636 -24345.151833    -33.600442
PC08 -16102.042754  37618.382624  -9717.188041   -695.746842
PC09   6062.275336  33286.473931  25422.311357    -22.016357
PC10  -7828.809035  26918.514276 -31474.245837   -241.940433
PC11  14481.649020 -10626.436191  21426.625947    317.360412
PC12  14100.096119  11901.099258  20938.906438    851.535332
PC13  -6896.119700  41191.816166   4809.310556    654.400917
PC14  21878.682584  -1519.052799 -17256.042387    270.174595
PJ01 -28799.138619  23553.045136  24898.616662   -230.126427
*  2016 11 21  6 15  0.00000000
PG01  12300.022960 -21537.144429  -9259.773047     41.170625
PG02 -20867.268561  11526.507141 -10846.604245    522.332219
PG03   5161.420224 -14400.731515 -21719.746674    -99.287772
PG04 -15170.544267   1317.848595  21987.516808     17.939377
PG05 -23002.628164   3921.833062  12785.810687    -76.792165
PG06 -18503.228777    120.842416 -19042.869323    275.820623
PG07  -1464.105704 -17725.487110  19752.014444    409.042413
PG08   6915.987902 -19021.744400  17226.989970    -39.691694
PG09  -7754.233411 -25393.627174    554.129675    248.672159
PG10  23404.201522  10753.210534   6688.944038   -114.822611
PG11  10211.503135 -24521.556884    130.917024   -672.003529
PG12  -7336.315586  12920.846415 -22134.022706    389.506859
PG13 -12961.921018   9700.551890  20944.902207    -55.990170
PG14  15638.548749   6460.021934 -20249.320344    -45.988348
PG15  -6476.269934  19254.645969  16771.430089   -335.008305
PG16  23171.562153  -1299.498558  13164.750242     16.388004
PG17 -14434.949049 -15592.976981 -15705.560742   -198.748373
PG18  14779.365733  15689.817449  16218.641646    577.757885
PG19 -15367.773133  -8300.186650 -20169.808513   -519.639399
PG20  -7389.540280  14609.722594  20757.494264    447.013044
PG21   6026.692382  16154.028945  20927.683696   -530.979505
PG22  12158.405630 -12653.064308 -19728.055114    184.248659
PG23   1098.242583 -24010.843031 -10589.401598   -197.377816
PG24 -13905.659952  21630.076315  -6230.724065    -26.390617
PG25   7497.123015  15917.977714 -20083.653495   -285.819798
PG26  26073.794462   3890.743064   3496.956094   -503.215250
PG27  13968.902798  -5349.798103  21902.030153    168.436909
PG28 -20749.690517 -13878.930505   9744.951673    568.569646
PG29   4371.474622  26135.792088  -1999.252289    642.527086
PG30 -11615.925032 -10284.304311  21564.490935    157.578558
PG31  19277.665961  -1062.604585 -18311.242617    235.511873
PG32  15371.877284  15751.574275 -14873.864731   -207.574258
PR01  21324.873451  13505.720276  -3622.129015   -138.002352
PR02  16550.219118    939.008415 -19372.821115    221.608076
PR03   2050.383921 -11862.920134 -22452.469365     85.578701
PR04 -13932.755033 -17616.965386 -12070.767172    193.200443
PR05 -21480.085213 -12933.931678   4698.474462    -50.741905
PR06 -16079.905646     85.216164  19774.101880    100.186526
PR07  -1747.760541  12077.035217  22430.184769     20.342803
PR08  13458.870550  17641.514664  12620.113612    -26.981688
PR09 -24064.898463   7906.884785   3291.859355 999999.999999
PR10 -14717.857214  13780.274741 -15689.322172     16.497955
PR11   2772.665515  10603.054634 -23012.309336     11.454499
PR12  19714.158924   -179.545991 -16098.798271    -39.951584
PR13  23489.063870  -9931.320133   -317.670398      4.512922
PR14  13216.530534 -13770.343391  16866.789185    406.116446
PR15   -750.916805 -11016.531523  23016.695833      7.624068
PR16 -18681.376940   -863.422216  17278.927432     50.485394
PR17   6695.951200 -23427.025743   7627.706617     10.100938
PR18  -1277.314764 -23690.055926  -9283.285642    127.980602
PR19  -8626.283269 -10015.951956 -21818.510991   -168.985686
PR20 -11036.047278  10016.529101 -20709.928613   -263.434313
PR21  -6671.396463  23317.553079  -7853.530628     91.104563
PR22   1690.137914  23380.483720  10212.398755    218.414725
PR23   9250.846220   8283.988646  22271.701372     21.197905
PR24  10929.985469  -9701.118185  20879.833898   -143.499725
PR26 -10730.009939  11801.594665 -19887.200887     64.279093
PE01 -27434.102122    862.916043  11099.178126     78.875228
PE02  27436.906114   -885.903522 -11067.948131     -1.033745
PE08  14860.181502  -9097.751483 -23927.848254   3035.159570
PE09   3288.194683  21932.947725  19602.503222   3092.758910
PE11  -5477.537888  29032.656591   1878.075945   1539.869620
PE12 -15216.757639  20613.009196 -14825.466314    223.775000
PE14  -7718.544634 -24219.268772  -3121.593196   3190.121660
PE18   -641.914661  30275.123844  -7570.631515   3632.457430
PE19 -24422.020038 -10715.703064  12830.121883      3.744265
PE22  17167.703323   -494.760761  24099.522906   1853.379890
PE24  -8073.804740  17526.497895 -22440.060281  -1066.191610
PE26  -8529.170579 -20911.004179 -19144.600783   4094.541790
PE30  25215.323175 -13103.297993   8299.073797   3350.351760
PC06  -8102.449920  24832.072946  33308.138404   -408.058131
PC07 -23295.196416  26886.479201 -22759.420377    -33.607659
PC08 -14833.110181  37497.139848 -11947.098754   -695.767354
PC09   5996.841235  32127.430329  26880.209764    -22.058288
PC10  -8651.889449  27687.496037 -30595.293122   -241.957773
PC11  14551.830574  -8386.465712  22346.755789    317.354214
PC12  14132.199682  13981.048267  19575.677323    851.560242
PC13  -5778.310235  41564.209822   2541.179666    654.427711
PC14  23323.980935   -656.684759 -15317.957421    270.184235
PJ01 -29127.451403  23956.866746  23907.976981   -230.099796
*  2016 11 21  6 30  0.00000000
PG01  13087.793499 -22032.780198  -6576.917318     41.171735
PG02 -20149.197253  10227.002399 -13191.860421    522.327206
PG03   7560.810924 -13835.486467 -21380.623210    -99.289442
PG04 -15625.178671  -1088.587945  21696.989322     17.939940
PG05 -24261.772353   3416.983744  10415.897255    -76.790007
PG06 -17064.725734  -1613.325301 -20277.411890    275.825033
PG07    128.866919 -19191.766311  18337.950055    409.039199
PG08   7681.789899 -17110.503973  18841.083701    -39.693061
PG09  -7464.054384 -25386.201276  -2287.270309    248.678733
PG10  22461.766147  10787.712401   9335.879888   -114.823827
PG11  10532.037691 -24154.901845   2849.547628   -672.004490
PG12  -9702.289132  12217.338541 -21595.228966    389.506925
PG13 -13476.130661   7299.424898  21576.048294    -55.991818
PG14  16061.332952   8719.481789 -19065.368079    -45.989832
PG15  -7420.952178  17415.056697  18338.798809   -335.009366
PG16  24443.914199   -790.314188  10729.387924     16.389341
PG17 -14730.030286 -17294.230097 -13567.174998   -198.747667
PG18  12914.286429  15545.025896  17899.953539    577.760959
PG19 -15718.870667 -10460.910879 -18804.578676   -519.638828
PG20  -9738.273102  14216.862233  20056.398719    447.014795
PG21   4512.954345  17754.187875  19935.993801   -530.978564
PG22  14343.775747 -12105.059288 -18593.287668    184.239023
PG23   1795.149503 -22769.481416 -12966.173801   -197.378805
PG24 -14495.255791  21849.705436  -3461.807282    -26.390370
PG25   5217.116382  15471.881557 -21116.094427   -285.825911
PG26  26252.961687   4186.996461    659.695082   -503.219076
PG27  14738.035981  -2961.624300  21867.034054    168.441564
PG28 -19591.988312 -13666.113176  12277.844374    568.572369
PG29   4083.576820  25805.286705  -4855.242471    642.525404
PG30  -9831.012606 -11992.561087  21559.532736    157.579375
PG31  17824.009879    564.498599 -19710.262327    235.509867
PG32  15665.851829  17314.037173 -12670.969462   -207.589050
PR01  21598.998524  13547.612662   -433.693658   -138.002007
PR02  18467.416244   2171.042528 -17452.324940    221.609941
PR03   4339.296683 -10236.745304 -22924.228053     85.579458
PR04 -12642.716644 -16578.170875 -14679.374913    193.201049
PR05 -21866.604374 -13052.211762   1529.102249    -50.745051
PR06 -18042.517845  -1176.338450  17962.267700    100.187531
PR07  -4020.349635  10454.060422  22945.427562     20.341419
PR08  12125.204256  16569.134838  15176.093782    -26.981444
PR09 -23462.152732   7797.541155   6423.982706 999999.999999
PR10 -16271.214880  14658.475697 -13159.602689     16.497749
PR11    202.231052  11765.111015 -22614.005153     11.453792
PR12  17750.183878    632.299944 -18246.019527    -39.951399
PR13  23199.950861  -9990.740015  -3533.237443      4.512625
PR14  14926.606171 -14701.159742  14481.903417    406.121352
PR15   1778.799183 -12211.692698  22355.068879      7.623357
PR16 -16595.697038  -1739.049237  19238.499539     50.486489
PR17   6431.540269 -22325.579720  10583.952706     10.102615
PR18  -1350.891466 -24662.941209  -6240.282147    127.982411
PR19  -8412.775844 -12622.202314 -20511.207991   -168.986824
PR20 -10663.518735   7406.598515 -21961.049202   -263.435684
PR21  -6402.839390  22185.141477 -10805.913245     91.105676
PR22   1767.004022  24466.554486   7227.656639    218.415872
PR23   9057.488079  10962.380567  21166.598840     21.198050
PR24  10607.046769  -7061.461242  22070.881273   -143.499548
PR26 -10406.339479   9271.523771 -21347.481298     64.280554
PE01 -26336.522818    634.454594  13512.368468     78.866506
PE02  26339.881906   -657.071341 -13482.953935     -1.033562
PE08  16471.874704  -7696.569853 -23357.038947   3035.518300
PE09   1922.717903  20704.634346  21066.127288   3093.124330
PE11  -5408.420651  29094.274586   -847.364228   1539.882920
PE12 -14876.657804  19218.978059 -16897.537702    223.850945
PE14  -6951.465494 -24138.811958   -257.686454   3190.431790
PE18   -649.270442  29963.221406  -9800.213627   3632.806150
PE19 -25234.393578 -11386.053045  10462.267740      3.744642
PE22  16719.274817   1649.865707  24360.690929   1853.590930
PE24  -9921.107888  18218.343312 -21107.987897  -1066.251830
PE26  -8243.297359 -22534.541889 -17344.105138   4094.915660
PE30  25767.752905 -13439.329304   5637.817489   3350.710700
PC06  -8800.679863  23937.256201  33772.423578   -408.090077
PC07 -23635.142135  27961.300414 -21076.159411    -33.614436
PC08 -13590.555556  37209.590535 -14125.171513   -695.787960
PC09   5780.649854  30988.390003  28223.608552    -22.100208
PC10  -9367.242178  28557.567577 -29584.572422   -241.975363
PC11  14768.546903  -6077.503251  22937.020354    317.347738
PC12  14277.944134  15901.606835  17921.766643    851.585520
PC13  -4621.262218  41785.502549    262.007818    654.454560
PC14  24625.267324     32.097156 -13152.687831    270.193952
PJ01 -29418.783979  24417.752771  22830.659141   -230.073342
*  2016 11 21  6 45  0.00000000
PG01  13651.716583 -22327.927623  -3779.555171     41.172758
PG02 -19341.317851   8686.917399 -15299.656973    522.322257
PG03   9928.002594 -13404.823095 -20673.822666    -99.291131
PG04 -16194.817307  -3414.064678  21041.399191     17.941032
PG05 -25269.635212   3017.356582   7867.975264    -76.788088
PG06 -15644.283134  -3514.510343 -21162.694016    275.829466
PG07   1530.808626 -20606.194949  16607.791282    409.036261
PG08   8607.072206 -15090.043339  20131.872320    -39.694153
PG09  -7057.803070 -25096.246885  -5089.300685    248.685201
PG10  21235.851659  10826.269535  11823.024775   -114.824950
PG11  10781.643710 -23510.786667   5518.774423   -672.005679
PG12 -12026.819970  11666.107965 -20688.226309    389.506945
PG13 -14130.515863   4879.405653  21831.948206    -55.994426
PG14  16557.213651  10803.301727 -17547.717667    -45.991447
PG15  -8514.993925  15477.329386  19583.248826   -335.010638
PG16  25464.792739   -421.838814   8112.362493     16.390827
PG17 -15037.878357 -18728.904521 -11192.617666   -198.747158
PG18  10878.298913  15468.437215  19287.915022    577.763537
PG19 -16141.351307 -12437.306935 -17118.963079   -519.638100
PG20 -12002.897909  13940.160375  19005.574126    447.016527
PG21   3154.033698  19330.684355  18620.393707   -530.977678
PG22  16403.981156 -11676.255055 -17133.433513    184.229192
PG23   2644.514098 -21321.963790 -15112.184353   -197.380086
PG24 -14880.038354  21846.050861   -632.558145    -26.391213
PG25   2819.691707  15137.149931 -21790.549345   -285.832048
PG26  26129.484380   4425.712497  -2188.877276   -503.222954
PG27  15625.270654   -643.878412  21454.746124    168.446219
PG28 -18164.114289 -13454.287356  14606.408527    568.574736
PG29   3680.637106  25187.185568  -7627.793452    642.524131
PG30  -8148.309648 -13773.635027  21183.482471    157.580219
PG31  16366.632070   2375.622802 -20770.868635    235.507960
PG32  15945.660539  18615.129885 -10250.145538   -207.603889
PR01  21536.569573  13370.082485   2763.175013   -138.001536
PR02  20248.456085   3127.106419 -15192.599221    221.612098
PR03   6765.828318  -8764.774001 -22949.245610     85.580708
PR04 -11020.397137 -15479.297598 -17002.515419    193.202560
PR05 -21922.662140 -12943.765067  -1669.966215    -50.748167
PR06 -19879.214516  -2170.314714  15800.671998    100.187599
PR07  -6435.737573   8981.490960  23016.386083     20.339753
PR08  10464.066444  15443.501559  17438.113429    -26.981160
PR09 -22534.627500   7470.143156   9431.845090     31.923654
PR10 -17466.839082  15496.698381 -10375.506811     16.497621
PR11  -2208.748874  13075.981271 -21775.720375     11.453005
PR12  15639.233575   1702.332010 -20037.002175    -39.950196
PR13  22565.352682  -9838.030101  -6680.143546      4.513160
PR14  16288.336723 -15609.856232  11814.414701    406.126834
PR15   4115.678878 -13542.533864  21260.672379      7.623055
PR16 -14389.004680  -2870.288813  20822.613956     50.487396
PR17   6238.939988 -20857.040208  13335.140674     10.104262
PR18  -1506.120999 -25245.335540  -3075.590973    127.983827
PR19  -8402.908459 -15052.059865 -18805.681715   -168.987061
PR20 -10482.429239   4648.190754 -22785.868156   -263.437361
PR21  -6210.063854  20685.617432 -13548.038098     91.106800
PR22   1934.937015  25169.475323   4103.562675    218.417349
PR23   9068.722210  13486.519985  19650.020978     21.198438
PR24  10478.907145  -4284.857349  22832.157066   -143.499667
PR26 -10268.567708   6570.430793 -22392.517422     64.279975
PE01 -25065.194421    245.136307  15757.612340     78.857781
PE02  25068.809938   -267.244183 -15730.209185     -1.033479
PE08  18123.570705  -6447.161458 -22495.726255   3035.876980
PE09    381.588010  19498.672647  22267.752527   3093.489650
PE11  -5303.486843  28907.531643  -3562.270159   1539.896130
PE12 -14611.510304  17628.596865 -18759.459424    223.926838
PE14  -6044.372380 -23780.654697   2610.915787   3190.741730
PE18   -705.372616  29475.635409 -11929.000124   3633.154810
PE19 -25916.545675 -11865.327038   7964.212689      3.744976
PE22  16418.742146   3830.258381  24318.666129   1853.801900
PE24 -11591.154599  18992.830705 -19513.272860  -1066.312110
PE26  -8093.570197 -24003.302320 -15328.040315   4095.289440
PE30  26069.652573 -13722.053677   2906.458739   3351.069610
PC06  -9610.363088  23142.691512  34092.898536   -408.121720
PC07 -23832.031690  29072.098524 -19302.666308    -33.621369
PC08 -12395.958680  36760.629267 -16241.955186   -695.808111
PC09   5417.591187  29888.816296  29446.744883    -22.142303
PC10  -9962.589563  29513.864273 -28446.543568   -241.992727
PC11  15135.599846  -3743.196256  23188.508653    317.341282
PC12  14512.410191  17628.958124  16001.476923    851.610497
PC13  -3445.134459  41851.856602  -2018.303950    654.481374
PC14  25747.133088    561.286327 -10792.459438    270.203718
PJ01 -29665.323807  24929.904365  21669.880190   -230.046942
*  2016 11 21  7  0  0.00000000
PG01  14012.474863 -22389.973919   -916.280275     41.173800
PG02 -18484.837656   6917.950597 -17131.484126    522.316721
PG03  12214.830479 -13106.873748 -19611.450469    -99.292796
PG04 -16859.177873  -5615.692094  20032.197190     17.941395
PG05 -26002.092072   2693.536818   5185.798552    -76.786074
PG06 -14280.291845  -5553.206375 -21683.456081    275.833947
PG07   2733.250699 -21923.369810  14590.230952    409.033280
PG08   9691.281692 -13007.493178  21077.448674    -39.695297
PG09  -6505.020322 -24544.899810  -7803.754958    248.691623
PG10  19744.986618  10904.394081  14107.768346   -114.826069
PG11  10992.419847 -22587.748108   8091.747361   -672.006416
PG12 -14259.906321  11265.032034 -19427.724084    389.507134
PG13 -14915.573752   2489.968686  21707.912263    -55.995250
PG14  17095.063488  12676.884463 -15723.764615    -45.992970
PG15  -9754.004562  13487.162840  20483.536966   -335.011541
PG16  26205.840671   -163.833818   5358.319607     16.392189
PG17 -15319.458592 -19880.469050  -8624.058596   -198.746457
PG18   8706.732824  15481.543946  20360.302001    577.766560
PG19 -16602.329991 -14196.107831 -15140.542477   -519.637526
PG20 -14139.191051  13769.494580  17623.614503    447.018008
PG21   1960.066308  20841.897159  17000.595971   -530.976562
PG22  18297.614048 -11353.565441 -15374.639043    184.219555
PG23   3659.310025 -19708.930140 -16989.373685   -197.380931
PG24 -15085.731426  21593.566656   2207.719623    -26.391466
PG25    350.886326  14930.127550 -22095.145721   -285.838046
PG26  25699.763888   4643.828530  -4999.907225   -503.226797
PG27  16607.352179   1559.358936  20672.840408    168.450917
PG28 -16488.206098 -13281.499889  16693.363371    568.577598
PG29   3131.698142  24306.597286 -10269.250273    642.522483
PG30  -6596.480633 -15588.953376  20442.472957    157.581063
PG31  14945.889793   4345.127776 -21473.677990    235.505978
PG32  16172.572237  19642.511632  -7653.061287   -207.618746
PR01  21112.860270  13021.673538   5906.307279   -138.002189
PR02  21830.763270   3814.747265 -12637.719905    221.613609
PR03   9270.432262  -7483.621098 -22527.162917     85.581701
PR04  -9086.391886 -14379.345811 -18995.018752    193.203270
PR05 -21620.776279 -12655.527666  -4836.613737    -50.751052
PR06 -21527.254965  -2902.281155  13331.384437    100.188300
PR07  -8935.249589   7696.415045  22641.582191     20.338444
PR08   8497.501819  14323.365303  19362.541694    -26.980961
PR09 -21327.292368   6889.903541  12257.283032     31.925969
PR10 -18295.994169  16234.775369  -7390.883459     16.497872
PR11  -4407.042847  14491.413323 -20513.937062     11.451961
PR12  13447.769028   3029.233353 -21437.319449    -39.949036
PR13  21625.508740  -9432.772019  -9697.259020      4.513656
PR14  17287.779231 -16435.797772   8916.313874    406.132016
PR15   6209.886112 -14960.541111  19754.975396      7.622687
PR16 -12128.361691  -4251.443536  22000.657271     50.488061
PR17   6167.016696 -19056.204048  15827.950884     10.105839
PR18  -1688.261684 -25421.258408    149.074116    127.984997
PR19  -8569.584245 -17243.754648 -16735.044705   -168.987571
PR20 -10510.488905   1809.348432 -23168.211350   -263.438803
PR21  -6141.909432  18854.996624 -16026.602018     91.108285
PR22   2139.823775  25470.397575    900.368279    218.418536
PR23   9259.922527  15792.855544  17751.444151     21.199062
PR24  10560.987294  -1440.115030  23148.826106   -143.500298
PR26 -10336.916292   3765.094306 -23002.067606     64.280229
PE01 -23652.783357   -322.561706  17807.018171     78.849134
PE02  23656.346565    301.132196 -17781.741801     -1.033305
PE08  19780.983381  -5362.706159 -21354.606684   3036.235710
PE09  -1317.612787  18346.841418  23192.457573   3093.854980
PE11  -5196.303270  28471.458637  -6232.888169   1539.909390
PE12 -14447.668102  15866.401544 -20388.069884    224.002762
PE14  -4968.544281 -23144.308693   5422.988804   3191.051730
PE18   -831.928637  28830.916487 -13938.197449   3633.503490
PE19 -26438.790523 -12168.683405   5367.043602      3.745352
PE22  16270.770826   6008.882156  23973.942263   1854.012880
PE24 -13061.498750  19818.850857 -17675.737542  -1066.372350
PE26  -8058.995647 -25288.825946 -13121.470616   4095.663270
PE30  26127.848843 -13916.681693    138.959975   3351.428560
PC06 -10517.439487  22462.005048  34268.107654   -408.153469
PC07 -23882.474609  30199.986973 -17446.608647    -33.628067
PC08 -11270.072700  36157.943801 -18288.266937   -695.828706
PC09   4914.062262  28847.495566  30544.358890    -22.184219
PC10 -10427.708865  30540.049135 -27186.206062   -242.010221
PC11  15649.434824  -1427.510038  23097.280315    317.334638
PC12  14805.662085  19134.887463  13843.126122    851.635593
PC13  -2270.414886  41762.118709  -4289.850354    654.508124
PC14  26658.313093    950.950058  -8272.346446    270.213389
PJ01 -29859.963315  25486.478408  20429.171332   -230.020479
*  2016 11 21  7 15  0.00000000
PG01  14197.327762 -22192.606992   1962.990370     41.174890
PG02 -17619.862856   4940.521862 -18653.918311    522.311615
PG03  14374.919914 -12931.840795 -18211.725954    -99.294391
PG04 -17591.372850  -7655.284131  18686.607710     17.943740
PG05 -26442.627671   2412.443626   2415.258027    -76.783873
PG06 -13006.109941  -7693.410267 -21830.719382    275.838474
PG07   3736.081026 -23098.430668  12319.208870    409.030216
PG08  10925.630766 -10910.105341  21661.829109    -39.696503
PG09  -5780.378254 -23760.339848 -10383.962332    248.698081
PG10  18015.520589  11054.124130  16150.928052   -114.827154
PG11  11196.612346 -21392.460281  10522.728307   -672.007480
PG12 -16353.346750  11003.619730 -17834.506630    389.507111
PG13 -15813.755637    178.470273  21205.931704    -55.996277
PG14  17639.258440  14313.028605 -13626.154721    -45.994683
PG15 -11125.829099  11489.815690  21024.669299   -335.012400
PG16  26646.438535     18.578102   2513.965805     16.393728
PG17 -15534.575669 -20741.521260  -5906.672501   -198.745981
PG18   6438.739347  15599.645739  21099.842813    577.769005
PG19 -17064.427170 -15711.174050 -12902.116387   -519.636756
PG20 -16106.515200  13687.815012  15934.911823    447.019976
PG21    933.884774  22245.551153  15101.293095   -530.975918
PG22  19987.825624 -11117.381880 -13348.210075    184.209769
PG23   4844.751186 -17974.629326 -18564.673809   -197.382186
PG24 -15143.362722  21073.809703   5009.445693    -26.392023
PG25  -2140.630396  14859.262916 -22024.178157   -285.844156
PG26  24968.986028   4878.437655  -7725.169178   -503.230626
PG27  17654.389866   3609.101062  19535.330491    168.455634
PG28 -14593.667226 -13181.735797  18505.678125    568.580214
PG29   2411.452592  23195.710387 -12734.202859    642.520665
PG30  -5197.228540 -17396.135539  19348.947430    157.581880
PG31  13597.977031   6440.077305 -21805.367306    235.504039
PG32  16307.484448  20392.496191  -4924.398783   -207.633540
PR01  20315.351814  12555.978728   8934.576009   -138.001752
PR02  23156.589362   4253.503897  -9837.449556    221.615454
PR03  11788.326655  -6418.820502 -21666.350335     85.582344
PR04  -6873.552548 -13333.824626 -20618.154704    193.204188
PR05 -20945.417239 -12239.983189  -7909.377184    -50.753944
PR06 -22928.298704  -3389.746339  10602.485584    100.189076
PR07 -11454.748905   6625.022669  21828.143528     20.336532
PR08   6259.584218  13263.663247  20912.303393    -26.981312
PR09 -19893.196420   6032.274203  14845.655656     31.927388
PR10 -18763.263399  16813.750038  -4263.426853     16.498315
PR11  -6349.021789  15959.229142 -18853.363611     11.451429
PR12  11242.377365   4599.101721 -22420.274901    -39.948652
PR13  20429.957451  -8744.275192 -12526.000797      4.513456
PR14  17924.482643 -17118.688004   5844.140499    406.137343
PR15   8022.137658 -16410.041751  17867.336851      7.622693
PR16  -9880.031078  -5864.290934  22750.005351     50.489902
PR17   6257.515342 -16968.828302  18014.049938     10.107456
PR18  -1840.954098 -25188.261590   3370.835304    127.986365
PR19  -8875.427531 -19143.355344 -14339.494185   -168.988178
PR20 -10753.112654  -1039.108503 -23100.482180   -263.440706
PR21  -6239.872708  16740.256458 -18193.459822     91.109495
PR22   2325.384254  25363.693817  -2320.180658    218.420123
PR23   9595.858424  17825.074998  15507.776027     21.199756
PR24  10856.329038   1401.704445  23014.728606   -143.500594
PR26 -10619.480052    925.715353 -23164.372990     64.280347
PE01 -22135.011801  -1080.216796  19635.130445     78.840442
PE02  22138.221075   1059.661184 -19612.012755     -1.033156
PE08  21408.435126  -4450.443063 -19947.857934   3036.594440
PE09  -3152.044545  17277.818391  23828.765774   3094.220350
PE11  -5120.160068  27791.510261  -8826.017328   1539.922610
PE12 -14407.132648  13961.506558 -21763.107946    224.078661
PE14  -3701.361838 -22240.203859   8112.602502   3191.361780
PE18  -1047.691931  28049.413624 -15810.598553   3633.852140
PE19 -26775.077401 -12316.379842   2703.082123      3.745733
PE22  16273.836768   8148.005139  23330.783019   1854.223870
PE24 -14315.605402  20662.312119 -15618.230791  -1066.432580
PE26  -8114.199439 -26367.190531 -10751.824746   4096.037090
PE30  25955.592831 -13990.461213  -2630.265319   3351.787480
PC06 -11506.183837  21906.869861  34297.205892   -408.185252
PC07 -23785.574697  31325.802558 -15515.990755    -33.634989
PC08 -10232.464475  35411.882229 -20255.232970   -695.849588
PC09   4278.858297  27882.216211  31511.716151    -22.226351
PC10 -10754.605700  31618.594587 -25809.075877   -242.027928
PC11  16299.225882    826.686726  22664.436078    317.328451
PC12  15123.860451  20397.681951  11478.638554    851.660781
PC13  -1117.564992  41517.839878  -6542.766040    654.534924
PC14  27332.750361   1226.399368  -5629.748136    270.223036
PJ01 -29996.430009  26079.675810  19112.382682   -229.993962
*  2016 11 21  7 30  0.00000000
PG01  14238.874198 -21716.976049   4807.920720     41.175907
PG02 -16783.711499   2783.173362 -19839.335990    522.306614
PG03  16365.296833 -12862.464470 -16498.673939    -99.296209
PG04 -18358.931724  -9500.585528  17027.342991     17.945227
PG05 -26582.896277   2138.795486   -396.389945    -76.782161
PG06 -11848.855603  -9893.829634 -21601.941322    275.842975
PG07   4547.409437 -24088.793029   9833.385498    409.027260
PG08  12293.303754  -8843.579644  21875.208394    -39.697090
PG09  -4864.856473 -22776.668250 -12785.588756    248.704572
PG10  16080.749547  11302.641133  17917.414029   -114.828265
PG11  11425.154293 -19939.696444  12767.973080   -672.008503
PG12 -18262.436193  10863.487585 -15935.138266    389.507239
PG13 -16800.092134  -2011.514087  20334.654657    -55.998219
PG14  18151.166390  15692.754069 -11292.135941    -45.996211
PG15 -12610.906809   9528.458846  21198.121818   -335.013631
PG16  26774.416163    163.395451   -372.688325     16.395160
PG17 -15643.569661 -21313.836734  -3087.797921   -198.745301
PG18   4116.047616  15831.244381  21494.439845    577.772134
PG19 -17487.257493 -16964.377142 -10441.226487   -519.636061
PG20 -17869.222039  13671.931131  13969.194486    447.021334
PG21     70.996778  23500.179652  12951.936054   -530.975212
PG22  21443.591741 -10942.513403 -11090.001549    184.200031
PG23   6197.898302 -16165.210608 -19810.629979   -197.383308
PG24 -15087.877250  20276.299651   7723.666298    -26.392753
PG25  -4605.203074  14924.761746 -21578.236967   -285.850236
PG26  23950.972926   5165.165894 -10317.886118   -503.234452
PG27  18730.996987   5472.745652  18062.290796    168.460304
PG28 -12516.166927 -13183.618855  20014.952281    568.583150
PG29   1501.420364  21892.559520 -14980.264811    642.518749
PG30  -3964.606424 -19150.508142  17921.467171    157.582653
PG31  12353.569102   8621.284056 -21758.986658    235.502316
PG32  16312.563714  20870.036883  -2111.085315   -207.648395
PR01  19144.423893  12029.176333  11789.091415   -138.001508
PR02  24175.381856   4473.812373  -6846.260476    221.616852
PR03  14252.002220  -5583.913312 -20383.732302     85.584108
PR04  -4425.869582 -12392.370153 -21840.386119    193.205046
PR05 -19893.807116 -11752.741832 -10828.639578    -50.756774
PR06 -24030.802197  -3661.159511   7667.124277    100.189133
PR07 -13927.090712   5781.655837  20591.677254     20.334587
PR08   3795.246352  12313.188740  22057.574551    -26.981723
PR09 -18291.242214   4884.233446  17146.888085     31.929448
PR10 -18886.143931  17178.483901  -1053.576324     16.498821
PR11  -8002.216314  17421.482058 -16826.440645     11.450655
PR12   9087.111768   6385.842617 -22967.380162    -39.947186
PR13  19035.399344  -7753.119253 -15111.469780      4.513367
PR14  18211.285139 -17601.256453   2657.864745    406.141344
PR15   9525.063392 -17830.511712  15634.428122      7.622490
PR16  -7706.846126  -7678.653783  23056.441363     50.490961
PR17   6543.102612 -14649.881008  19851.022451     10.109198
PR18  -1908.863241 -24557.502210   6526.892699    127.987978
PR19  -9274.515246 -20706.822734 -11665.534121   -168.989012
PR20 -11203.147476  -3826.286329 -22583.821740   -263.442213
PR21  -6536.157068  14397.519702 -20006.559204     91.110674
PR22   2435.764691  24857.151626  -5496.008662    218.421146
PR23  10032.322021  19536.248627  12962.637546     21.199863
PR24  11355.432249   4170.011449  22432.500066   -143.500478
PR26 -11111.832610  -1876.770936 -22876.378883     64.279203
PE01 -20549.557282  -2033.037468  21219.244473     78.831770
PE02  20552.134075   2013.568894 -21198.234698     -1.033033
PE08  22969.939978  -3711.499608 -18292.963605   3036.953170
PE09  -5094.261290  16316.298435  24168.786463   3094.585670
PE11  -5106.965335  26879.411077 -11309.422001   1539.935850
PE12 -14506.828907  11946.748174 -22867.464932    224.154608
PE14  -2228.729865 -21090.504356  10611.903278   3191.671880
PE18  -1368.182254  27152.832273 -17530.409928   3634.200800
PE19 -26903.827886 -12333.075521      5.481399      3.746098
PE22  16420.286053  10210.816794  22397.170263   1854.434780
PE24 -15343.307577  21487.226000 -13366.344259  -1066.492860
PE26  -8230.276513 -27219.725327  -8248.555512   4096.410900
PE30  25572.113578 -13913.759437  -5366.780716   3352.146410
PC06 -12559.473844  21486.804783  34179.963938   -408.217084
PC07 -23542.942833  32430.432711 -13519.119131    -33.641912
PC08  -9301.175547  34535.273969 -22134.327857   -695.870265
PC09   3523.022977  27009.464462  32344.628169    -22.268502
PC10 -10937.648996  32731.084200 -24321.160200   -242.044908
PC11  17067.220560   2978.999882  21896.116307    317.322559
PC12  15430.522244  21402.807249   8943.077821    851.685890
PC13     -6.664805  41123.248209  -8767.269532    654.561723
PC14  27750.483897   1417.176074  -2903.833667    270.232628
PJ01 -30069.406364  26700.846130  17723.687694   -229.967511
*  2016 11 21  7 45  0.00000000
PG01  14173.602489 -20952.570030   7568.677672     41.176886
PG02 -16009.356142    481.620218 -20666.492320    522.301283
PG03  18147.874556 -12874.790720 -14501.716472    -99.297882
PG04 -19125.037664 -11126.281433  15082.242598     17.947008
PG05 -26422.983881   1836.654372  -3201.308553    -76.779939
PG06 -10828.453467 -12109.301022 -21001.059572    275.847523
PG07   5183.102634 -24855.826725   7175.509719    409.024331
PG08  13769.979460  -6850.462453  21714.111064    -39.698688
PG09  -3746.674946 -21632.570848 -14967.395669    248.711078
PG10  13979.784398  11671.080563  19376.827667   -114.829335
PG11  11706.235999 -18251.971754  14786.613427   -672.009518
PG12 -19947.548893  10819.152950 -13761.565636    389.507211
PG13 -17843.126662  -4041.700912  19109.237140    -56.000294
PG14  18590.751681  16805.800034  -8762.839251    -45.997978
PG15 -14182.933856   7642.635541  21001.929916   -335.014862
PG16  26586.461395    310.114639  -3253.091542     16.396411
PG17 -15608.975588 -21608.072445   -216.086818   -198.744999
PG18   1781.637964  16177.684255  21537.336808    577.775184
PG19 -17829.067905 -17946.190756  -7799.581074   -519.635460
PG20 -19397.859780  13693.550079  11760.970025    447.023371
PG21   -640.173146  24566.603137  10586.439263   -530.974401
PG22  22640.748119 -10799.349286  -8639.733299    184.190239
PG23   7707.610877 -14326.957249 -20705.895134   -197.384217
PG24 -14956.599584  19199.072915  10302.949256    -26.393415
PG25  -6993.881988  15118.561973 -20764.240113   -285.856366
PG26  22667.715750   5536.608247 -12733.526737   -503.238310
PG27  19797.649746   7125.111392  16279.477932    168.465070
PG28 -10296.446045 -13309.329839  21197.725599    568.585322
PG29    390.861969  20439.578992 -16968.800803    642.517276
PG30  -2904.631840 -20806.725147  16184.410477    157.583434
PG31  11236.681227  10844.616508 -21334.164534    235.500143
PG32  16152.845826  21088.387204    738.512766   -207.663246
PR01  17613.517946  11497.470179  14414.351435   -138.001393
PR02  24845.867294   4515.454699  -3722.270082    221.618364
PR03  16593.854212  -4980.058159 -18704.443751     85.584927
PR04  -1796.890390 -11596.630732 -22637.980900    193.206460
PR05 -18476.199600 -11250.001990 -13537.784223    -50.759801
PR06 -24792.148538  -3754.446062   4582.473915    100.189907
PR07 -16284.716303   5168.367092  18955.982675     20.332455
PR08   1158.663609  11512.539185  22776.339033    -26.981453
PR09 -16583.736490   3445.095094  19116.428510     31.931678
PR10 -18694.118325  17280.120756   2176.635512     16.499133
PR11  -9346.401758  18816.872841 -14472.697815     11.449680
PR12   7040.968475   8352.083601 -23068.665896    -39.946647
PR13  17503.280660  -6452.225943 -17403.514072      4.512997
PR14  18173.557779 -17831.834666   -580.301895    406.146276
PR15  10704.070256 -19159.099091  13099.521630      7.622154
PR16  -5665.747769  -9653.484710  22914.404681     50.491926
PR17   7045.800275 -12161.422512  21303.190417     10.110835
PR18  -1840.277009 -23553.259277   9555.763146    127.989198
PR19  -9714.481277 -21901.662241  -8765.074660   -168.989934
PR20 -11841.145895  -6483.925849 -21628.100190   -263.443711
PR21  -7052.127538  11889.870676 -21430.753822     91.112286
PR22   2418.115108  23971.633728  -8565.881507    218.422361
PR23  10518.148405  20890.590543  10165.513335     21.200634
PR24  12036.639951   6797.390261  21413.517820   -143.500886
PR26 -11797.177291  -4573.408628 -22143.786280     64.280316
PE01 -18934.894231  -3179.640203  22539.686946     78.823083
PE02  18936.596778   3161.478481 -22520.656301     -1.032898
PE08  24430.299321  -3140.913541 -16410.496667   3037.311890
PE09  -7113.007497  15482.239550  24208.311751   3094.951020
PE11  -5186.184016  25752.808124 -13652.232269   1539.949040
PE12 -14758.041922   9857.712753 -23687.397462    224.230558
PE14   -547.060335 -19729.018736  12854.728349   3191.981870
PE18  -1805.471321  26163.784344 -19083.102427   3634.549470
PE19 -26808.635582 -12246.996166  -2692.187659      3.746433
PE22  16696.589977  12162.518198  21184.705797   1854.645770
PE24 -16141.064357  22256.855401 -10948.094167  -1066.553080
PE26  -8375.752942 -27833.563608  -5642.774429   4096.784710
PE30  25001.986822 -13661.048675  -8036.555348   3352.505310
PC06 -13659.082360  21209.009760  33916.770944   -408.249073
PC07 -23158.667096  33495.141333 -11464.566866    -33.648834
PC08  -8492.409638  33543.207722 -23917.412245   -695.890650
PC09   2659.660307  26244.142088  33039.470752    -22.310748
PC10 -10973.665292  33858.529168 -22728.930259   -242.062024
PC11  17929.333751   4992.803645  20803.426701    317.316151
PC12  15687.883408  22143.336725   6274.128193    851.711121
PC13   1042.935424  40585.175206 -10953.706793    654.588426
PC14  27898.329304   1555.893329   -134.963219    270.242222
PJ01 -30074.637551  27340.607519  16267.587030   -229.941122
*  2016 11 21  8  0  0.00000000
PG01  14040.286389 -19897.775277  10196.850740     41.177918
PG02 -15324.068182  -1922.506936 -21120.946691    522.296189
PG03  19690.760078 -12939.209333 -12255.171316    -99.299584
PG04 -19849.934729 -12514.754904  12883.842286     17.949162
PG05 -25971.364951   1470.990198  -5951.867226    -76.778144
PG06  -9956.970932 -14292.364608 -20038.424421    275.852053
PG07   5666.001574 -25366.410657   4391.688672    409.021146
PG08  15324.649638  -4968.676904  21181.437781    -39.699929
PG09  -2421.947148 -20369.818941 -16891.943606    248.717538
PG10  11756.204628  12173.581979  20503.983970   -114.830419
PG11  12063.969654 -16358.870744  16541.515183   -672.010488
PG12 -21375.546621  10839.118000 -11350.620068    389.506945
PG13 -18906.120281  -5880.398404  17551.071580    -56.002506
PG14  18918.229498  17650.782072  -6082.506143    -45.999438
PG15 -15809.799064   5866.889707  20440.649527   -335.015981
PG16  26088.214402    498.060150  -6078.912793     16.397854
PG17 -15397.083052 -21643.144840   2659.338694   -198.744105
PG18   -521.626566  16633.049707  21227.231268    577.778246
PG19 -18048.463997 -18655.959849  -5022.385132   -519.634975
PG20 -20670.139156  13720.522968   9348.884804    447.024681
PG21  -1217.776309  25409.375660   8042.804123   -530.972923
PG22  23562.757581 -10655.194243  -6040.248244    184.180628
PG23   9354.844279 -12504.538512 -21235.587347   -197.385528
PG24 -14787.608286  17848.906780  12702.251510    -26.393722
PG25  -9260.098893  15424.634251 -19595.365235   -285.862482
PG26  21148.605693   6020.884284 -14930.566023   -503.242168
PG27  20812.211418   8549.184046  14217.860724    168.469762
PG28  -7978.971216 -13573.771248  22035.722855    568.588094
PG29   -922.608054  18881.999277 -18665.590164    642.515824
PG30  -2015.220004 -22320.430698  14167.566782    157.584204
PG31  10263.789991  13062.521520 -20537.196170    235.498491
PG32  15797.733739  21068.450997   3575.419927   -207.678078
PR01  15748.765131  11014.542872  16759.324689   -138.001762
PR02  25137.762186   4425.618232   -526.109753    221.619691
PR03  18748.828221  -4596.178170 -16661.325994     85.586310
PR04    952.261516 -10978.508225 -22995.471070    193.207966
PR05 -16715.629057 -10786.002065 -15984.288529    -50.762814
PR06 -25180.419852  -3715.141252   1408.608832    100.190150
PR07 -18462.281197   4775.004854  16952.606962     20.330305
PR08  -1588.741788  10892.426217  23054.797400    -26.981625
PR09 -14833.818744   1726.804709  20716.101543     31.933320
PR10 -18227.241606  17078.305211   5364.765297     16.499229
PR11 -10374.167880  20083.322678 -11837.974790     11.449038
PR12   5155.604585  10450.567983 -22722.823879 999999.999999
PR13  15897.199536  -4847.414922 -19357.697641      4.512789
PR14  17847.927647 -17766.709895  -3807.141817    406.151942
PR15  11557.677226 -20333.259673  10311.658933      7.621726
PR16  -3805.592323 -11738.417805  22327.068125     50.493239
PR17   7775.875125  -9570.204355  22342.304758     10.112284
PR18  -1589.548901 -22211.915062  12398.489987    127.990501
PR19 -10138.904838 -22708.107094  -5694.426131   -168.990320
PR20 -12636.175504  -8949.003390 -20251.738446   -263.445463
PR21  -7797.236004   9284.895703 -22438.479245     91.113705
PR22   2225.044718  22740.218335 -11470.562600    218.423629
PR23  10997.543066  21864.764738   7170.787100     21.200991
PR24  12867.055265   9222.166558  19977.675403   -143.501042
PR26 -12647.036467  -7099.846758 -20980.933165     64.279181
PE01 -17329.113662  -4512.033385  23580.058882     78.814365
PE02  17329.747598   4495.392414 -23562.808735     -1.032734
PE08  25756.175878  -2727.847098 -14323.864335   3037.670610
PE09  -9174.134485  14790.260169  23946.867707   3095.316370
PE11  -5383.854364  24434.740984 -15825.327188   1539.962230
PE12 -15166.032583   7731.680396 -24212.698489    224.306481
PE14   1335.544774 -18199.972514  14780.702053   3192.291930
PE18  -2368.027177  25105.331007 -20455.287366   3634.898130
PE19 -26478.806353 -12088.988404  -5356.355294      3.746797
PE22  17083.787409  13971.350252  19708.467804   1854.856720
PE24 -16712.012167  22934.889431  -8393.572461  -1066.613310
PE26  -8517.629589 -28202.016275  -2966.865768   4097.158500
PE30  24274.338855 -13211.764840 -10606.387348   3352.864240
PC06 -14785.988798  21078.240519  33508.634807   -408.281195
PC07 -22639.240790  34501.887665  -9361.137241    -33.655937
PC08  -7820.252088  32452.770275 -25596.768754   -695.911322
PC09   1703.711231  25599.310861  33593.200216    -22.352793
PC10 -10861.990804  34981.694067 -21039.292378   -242.079442
PC11  18855.971029   6836.405445  19402.291279    317.309684
PC12  15858.315972  22620.116747   3511.532044    851.736308
PC13   2012.950744  39912.936879 -13092.594106    654.615216
PC14  27770.329073   1676.970609   2635.905976    270.251832
PJ01 -30009.025071  27988.980801  14748.911666   -229.914690
*  2016 11 21  8 15  0.00000000
PG01  13878.293379 -18560.087224  12646.349075     41.178969
PG02 -14748.325540  -4383.169866 -21195.323435    522.291213
PG03  20969.329912 -13021.722062  -9797.665347    -99.301237
PG04 -20492.456100 -13656.566310  10468.876529     17.951850
PG05 -25244.557247   1009.206863  -8601.418838    -76.776354
PG06  -9238.269645 -16394.935312 -18730.620465    275.856579
PG07   6024.848277 -25594.296881   1530.571254    409.017936
PG08  16920.702166  -3230.239253  20286.406847    -39.701193
PG09   -895.027977 -19031.666084 -18526.228999    248.724131
PG10   9456.547179  12816.615780  21279.348916   -114.831622
PG11  12517.210225 -14296.078178  18000.087045   -672.011455
PG12 -22520.955827  10887.205890  -8743.424677    389.507054
PG13 -19948.479506  -7503.542969  15687.398188    -56.004146
PG14  19095.703727  18235.009296  -3297.680260    -46.001078
PG15 -17454.751256   4229.614626  19525.196017   -335.017240
PG16  25294.046767    764.728146  -8802.791220     16.399304
PG17 -14979.338824 -21445.314639   5489.708188   -198.743691
PG18  -2752.367873  17184.324007  20568.330953    577.780882
PG19 -18106.157428 -19101.830703  -2157.583653   -519.634068
PG20 -21671.621925  13718.247244   6775.014869    447.026545
PG21  -1685.773532  25998.147490   5362.654080   -530.972296
PG22  24201.183554 -10475.720148  -3336.729677    184.170829
PG23  11113.275933 -10739.354034 -21391.505406   -197.386321
PG24 -14618.089633  16241.203556  14879.740542    -26.394541
PG25 -11361.265046  15819.600061 -18090.879580   -285.868638
PG26  19429.391974   6640.369547 -16871.196597   -503.245960
PG27  21731.562275   9736.546849  11913.068664    168.474456
PG28  -5610.482223 -13983.999370  22516.038173    568.590898
PG29  -2432.732250  17266.148088 -20041.415395    642.514082
PG30  -1286.439077 -23649.900145  11905.631815    157.584930
PG31   9443.257220  15225.705930 -19381.007582    235.496636
PG32  15222.334906  20837.848008   6350.890846   -207.692940
PR01  13588.094033  10629.130535  18778.444591   -138.001831
PR02  25033.041305   4256.649260   2680.250576    221.620824
PR03  20656.969390  -4409.636101 -14294.272845     85.587459
PR04   3755.184367 -10558.829070 -22905.950394    193.209230
PR05 -14647.139071 -10410.570095 -18120.736678    -50.765744
PR06 -25175.737346  -3594.202890  -1792.676314    100.190426
PR07 -20399.209218   4579.822379  14620.250985     20.328358
PR08  -4380.594992  10472.416874  22887.621717    -26.981476
PR09 -13102.873606   -246.290892  21914.842419     31.935174
PR10 -17534.302776  16543.062974   8449.150675     16.499169
PR11 -11090.951971  21160.594882  -8973.522191     11.447975
PR12   3473.388627  12625.966827 -21937.181556 999999.999999
PR13  14280.243869  -2957.419615 -20936.156122      4.511799
PR14  17280.536368 -17372.154491  -6959.686123    406.157514
PR15  12097.310071 -21293.396007   7324.713615      7.621373
PR16  -2165.319151 -13875.720669  21306.244517     50.493709
PR17   8731.233098  -6945.084232  22948.096000     10.113892
PR18  -1119.279918 -20580.445660  14999.798908    127.991926
PR19 -10489.881835 -23119.783232  -2513.206871   -168.990681
PR20 -13547.131835 -11166.116587 -18481.362501   -263.447021
PR21  -8768.462117   6652.050676 -23010.279404     91.115095
PR22   1816.853600  21206.854247 -14153.934753    218.424616
PR23  11412.617601  22448.681809   4036.680885     21.202075
PR24  13803.951224  11390.733373  18152.989370   -143.501457
PR26 -13622.449837  -9398.769248 -19410.508478     64.283261
PE01 -15768.757775  -6015.808906  24327.438087     78.805710
PE02  15768.183097   6000.883407 -24311.711233     -1.032612
PE08  26917.112390  -2455.986606 -12059.017421   3038.029330
PE09 -11241.608208  14249.206478  23387.719383   3095.681710
PE11  -5721.712867  22952.945894 -17801.696186   1539.975500
PE12 -15729.844730   5606.516874 -24436.824453    224.382401
PE14   3399.184699 -16555.591021  16339.263399   3192.601950
PE18  -3060.612228  24000.519414 -21634.619099   3635.246830
PE19 -25909.722030 -11891.493241  -7953.871702      3.747088
PE22  17558.100617  15609.527729  17986.823690   1855.067640
PE24 -17065.807705  23486.607839  -5734.571703  -1066.673570
PE26  -8622.474729 -28324.754903   -254.084790   4097.532300
PE30  23421.910499 -12551.011633 -13044.316970   3353.223180
PC06 -15920.704544  21096.724780  32957.179970   -408.313131
PC07 -21993.449732  35433.632810  -7217.826646    -33.662963
PC08  -7296.426113  31282.750729 -27165.135901   -695.931833
PC09    671.698727  25085.968144  34003.367327    -22.394706
PC10 -10604.480518  36081.426308 -19259.557398   -242.096782
PC11  19813.053845   8484.041048  17713.233751    317.303198
PC12  15905.748874  22841.661368    696.491843    851.761494
PC13   2886.478396  39118.171755 -15174.660125    654.642000
PC14  27367.957486   1815.307687   5367.820184    270.261596
PJ01 -29870.704508  28635.536249  13172.824979   -229.888232
*  2016 11 21  8 30  0.00000000
PG01  13725.875582 -16955.965598  14874.255704     41.180011
PG02 -14295.031562  -6851.611431 -20889.402732    522.286079
PG03  21967.034281 -13085.391425  -7171.472562    -99.302955
PG04 -21011.619642 -14550.637640   7877.719184     17.955983
PG05 -24266.488910    422.573111 -11105.056797    -76.774210
PG06  -8667.985108 -18370.006389 -17100.180638    275.861089
PG07   6292.962576 -25521.223309  -1357.539460    409.015047
PG08  18517.227932  -1660.208683  19044.392420    -39.702193
PG09    821.457277 -17661.202625 -19842.243826    248.730606
PG10   7128.686997  13598.613634  21689.384162   -114.832817
PG11  13078.590009 -12104.146980  19135.013586   -672.012472
PG12 -23366.865067  10924.099651  -5984.713349    389.506849
PG13 -20927.349430  -8895.431934  13550.807182    -56.005961
PG14  19088.724566  18573.975678   -456.379979    -46.002916
PG15 -19077.748121   2752.163301  18272.569501   -335.018402
PG16  24226.534835   1144.202297 -11379.067560     16.400682
PG17 -14333.543407 -21047.020011   8227.391378   -198.743316
PG18  -4872.016491  17811.807547  19570.351196    577.783757
PG19 -17966.663653 -19300.337611    744.970858   -519.633372
PG20 -22396.107587  13651.167564   4084.103159    447.028410
PG21  -2072.925857  26308.891084   2590.675844   -530.971364
PG22  24555.856281 -10226.474945   -575.894026    184.161187
PG23  12950.230164  -9068.038735 -21172.202300   -197.387473
PG24 -14482.738620  14399.539132  16797.552207    -26.395159
PG25 -13260.231213  16273.647602 -16275.866883   -285.874775
PG26  17550.906045   7410.652444 -18521.978812   -503.249745
PG27  22513.272657  10687.482167   9404.769349    168.479140
PG28  -3238.478542 -14538.936827  22631.262913    568.593418
PG29  -4124.658006  15637.721252 -21072.565596    642.512691
PG30   -701.078134 -24757.594921   9437.611787    157.585639
PG31   8775.084199  17284.912188 -17884.990548    235.494549
PG32  14408.585983  20429.731554   9017.245032   -207.707865
PR01  11179.855042  10382.822119  20432.495147   -138.001863
PR02  24526.711575   4063.596672   5834.699283    221.622530
PR03  22265.768883  -4387.406888 -11649.440652     85.588005
PR04   6542.717908 -10346.500551 -22371.205173    193.210346
PR05 -12316.522388 -10166.874434 -19905.732089    -50.768191
PR06 -24771.112456  -3445.597325  -4959.079974    100.191006
PR07 -22042.066867   4550.585392  12004.035099     20.326925
PR08  -7148.068110  10260.156692  22278.052520    -26.981605
PR09 -11448.033560  -2438.193259  22689.298560     31.937220
PR10 -16670.637046  15656.263943  11370.089488     16.498947
PR11 -11514.536592  21992.855329  -5935.000417     11.447339
PR12   2025.860685  14817.031750 -20727.513480 999999.999999
PR13  12712.372368   -813.361853 -22108.323913      4.511560
PR14  16524.910074 -16626.043308  -9976.462317    406.162713
PR15  12346.566437 -21985.391618   4196.365860      7.621500
PR16   -772.551886 -16002.564090  19872.126766     50.495509
PR17   9897.344300  -4354.363166  23108.673472     10.115488
PR18   -402.146155 -18714.485884  17309.176463    127.993245
PR19 -10710.670328 -23143.828607    716.813977   -168.991615
PR20 -14524.500390 -13089.555589 -16351.295939   -263.448835
PR21  -9950.293266   4059.965294 -23135.174296     91.116702
PR22   1163.447775  19424.584709 -16564.067619    218.425519
PR23  11706.025835  22645.753721    824.119114     21.202497
PR24  14796.613503  13259.538991  15975.046512   -143.501801
PR26 -14675.630880 -11422.028991 -17463.104695     64.284418
PE01 -14287.705787  -7670.535548  24772.538734     78.797065
PE02  14285.839876   7657.488215 -24758.033202     -1.032470
PE08  27886.463081  -2304.114918  -9644.127730   3038.388020
PE09 -13278.577096  13861.903167  22537.829638   3096.047060
PE11  -6216.455155  21339.015657 -19556.774136   1539.988600
PE12 -16442.309707   3519.548361 -24356.976991    224.458363
PE14   5613.216574 -14852.687110  17492.990846   3192.912010
PE18  -3884.231038  22871.914656 -22609.725239   3635.595510
PE19 -25103.016157 -11687.471057 -10452.420426      3.747453
PE22  18091.705239  17054.049921  16041.201587   1855.278410
PE24 -17218.267477  23879.998422  -3004.188378  -1066.733820
PE26  -8657.531335 -28207.798566   2461.854888   4097.906110
PE30  22480.010592 -11670.088195 -15320.024210   3353.582100
PC06 -17043.606876  21264.121521  32264.642694   -408.344861
PC07 -21232.220790  36274.628756  -5043.786927    -33.670073
PC08  -6930.090124  30053.315277 -28615.739914   -695.951891
PC09   -418.554364  24712.857454  34268.128923    -22.436840
PC10 -10205.474258  37138.983666 -17397.408597   -242.114328
PC11  20763.211710   9916.664799  15761.089386    317.296983
PC12  15797.041313  22823.779389  -2128.953921    851.786559
PC13   3648.290542  38214.638625 -17190.886890    654.668751
PC14  26700.073548   2004.944080   8020.427742    270.271290
PJ01 -29659.105744  29269.551360  11544.823486   -229.861879
*  2016 11 21  8 45  0.00000000
PG01  13618.514608 -15110.338007  16841.619773     41.181098
PG02 -13969.076724  -9278.147367 -20210.043544    522.280979
PG03  22675.898723 -13091.913762  -4421.787897    -99.304599
PG04 -21368.234467 -15204.134335   5153.767311     17.959895
PG05 -23067.602157   -312.494668 -13420.341863    -76.772009
PG06  -8233.834694 -20173.320182 -15175.197448    275.865613
PG07   6506.721505 -25137.723761  -4221.626213    409.011968
PG08  20070.502165   -275.909137  17476.662366    -39.703497
PG09   2706.904269 -16299.731252 -20817.449071    248.737176
PG10   4820.170087  14509.918123  21726.792699   -114.833909
PG11  13753.816085  -9827.051337  19924.886804   -672.013607
PG12 -23905.503928  10909.025173  -3122.071272    389.506703
PG13 -21799.307632 -10049.124331  11178.642389    -56.008074
PG14  18867.707115  18690.551786   2392.732274    -46.004520
PG15 -20636.930514   1448.250134  16705.477385   -335.019660
PG16  22915.646792   1665.697770 -13764.489572     16.402005
PG17 -13444.801887 -20485.506910  10826.643386   -198.742609
PG18  -6846.048483  18489.785664  18248.449846    577.786528
PG19 -17599.878774 -19275.656433   3634.412326   -519.632864
PG20 -22845.706380  13484.314489   1322.758881    447.030047
PG21  -2411.568776  26324.937738   -226.035745   -530.970327
PG22  24634.730571  -9874.388693   2194.825086    184.151526
PG23  14827.858660  -7521.187460 -20582.920775   -197.388666
PG24 -14412.273003  12354.894462  18422.469213    -26.395720
PG25 -14926.553273  16751.714079 -14180.851861   -285.880925
PG26  15557.600202   8339.757788 -19854.418496   -503.253482
PG27  23117.255608  11410.743758   6735.986132    168.483849
PG28   -909.691675 -15229.371229  22379.560041    568.596278
PG29  -5975.321109  14040.089768 -21741.246207    642.511257
PG30   -235.505927 -25611.569826   6806.146710    157.586366
PG31   8251.010859  19192.717210 -16074.706924    235.492709
PG32  13346.121119  19881.404437  11528.682403   -207.722775
PR01   8581.018684  10308.176593  21689.371304   -138.001753
PR02  23627.060453   3901.649872   8876.178346    221.624293
PR03  23532.210225  -4487.695937  -8778.338563     85.588786
PR04   9245.580730 -10338.187214 -21401.675992    193.211227
PR05  -9778.624405 -10089.469964 -21304.692697    -50.771222
PR06 -23972.773387  -3323.762693  -8029.015060    100.190735
PR07 -23346.659007   4646.132552   9154.637587     20.325565
PR08  -9822.483934  10251.106043  21237.836610    -26.981595
PR09  -9919.874926  -4802.492199  23024.287204     31.938861
PR10 -15695.679457  14412.605995  14070.984637     16.499505
PR11 -11674.035456  22531.064405  -2781.396245     11.446400
PR12    832.661036  16958.998031 -19117.696688 999999.999999
PR13  11247.948056   1542.293343 -22851.519278      4.511290
PR14  15639.533547 -15518.989552 -12798.708388    406.167992
PR15  12339.983056 -22362.936207    987.007100      7.620796
PR16    357.311904 -18053.513847  18052.868751     50.496402
PR17  11247.703709  -1863.154405  22820.765048     10.117205
PR18    577.705701 -16676.051527  19281.849895    127.994790
PR19 -10748.297976 -22800.462362   3932.916099   -168.993177
PR20 -15512.494352 -14684.973030 -13902.899524   -263.450429
PR21 -11315.244313   1573.795808 -22810.862747     91.118076
PR22    245.857272  17453.411530 -18654.211666    218.427042
PR23  11823.588214  22472.596732  -2404.459976     21.202907
PR24  15788.537710  14796.654532  13486.302648   -143.502105
PR26 -15752.011450 -13132.398522 -15176.618044     64.283356
PE01 -12916.145713  -9450.341931  24909.826135     78.788394
PE02  12912.962453   9439.292033 -24896.210834     -1.032333
PE08  28642.208661  -2246.838702  -7109.237519   3038.746730
PE09 -15248.466644  13625.095305  21407.772316   3096.412390
PE11  -6879.156036  19627.441656 -21068.745954   1540.001860
PE12 -17290.248288   1506.454111 -23974.138181    224.534302
PE14   7938.339344 -13148.684127  18219.683011   3193.222040
PE18  -4836.124885  21741.128566 -23370.166072   3635.944230
PE19 -24066.556254 -11509.311980 -12820.921063      3.747810
PE22  18653.630210  18287.362465  13895.823352   1855.489220
PE24 -17190.815313  24086.792193   -236.409680  -1066.794050
PE26  -8591.804304 -27863.304835   5147.199630   4098.279890
PE30  21485.391821 -10566.823637 -17405.205919   3353.940960
PC06 -18135.275685  21577.524142  31433.863818   -408.376528
PC07 -20368.434296  37010.685050  -2848.287364    -33.676821
PC08  -6727.679579  28785.658259 -29942.324240   -695.972289
PC09  -1548.229972  24486.317308  34386.257125    -22.478936
PC10  -9671.720374  38136.354288 -15460.868283   -242.131529
PC11  21667.100356  11122.506639  13574.650640    317.290977
PC12  15503.258847  22588.946516  -4922.570774    851.811472
PC13   4285.097770  37217.977603 -19132.549565    654.695502
PC14  25782.624062   2277.750687  10554.567202    270.281047
PJ01 -29374.994053  29880.177780   9870.735978   -229.835404
*  2016 11 21  9  0  0.00000000
PG01  13587.389405 -13055.771888  18514.169360     41.182211
PG02 -13767.257054 -11613.980349 -19170.946788    522.275748
PG03  23096.703922 -13003.255086  -1595.949220    -99.306279
PG04 -21526.461134 -15632.047307   2342.773653     17.965584
PG05 -21683.727031  -1213.345144 -15507.989199    -76.769857
PG06  -7916.241497 -21764.942024 -12988.838059    275.870143
PG07   6703.904271 -24443.596358  -7010.928563    409.008952
PG08  21535.584575    913.548536  15610.019999    -39.704433
PG09   4733.330508 -14985.225711 -21435.154598    248.743774
PG10   2576.561871  15533.055154  21390.660482   -114.834977
PG11  14541.268604  -7510.585372  20354.712747   -672.014429
PG12 -24138.476686  10801.512366   -205.109145    389.506894
PG13 -22522.090404 -10966.495526   8612.318899    -56.009701
PG14  18409.159261  18613.913809   5201.169740    -46.006386
PG15 -22090.162786    323.660935  14851.866310   -335.021086
PG16  21397.672148   2352.284912 -15918.884457     16.403461
PG17 -12306.199366 -19801.310622  13244.299243   -198.741587
PG18  -8645.094046  19187.429103  16623.095078    577.789440
PG19 -16982.466934 -19058.549932   6459.798989   -519.632250
PG20 -23030.599318  13184.819635  -1461.365113    447.031392
PG21  -2736.207418  26037.774844  -3038.728046   -530.969558
PG22  24453.445802  -9389.218244   4928.086873    184.141795
PG23  16704.523747  -6122.347106 -19635.398903   -197.389828
PG24 -14432.121011  10144.601700  19726.506819    -26.395520
PG25 -16337.513288  17214.892144 -11841.324785   -285.887111
PG26  13495.955898   9427.668064 -20845.462363   -503.257242
PG27  23507.336949  11923.011207   3952.367606    168.488538
PG28   1331.410635 -16038.238335  21764.686540    568.598931
PG29  -7954.151399  12512.708014 -22035.888011    642.509567
PG30    139.213367 -26186.676737   4056.764770    157.587064
PG31   7854.959938  20905.280868 -13981.464239    235.490647
PG32  12032.849881  19232.786975  13842.066111   -207.737639
PR01   5855.022836  10427.237645  22524.699447   -138.001897
PR02  22355.369622   3823.579037  11745.854479    221.625417
PR03  24424.431081  -4661.932827  -5736.817531     85.589915
PR04  11797.016110 -10518.520402 -20016.251448    193.213468
PR05  -7095.280190 -10202.721776 -22290.514519    -50.774414
PR06 -22799.953846  -3281.058367 -10942.813407    100.192188
PR07 -24279.757922   4818.323634   6127.321159     20.324238
PR08 -12337.918619  10428.800129  19787.006782    -26.981704
PR09  -8560.402199  -7284.047110  22913.100147     31.940457
PR10 -14670.361369  12820.076804  16499.433379     16.499427
PR11 -11608.412272  22735.100583    426.121581     11.446059
PR12    -99.033646  18986.138576 -17139.219396 999999.999999
PR13   9933.526666   4057.260037 -23151.377061      4.511766
PR14  14685.233823 -14054.950567 -15371.527970    406.173185
PR15  12121.357054 -22389.546138  -2241.405851      7.620516
PR16   1221.488514 -19963.140737  15884.016963     50.497227
PR17  12744.810101    469.107691  22089.792264     10.118737
PR18   1823.754033 -14531.016066  20879.649446    127.996263
PR19 -10556.020764 -22122.022487   7072.646588   -168.993957
PR20 -16451.478165 -15930.582773 -11183.769918   -263.451963
PR21 -12824.895186   -747.264519 -22043.757290     91.119441
PR22   -942.707594  15357.885565 -20383.700584    218.428143
PR23  11716.792760  21958.195990  -5586.321851     21.203206
PR24  16719.887825  15982.856882  10735.247138   -143.501820
PR26 -16792.588337 -14504.865948 -12595.508154     64.284022
PE01 -11679.664063 -11324.670958  24737.585381     78.779749
PE02  11675.189405  11315.685368 -24724.516801     -1.032164
PE08  29167.629298  -2255.447650  -4485.885347   3039.105470
PE09 -17116.066732  13529.583067  20011.600825   3096.777770
PE11  -7714.866941  17854.567862 -22318.817045   1540.015030
PE12 -18254.863738   -399.788437 -23293.058876    224.610265
PE14  10329.368419 -11497.639633  18512.909252   3193.532090
PE18  -5909.811053  20628.347288 -23906.425369   3636.292910
PE19 -22814.233153 -11387.765998 -15029.916251      3.748186
PE22  19210.759334  19297.849646  11577.402361   1855.700170
PE24 -17009.755316  24083.383679   2534.311010  -1066.854280
PE26  -8397.093474 -27309.171549   7768.574675   4098.653710
PE30  20475.084207  -9245.707819 -19273.927757   3354.299900
PC06 -19176.827284  22031.507556  30468.278968   -408.408526
PC07 -19416.703597  37629.408686   -640.676377    -33.683921
PC08  -6692.796109  27501.635541 -31139.176669   -695.993080
PC09  -2697.836800  24410.170976  34357.146106    -22.521016
PC10  -9012.258475  39056.563763 -13458.263180   -242.148984
PC11  22484.800075  12097.375591  11186.250859    317.284745
PC12  15000.805726  22165.444744  -7642.573759    851.836450
PC13   4785.778796  36145.438686 -20991.254759    654.722325
PC14  24638.107526   2662.199210  12932.836923    270.290769
PJ01 -29020.490761  30456.615224   8156.720668   -229.808905
*  2016 11 21  9 15  0.00000000
PG01  13658.030652 -10831.348978  19862.929583     41.183294
PG02 -13678.545495 -13812.956743 -17792.272499    522.270780
PG03  23238.836935 -12783.285665   1257.379073    -99.307963
PG04 -21455.268810 -15856.487993   -507.865813     17.971186
PG05 -20154.766636  -2290.240577 -17332.506667    -76.768002
PG06  -7689.249208 -23110.676858 -10578.771522    275.874649
PG07   6921.973104 -23448.006048  -9675.921331    409.006002
PG08  22867.978172   1907.426967  13476.355227    -39.706109
PG09   6866.263222 -13750.931447 -21684.799535    248.750358
PG10    439.873466  16643.320301  20686.490576   -114.836078
PG11  15431.923691  -5200.677403  20416.273492   -672.015617
PG12 -24076.637470  10563.164002   2715.414390    389.506741
PG13 -23056.281736 -11657.945720   5896.569225    -56.011758
PG14  17696.675757  18378.255289   7921.417434    -46.007756
PG15 -23396.578891   -623.724271  12744.376589   -335.022298
PG16  19713.930697   3219.838309 -17805.791262     16.404773
PG17 -10919.181904 -19036.645823  15440.411956   -198.740985
PG18 -10245.878568  19869.902579  14719.860936    577.792345
PG19 -16098.995830 -18685.044020   9171.074860   -519.631688
PG20 -22968.498286  12723.347835  -4220.401407    447.033535
PG21  -3081.980907  25447.558903  -5797.830212   -530.968780
PG22  24034.609867  -8744.875936   7577.434130    184.131955
PG23  18536.324639  -4887.310978 -18347.556652   -197.390584
PG24 -14561.335589   7811.048388  20687.394812    -26.396513
PG25 -17478.854131  17622.008634  -9297.170685   -285.893322
PG26  11412.822169  10666.162220 -21477.902363   -503.261020
PG27  23652.684273  12248.049621   1101.420766    168.493266
PG28   3444.043184 -16941.181069  20795.964011    568.601317
PG29 -10024.074387  11089.684148 -21951.350012    642.508351
PG30    455.991740 -26465.516576   1237.081394    157.587752
PG31   7563.811059  22383.971042 -11641.768330    235.488595
PG32  10475.222017  18524.796522  15917.659418   -207.752519
PR01   3069.358277  10750.508557  22922.306485   -138.001676
PR02  20745.106803   3877.285272  14388.244314    221.626639
PR03  24922.932376  -4857.054555  -2583.978455     85.590737
PR04  14135.336927 -10860.831462 -18241.897961    193.214748
PR05  -4332.969973 -10519.672335 -22844.091493    -50.777707
PR06 -21284.153592  -3365.309860 -13643.889062    100.193300
PR07 -24820.392510   5014.293594   2980.865486     20.322752
PR08 -14633.697962  10765.621889  17953.507037    -26.981611
PR09  -7401.404262  -9821.042654  22357.649112     31.942466
PR10 -13654.457960  10899.872226  18608.240629     16.499472
PR11 -11364.596646  22575.527146   3625.385485     11.444937
PR12   -774.548315  20834.364267 -14830.554298 999999.999999
PR13   8805.991472   6671.368242 -23002.121417      4.511685
PR14  13722.486190 -12251.278187 -17644.962960    406.177845
PR15  11741.691278 -22040.196687  -5426.526759      7.620311
PR16   1829.661142 -21668.640681  13407.805320     50.498373
PR17  14341.624154   2590.915964  20929.778503     10.119945
PR18   3326.726928 -12346.448580  22071.737173    127.997888
PR19 -10095.528513 -21151.512836  10075.033530   -168.994330
PR20 -17280.574527 -16817.837046  -8246.812709   -263.453308
PR21 -14431.402862  -2852.214932 -20848.851244     91.120692
PR22  -2396.308211  13204.521128 -21718.745188    218.429413
PR23  11345.066153  21142.567950  -8659.657913     21.204000
PR24  17530.111303  16812.183144   7775.449963   -143.502295
PR26 -17736.472951 -15527.423716  -9769.931616     64.287014
PE01 -10598.481782 -13259.182383  24257.942993     78.771066
PE02  10592.786344  13252.269801 -24245.082136     -1.032051
PE08  29451.814423  -2298.878558  -1806.713010   3039.464180
PE09 -18848.577822  13560.544996  18366.673721   3097.143120
PE11  -8722.403438  16057.489507 -23291.446284   1540.028250
PE12 -19312.313795  -2169.873248 -22322.200251    224.686151
PE14  12738.265211  -9946.817465  18381.072860   3193.842200
PE18  -7095.165569  19551.859988 -24209.935625   3636.641570
PE19 -21365.564029 -11350.926484 -17051.938088      3.748507
PE22  19728.902970  20080.141783   9114.809855   1855.911100
PE24 -16705.393216  23851.607322   5273.484551  -1066.914540
PE26  -8048.939971 -26568.461832  10293.398383   4099.027520
PE30  19485.222790  -7717.814178 -20902.946621   3354.658810
PC06 -20150.239624  22618.218532  29371.906225   -408.440340
PC07 -18393.125522  38120.413179   1569.656904    -33.690951
PC08  -6826.145820  26223.386618 -32201.153922   -696.013611
PC09  -3847.544222  24485.659106  34180.816341    -22.563268
PC10  -8238.263298  39883.964055 -11398.188764   -242.166229
PC11  23177.245175  12844.698198   8631.291521    317.278101
PC12  14272.372008  21586.299676 -10248.267623    851.861422
PC13   5141.572392  35015.582556 -22758.977243    654.749082
PC14  23294.817644   3182.252065  15120.138284    270.300445
PJ01 -28599.072314  30988.290056   6409.259987   -229.782506
*  2016 11 21  9 30  0.00000000
PG01  13849.216891  -8481.289075  20864.733474     41.184360
PG02 -13684.695767 -15833.191972 -16100.129100    522.265751
PG03  23119.819720 -12399.349224   4089.046541    -99.309656
PG04 -21129.735157 -15905.719272  -3349.861889     17.978254
PG05 -18523.241854  -3545.773131 -18862.775846    -76.765659
PG06  -7521.691897 -24183.274199  -7986.518071    275.879148
PG07   7196.364332 -22169.213400 -12169.275819    409.003250
PG08  24025.284402   2713.199790  11112.111922    -39.707116
PG09   9065.880716 -12624.161367 -21562.128918    248.756978
PG10  -1552.874083  17809.658186  19626.127972   -114.837145
PG11  16409.608709  -2941.695700  20108.329823   -672.016548
PG12 -23739.608217  10159.359955   5588.505327    389.506498
PG13 -23366.897577 -12141.776559   3078.633886    -56.013484
PG14  16721.665197  18021.333492  10507.693671    -46.009367
PG15 -24518.075534  -1403.603233  10419.732555   -335.023491
PG16  17909.305383   4276.249650 -19393.046238     16.406072
PG17  -9293.634164 -18233.763411  17378.829975   -198.740372
PG18 -11631.960321  20499.649392  12569.145279    577.795122
PG19 -14942.767453 -18194.887172  11720.032178   -519.631044
PG20 -22683.830626  12075.391076  -6907.088631    447.034580
PG21  -3483.054137  24563.307698  -8453.870519   -530.967791
PG22  23406.838425  -7920.593401  10098.052815    184.122389
PG23  20278.702846  -3823.736229 -16743.076792   -197.391769
PG24 -14811.778022   5400.192747  21288.947628    -26.397963
PG25 -18345.195985  17931.315786  -6592.010049   -285.899530
PG26   9353.747456  12038.979576 -21740.681579   -503.264800
PG27  23529.041996  12415.608195  -1768.280173    168.497992
PG28   5392.401678 -17907.368844  19488.196114    568.604063
PG29 -12142.771273   9798.567595 -21489.012508    642.506448
PG30    750.229383 -26439.101223  -1604.041910    157.588425
PG31   7348.474785  23596.796103  -9096.662720    235.486675
PG32   8688.168330  17797.701180  17719.804299   -207.767409
PR01    292.992794  11276.430364  22874.528980   -138.001935
PR02  18840.629924   4103.563160  16752.272919    221.628406
PR03  25021.285851  -5017.980630    618.978716     85.591337
PR04  16206.264432 -11328.377161 -16113.132951    193.215850
PR05  -1560.289449 -11041.399620 -22954.682230    -50.780218
PR06 -19467.902869  -3617.553920 -16079.837272    100.193792
PR07 -24960.642399   5178.917293   -223.573903     20.320982
PR08 -16656.685958  11224.056181  15772.669252    -26.981625
PR09  -6463.250996 -12347.335957  21368.447836     31.944684
PR10 -12703.997217   8685.772081  20356.336952     16.499500
PR11 -10995.277630  22034.928654   6754.428082     11.444095
PR12  -1211.224793  22443.765370 -12236.409514 999999.999999
PR13   7891.111435   9318.835787 -22406.673906      4.511539
PR14  12808.758157 -10138.212298 -19574.962252    406.183425
PR15  11256.848845 -21302.498122  -8506.805020      7.619616
PR16   2203.307931 -23112.357041  10672.327717     50.499891
PR17  15983.446468   4460.602948  19363.090926     10.121647
PR18   5064.771012 -10187.924784  22835.189302    127.999372
PR19  -9338.803299 -19940.721006  12881.770688   -168.995198
PR20 -17940.344038 -17351.553549  -5149.207807   -263.454865
PR21 -16079.424557  -4700.125453 -19249.421148     91.121999
PR22  -4096.263997  11059.139572 -22633.103315    218.430526
PR23  10677.718316  20074.977912 -11564.788109     21.204143
PR24  18160.599771  17291.935119   4664.510654   -143.502591
PR26 -18523.536811 -16201.319007  -6754.766334     64.288493
PE01  -9686.860226 -15216.775429  23476.841326     78.762377
PE02   9680.049755  15211.884352 -23463.870028     -1.031957
PE08  29489.993325  -2344.753906    894.941460   3039.822880
PE09 -20416.583428  13698.039641  16493.439421   3097.508450
PE11  -9894.329518  14272.930794 -23974.538696   1540.041460
PE12 -20434.443730  -3779.019702 -21073.629238    224.762105
PE14  15117.008356  -8534.198578  17845.313494   3194.152280
PE18  -8378.548929  18527.591776 -24273.141786   3636.990190
PE19 -19745.121607 -11423.299087 -18861.849391      3.748877
PE22  20173.906066  20635.228082   6538.714094   1856.121870
PE24 -16311.033835  23379.345500   7947.016859  -1066.974760
PE26  -7527.456187 -25668.670341  12690.286674   4099.401320
PE30  18549.906299  -6000.516944 -22271.999534   3355.017730
PC06 -21038.663276  23327.507896  28149.331271   -408.472370
PC07 -17315.005997  38475.493410   3773.321032    -33.697876
PC08  -7125.527760  24972.952025 -33123.703606   -696.034101
PC09  -4977.522408  24711.416463  33857.916305    -22.605511
PC10  -7362.852408  40604.499432  -9289.472716   -242.183505
PC11  23707.634008  13375.289648   5947.719556    317.271389
PC12  13307.660704  20888.053994 -12700.670891    851.886478
PC13   5346.228258  33847.958888 -24428.094868    654.775830
PC14  21785.892764   3856.411276  17084.185102    270.310157
PJ01 -28115.546849  31465.035986   4635.152664   -229.756091
*  2016 11 21  9 45  0.00000000
PG01  14172.156819  -6053.380036  21502.616179     41.185552
PG02 -13761.143592 -17638.499566 -14125.955941    522.260775
PG03  22764.533485 -11823.705018   6850.266531    -99.311295
PG04 -20532.139049 -15812.954903  -6134.811143     17.984424
PG05 -16832.748467  -4974.571528 -20072.567867    -76.764021
PG06  -7378.572593 -24963.375206  -5256.731768    275.883701
PG07   7558.864407 -20633.938999 -14446.779089    409.000375
PG08  24968.792215   3346.072960   8557.679477    -39.708178
PG09  11288.364200 -11625.332296 -21069.263955    248.763578
PG10  -3370.892541  18995.802507  18227.575016   -114.838142
PG11  17451.580732   -774.823099  19436.656103   -672.017623
PG12 -23154.955767   9560.825978   8363.863461    389.506493
PG13 -23424.802547 -12443.263453    207.413086    -56.015186
PG14  15483.787031  17582.906798  12916.667828    -46.010840
PG15 -25420.697409  -2032.637148   7918.082153   -335.024310
PG16  16030.649594   5520.934512 -20653.313953     16.407494
PG17  -7447.655157 -17433.331798  19027.711197   -198.739664
PG18 -12794.233757  21037.812726  10205.805108    577.797925
PG19 -13516.303525 -17629.856266  14061.250961   -519.630567
PG20 -22206.682838  11222.375240  -9475.569743    447.036375
PG21  -3971.003531  23402.746426 -10958.453951   -530.967029
PG22  22603.588979  -6901.878804  12447.490202    184.112637
PG23  21888.062050  -2931.091179 -14850.894884   -197.392912
PG24 -15187.602150   2959.950206  21521.317417    -26.398497
PG25 -18940.114978  18102.229268  -3772.460269   -285.905678
PG26   7361.368473  13522.304036 -21629.095878   -503.268578
PG27  23119.727054  12460.100533  -4607.897396    168.502750
PG28   7146.799811 -18900.554835  17861.530130    568.606495
PG29 -14264.149778   8659.400114 -20656.758488    642.504920
PG30   1058.226935 -26107.198692  -4417.362872    157.589129
PG31   7175.222864  24519.583248  -6390.968184    235.484570
PG32   6694.719223  17089.511262  19217.530503   -207.782311
PR01  -2406.259560  11991.385170  22382.356890   -138.001692
PR02  16695.457665   4534.169143  18792.246553    221.630215
PR03  24726.312278  -5090.174648   3809.942217     85.591784
PR04  17964.964308 -11876.005121 -13671.351562    193.216735
PR05   1154.661334 -11756.893307 -22620.117119    -50.782985
PR06 -17403.083531  -4070.079641 -18203.447790    100.195093
PR07 -24705.902414   5257.380116  -3423.658136     20.319455
PR08 -18363.272395  11758.373898  13286.549762    -26.981814
PR09  -5754.180887 -14795.000124  19964.429742     31.946706
PR10 -11868.838714   6222.996366  21709.583499     16.499844
PR11 -10556.468652  21108.761805   9752.674212     11.443235
PR12  -1437.437998  23760.991898  -9406.871541 999999.999999
PR13   7202.581819  11930.781947 -21376.595251      4.512082
PR14  11996.004493  -7757.840026 -21124.228047    406.188529
PR15  10725.014100 -20177.365967 -11422.658515      7.619289
PR16   2374.536311 -24244.101917   7730.604711     50.501367
PR17  17610.138476   6047.838144  17420.019937     10.123008
PR18   7004.156822  -8116.923317  23155.422378    128.000689
PR19  -8269.551484 -18547.986588  15438.350074   -168.995563
PR20 -18375.423179 -17549.487548  -1951.287808   -263.456627
PR21 -17708.371917  -6261.587553 -17276.570687     91.123338
PR22  -6011.677631   8984.250758 -23108.611946    218.431644
PR23   9695.477790  18811.788660 -14245.320206     21.204397
PR24  18557.282450  17442.135660   1462.930263   -143.503267
PR26 -19097.041547 -16540.757047  -3608.545648     64.291608
PE01  -8952.695639 -17158.699744  22403.965980     78.753726
PE02   8944.900287  17155.720402 -22390.601823     -1.031837
PE08  29283.676148  -2360.462189   3585.459629   3040.181590
PE09 -21794.918596  13917.669813  14415.182645   3097.873750
PE11 -11217.139274  12536.136622 -24359.595526   1540.054710
PE12 -21589.657599  -5207.684415 -19562.869099    224.838043
PE14  17420.009052  -7287.093910  16936.729214   3194.462350
PE18  -9742.975274  17568.644781 -24089.608749   3637.338810
PE19 -17981.807454 -11624.985260 -20437.155605      3.749249
PE22  20512.757596  20970.371517   3881.196848   1856.332720
PE24 -15861.886333  22660.949002  10521.634639  -1067.035040
PE26  -6818.013272 -24640.853756  14929.442642   4099.775100
PE30  17700.122547  -4117.011454 -23364.055480   3355.376670
PC06 -21826.712844  24147.102410  26805.690017   -408.504020
PC07 -16200.565487  38688.763300   5960.960505    -33.705049
PC08  -7585.872736  23771.892690 -33902.883446   -696.054557
PC09  -6068.282869  25083.493269  33389.721576    -22.647613
PC10  -6400.861106  41205.944923  -7141.137625   -242.200871
PC11  24042.769264  13706.864940   3175.462325    317.264890
PC12  12103.868180  20109.421390 -14963.113304    851.911475
PC13   5396.114247  32662.767761 -25991.421557    654.802515
PC14  20148.204095   4696.959374  18795.972386    270.319814
PJ01 -27576.007660  31877.274151   2841.502673   -229.729601
*  2016 11 21 10  0  0.00000000
PG01  14629.989515  -3597.278556  21766.086257     41.186674
PG02 -13878.158236 -19199.570713 -11905.821951    522.255783
PG03  22204.169214 -11034.785915   9493.460317    -99.312953
PG04 -19652.802430 -15614.969084  -8814.993998     17.989389
PG05 -15126.382841  -6563.310419 -20940.986597    -76.761735
PG06  -7222.596442 -25440.165604  -2436.428994    275.888208
PG07   8036.142105 -18876.389606 -16468.187615    408.997783
PG08  25664.940939   3828.208311   5856.717698    -39.709677
PG09  13487.409095 -10767.278485 -20214.664939    248.770255
PG10  -4990.628124  20161.633985  16514.699183   -114.839241
PG11  18529.402417   1263.425097  18413.905631   -672.018628
PG12 -22357.059078   8745.000736  10992.808400    389.506489
PG13 -23207.903682 -12593.463226  -2667.403434    -56.016965
PG14  13991.086483  17103.121732  15108.126706    -46.012259
PG15 -26075.865041  -2533.578792   5282.298612   -335.025778
PG16  14125.124157   6944.653758 -21564.556733     16.408680
PG17  -5407.043041 -16672.898096  20359.971477   -198.738973
PG18 -13731.173543  21445.747372   7668.705143    577.801016
PG19 -11831.460177 -17031.980428  16152.991352   -519.629696
PG20 -21571.546548  10152.538591 -11882.155276    447.037753
PG21  -4573.269103  21991.796975 -13265.276456   -530.965984
PG22  21661.835714  -5681.234280  14586.322856    184.102692
PG23  23323.339534  -2200.925897 -12704.613872   -197.394098
PG24 -15685.057577    538.515761  21381.127660    -26.399933
PG25 -19275.877327  18097.044038   -887.329506   -285.911819
PG26   5473.917812  15085.551370 -21144.887136   -503.272441
PG27  22416.348748  12419.117196  -7369.133799    168.507503
PG28   8684.607351 -19880.342155  15941.258678    568.609123
PG29 -16339.970015   7684.066832 -19468.843308    642.503724
PG30   1415.561907 -25478.347598  -7154.131240    157.589861
PG31   7007.218863  25136.851670  -3572.439399    235.482565
PG32   4525.314840  16434.470535  20385.084983   -207.797170
PR01  -4964.315370  12870.224375  21455.409628   -138.001671
PR02  14370.177873   5190.276276  20468.722308    221.631989
PR03  24057.724736  -5022.183816   6927.088867     85.592386
PR04  19377.696025 -12452.188594 -10964.019991    193.217918
PR05   3746.863518 -12643.454582 -21846.841991    -50.786042
PR06 -15148.878057  -4744.848470 -19973.613215    100.196452
PR07 -24074.605079   5197.744683  -6557.085199     20.317746
PR08 -19720.977986  12316.676882  10543.136734    -26.981559
PR09  -5270.110203 -17096.960067  18172.602933     31.948230
PR10 -11190.523884   3566.586479  22641.447935     16.499719
PR11 -10104.946658  19805.685577  12562.103479     11.442582
PR12  -1491.156429  24741.377856  -6396.455801 999999.999999
PR13   6741.586350  14437.879587 -19931.861935      4.511203
PR14  11328.419085  -5162.565481 -22262.924263    406.192779
PR15  10204.065204 -18679.156189 -14117.612983      7.618988
PR16   2384.474811 -25023.181861   4639.562226     50.502152
PR17  19158.594331   7334.647734  15138.203008     10.124619
PR18   9100.490606  -6188.415017  23026.456653    128.001926
PR19  -6884.148005 -17035.713847  17695.120296   -168.996294
PR20 -18537.007713 -17441.367649   1284.648000   -263.458154
PR21 -19254.902310  -7519.678666 -14968.624986     91.124477
PR22  -8100.481653   7036.580406 -23135.569818    218.432960
PR23   8391.552548  17414.031466 -16649.243049     21.205211
PR24  18673.042415  17294.461846  -1767.070923   -143.503857
PR26 -19406.142772 -16572.071399   -392.322897     64.291916
PE01  -8397.314770 -19045.720144  21052.627041     78.745064
PE02   8388.678176  19044.490370 -21038.636124     -1.031712
PE08  28840.600862  -2314.245939   6231.362035   3040.540280
PE09 -22963.407344  14191.388622  12157.735669   3098.239080
PE11 -12671.630406  10879.812877 -24441.819866   1540.067970
PE12 -22743.900463  -6442.108708 -17808.706930    224.914009
PE14  19605.924102  -6221.807824  15693.403951   3194.772420
PE18 -11168.326588  16684.852696 -23654.179192   3637.687460
PE19 -16107.992107 -11971.006060 -21758.283547      3.749620
PE22  20714.666425  21098.828518   1175.352105   1856.543520
PE24 -15393.911777  21697.456666  12965.300626  -1067.095260
PE26  -5911.764481 -23518.652690  16983.026556   4100.148930
PE30  16962.774204  -2095.652466 -24165.527081   3355.735610
PC06 -22500.733758  25062.813525  25346.648764   -408.536143
PC07 -15068.629247  38756.754092   8123.293759    -33.712165
PC08  -8199.331757  22640.917838 -34535.377724   -696.074912
PC09  -7101.013638  25595.420887  32778.131320    -22.689508
PC10  -5368.588407  41678.113307  -4962.363075   -242.218335
PC11  24154.280373  13863.306798    355.828709    317.258973
PC12  10665.900057  19289.869646 -17001.796592    851.936448
PC13   5290.278134  31480.510079 -27442.238217    654.829287
PC14  18421.120956   5709.418726  20230.198113    270.329539
PJ01 -26987.763266  32216.189644   1035.704616   -229.703112
*  2016 11 21 10 15  0.00000000
PG01  15217.620591  -1162.750805  21651.271112     41.187760
PG02 -14002.188556 -20494.864611  -9479.663564    522.250701
PG03  21474.945409 -10018.222777  11973.080568    -99.314623
PG04 -18490.645411 -15350.565605 -11344.180655     17.995730
PG05 -13445.193715  -8291.024144 -21452.832232    -76.759538
PG06  -7015.798208 -25611.709546    425.823675    275.892680
PG07   8648.501008 -16936.987954 -18197.993711    408.994698
PG08  26086.601273   4187.678991   3055.425299    -39.711497
PG09  15615.838751 -10054.867913 -19012.987471    248.776849
PG10  -6396.482978  21264.704620  14516.836940   -114.840333
PG11  19610.074297   3142.472912  17059.311637   -672.019445
PG12 -21385.711129   7697.142599  13429.182100    389.506654
PG13 -22702.075465 -12627.807005  -5496.211268    -56.018823
PG14  12259.825951  16620.908535  17045.583222    -46.014036
PG15 -26461.402822  -2934.180315   2557.256389   -335.026944
PG16  12238.522528   8529.659965 -22110.434746     16.410238
PG17  -3204.508827 -15985.480909  21353.666105   -198.738177
PG18 -14448.802027  21686.569596   5000.177239    577.803431
PG19  -9909.163050 -16441.759266  17958.015167   -519.629179
PG20 -20815.916551   8861.550314 -14086.040162    447.039352
PG21  -5311.747281  20363.716404 -15331.146694   -530.965369
PG22  20620.635589  -4258.609589  16478.767104    184.092918
PG23  24547.470493  -1617.447121 -10341.858833   -197.395078
PG24 -16292.617048  -1817.311616  20871.487719    -26.399374
PG25 -19372.836237  17882.558490   2013.242966   -285.917974
PG26   3723.907623  16692.430485 -20296.225624   -503.276268
PG27  21419.226386  12331.826717 -10005.026415    168.512225
PG28   9990.955670 -20803.623263  13757.556731    568.611927
PG29 -18321.563413   6875.972123 -17945.654473    642.502098
PG30   1855.494678 -24569.540310  -9766.952043    157.590604
PG31   6806.184007  25442.342876   -690.858462    235.480495
PG32   2216.832446  15861.705361  21202.372900   -207.812027
PR01  -7323.238652  13877.299568  20111.745241   -138.000636
PR02  11930.079839   6081.379862  21749.259222    221.634517
PR03  23047.253565  -4768.049279   9910.074524     85.593692
PR04  20423.007617 -13001.344299  -8043.751080    193.219075
PR05   6156.833441 -13667.603481 -20649.797409    -50.788848
PR06 -12769.432873  -5652.359574 -21356.115514    100.196688
PR07 -23097.411879   4953.403504  -9562.813107     20.316536
PR08 -20709.610652  12843.219291   7595.441690    -26.981746
PR09  -4994.972719 -19189.612024  16027.547237     31.950459
PR10 -10700.488618    779.375874  23133.537492     16.500064
PR11  -9695.673157  18147.357138  15128.361577     11.441908
PR12  -1418.107891  25350.724821  -3263.081373 999999.999999
PR13   6496.898365  16773.036777 -18100.481765      4.510564
PR14  10840.537576  -2413.155319 -22969.234776    406.197589
PR15   9748.967524 -16835.257679 -16539.386999      7.618801
PR16   2281.291263 -25420.045897   1458.941485     50.503278
PR17  20565.360821   8315.914041  12561.902909     10.126231
PR18  11300.381542  -4448.744176  22451.013262    128.003421
PR19  -5192.052097 -15467.733540  19608.250109   -168.996985
PR20 -18385.074975 -17067.436988   4495.559632   -263.460148
PR21 -20655.543435  -8470.402200 -12370.386967     91.125645
PR22 -10310.967209   5264.846193 -22712.960997    218.433791
PR23   6772.171056  15944.802158 -18729.932642     21.205717
PR24  18469.853556  16890.701918  -4962.766216   -143.503613
PR26 -19408.162496 -16332.397542   2831.511457     64.288787
PE01  -8015.477998 -20839.298904  19439.595511     78.736397
PE02   8006.147180  20839.613538 -19424.802459     -1.031627
PE08  28174.487876  -2176.263140   8799.725794   3040.898990
PE09 -23907.446040  14488.422022   9749.157917   3098.604430
PE11 -14233.457970   9333.148314 -24220.176562   1540.081240
PE12 -23861.720840  -7474.684614 -15832.960426    224.989959
PE14  21638.854304  -5344.154763  14157.624072   3195.082480
PE18 -12631.614805  15882.356008 -22963.189617   3638.036010
PE19 -14158.548975 -12470.787401 -22808.823569      3.749983
PE22  20752.069656  21039.382401  -1545.127858   1856.754420
PE24 -14942.649348  20496.607306  15247.613051  -1067.155510
PE26  -4805.987900 -22337.235648  18825.501609   4100.522740
PE30  16359.835463     30.868938 -24666.439544   3356.094520
PC06 -23049.039759  26058.779531  23778.381922   -408.568008
PC07 -13938.307591  38678.471618  10251.150751    -33.719043
PC08  -8955.412489  21599.527886 -35018.510854   -696.095806
PC09  -8057.903291  26238.320818  32025.662132    -22.731696
PC10  -4283.518435  42013.027201  -2762.447302   -242.235904
PC11  24019.683756  13873.715909  -2469.114342    317.252675
PC12   9006.314632  18468.184149 -18786.309238    851.961238
PC13   5030.462930  30321.633100 -28774.321433    654.856045
PC14  16645.195527   6892.248214  21365.632300    270.339325
PJ01 -26359.244134  32473.901458   -774.574825   -229.676670
*  2016 11 21 10 30  0.00000000
PG01  15921.897983   1202.076560  21160.936767     41.188870
PG02 -14097.342267 -21511.184286  -6890.484294    522.245743
PG03  20616.643178  -8767.594476  14246.399573    -99.316287
PG04 -17053.428337 -15058.962656 -13678.432247     18.000981
PG05 -11826.717078 -10129.715711 -21598.878986    -76.757357
PG06  -6721.200191 -25484.951935   3280.747972    275.897106
PG07   9408.905994 -14860.861479 -19606.086204    408.991702
PG08  26214.125282   4457.196605    201.763282    -39.712477
PG09  17627.259604  -9484.935623 -17484.834266    248.783477
PG10  -7581.228070  22261.869722  12268.299326   -114.841399
PG11  20657.369817   4838.689438  15398.235670   -672.020578
PG12 -20284.511943   6411.128192  15630.207665    389.506292
PG13 -21901.781645 -12584.536098  -8230.354501    -56.020745
PG14  10314.021734  16172.442596  18696.822418    -46.015422
PG15 -26562.332932  -3265.924716   -210.907369   -335.028140
PG16  10413.644122  10250.168428 -22280.628884     16.411517
PG17   -878.646906 -15398.341597  21992.302956   -198.737595
PG18 -14960.371990  21726.688001   2245.390479    577.806354
PG19  -7778.771461 -15896.452945  19444.314824   -519.628516
PG20 -19978.795395   7352.847519 -16049.964202    447.040928
PG21  -6201.596848  18557.909186 -17116.981682   -530.964123
PG22  19519.638938  -2641.577693  18093.226024    184.083048
PG23  25528.692827  -1158.367743  -7803.586929   -197.396259
PG24 -16991.419981  -4063.737446  20001.891179    -26.400645
PG25 -19258.512885  17431.539803   4878.683832   -285.924088
PG26   2137.040094  18302.238858 -19097.580992   -503.280044
PG27  20137.489319  12237.325163 -12470.717715    168.516959
PG28  11059.182330 -21626.150544  11345.148511    568.614540
PG29 -20161.578974   6230.052633 -16113.365232    642.500244
PG30   2407.468277 -23405.587608 -12210.622696    157.591364
PG31   6534.126639  25439.185760   2202.912849    235.478653
PG32   -188.632529  15394.083773  21655.302914   -207.826949
PR01  -9433.398108  14967.952762  18377.506616   -138.000643
PR02   9442.607374   7204.699946  22609.037683    221.635971
PR03  21737.291038  -4289.485967  12701.192028     85.594274
PR04  21092.427047 -13466.335113  -4967.280211    193.219522
PR05   8332.844546 -14786.456575 -19052.135502    -50.791126
PR06 -10331.333745  -6791.008079 -22324.276609    100.197165
PR07 -21815.906749   4485.311882 -12382.261025     20.314702
PR08 -21321.924535  13280.909168   4500.490909    -26.981671
PR09  -4901.576859 -21015.317969  13570.761184     31.951886
PR10 -10418.714432  -2070.368110  23175.977723     16.499997
PR11  -9379.305226  16167.701983  17401.799899     11.441176
PR12  -1269.626652  25566.674015    -66.987307 999999.999999
PR13   6445.516010  18873.997502 -15917.955384      4.510794
PR14  10555.769102    423.557428 -23229.762602    406.202367
PR15   9409.296537 -14685.156472 -18640.902326      7.618167
PR16   2117.921167 -25417.489338  -1749.839804     50.504426
PR17  21769.295434   8999.333817   9741.153378     10.128074
PR18  13543.494776  -2933.887976  21440.444879    128.004626
PR19  -3215.675789 -13906.624665  21140.578640   -168.997773
PR20 -17890.249584 -16476.562835   7618.907141   -263.461712
PR21 -21849.341923  -9122.586485  -9532.269885     91.126793
PR22 -12583.735315   3707.876059 -21848.512543    218.435456
PR23   4856.580218  14466.591913 -20447.051874     21.205824
PR24  17920.548126  16280.802848  -8062.141788   -143.503499
PR26 -19070.534501 -15867.906700   6000.437236 999999.999999
PE01  -7795.589903 -22502.758781  17584.896845     78.727727
PE02   7785.706790  22504.381959 -17569.191577     -1.031501
PE08  27304.610040  -1919.588568  11258.595133   3041.257670
PE09 -24618.414563  14776.278932   7219.387823   3098.969730
PE11 -15873.851221   7920.948505 -23697.405660   1540.094520
PE12 -24907.380116  -8304.128053 -13660.206767    225.065889
PE14  23489.004466  -4650.570019  12373.520693   3195.392520
PE18 -14107.296499  15163.207849 -22014.753643   3638.384580
PE19 -12169.812212 -13127.822897 -23575.732259      3.750365
PE22  20601.541671  20815.705351  -4246.373754   1856.965240
PE24 -14542.058196  19072.643530  17340.184297  -1067.215760
PE26  -3504.237669 -21132.198075  20433.951192   4100.896580
PE30  15907.665975   2226.484239 -24860.554793   3356.453460
PC06 -23462.116912  27117.737030  22107.547372   -408.599992
PC07 -12828.671570  38455.411641  12335.510024    -33.726092
PC08  -9841.161302  20665.678517 -35350.258057   -696.116261
PC09  -8922.448249  27001.055259  31135.439238    -22.773968
PC10  -3164.022006  42205.053376   -550.768539   -242.253057
PC11  23623.242284  13771.277110  -5257.179918    317.246396
PC12   7144.995752  17681.063710 -20290.086816    851.986316
PC13   4621.075533  29206.177210 -29981.969831    654.882804
PC14  14860.812205   8236.788131  22185.428343    270.349046
PJ01 -25699.886526  32643.622680  -2581.419798   -229.650326
*  2016 11 21 10 45  0.00000000
PG01  16722.117013   3452.386200  20304.385070     41.189961
PG02 -14126.934938 -22243.926795  -4183.536553    522.240715
PG03  19671.015895  -7284.873584  16274.248326    -99.317984
PG04 -15357.665495 -14778.154105 -15776.883373     18.005853
PG05 -10303.648632 -12045.241167 -21376.061186    -76.755056
PG06  -6304.435474 -25075.389533   6079.204129    275.901572
PG07  10322.324466 -12696.155774 -20668.290581    408.988762
PG08  26036.124686   4672.658703  -2655.354669    -39.713482
PG09  19477.695183  -9046.536172 -15656.406462    248.790169
PG10  -8546.090966  23110.964439   9807.786924   -114.842409
PG11  21633.310105   6336.087121  13461.580809   -672.021081
PG12 -19099.118510   4889.907611  17557.284988    389.506294
PG13 -20810.371728 -12503.044052 -10822.961591    -56.021395
PG14   8184.704552  15789.725772  20034.380684    -46.016995
PG15 -26371.409837  -3562.630007  -2975.535541   -335.029018
PG16   8688.775374  12073.141001 -22071.078534     16.413095
PG17   1527.302509 -14931.974919  22265.085968   -198.736669
PG18 -15285.766903  21537.255140   -548.365096    577.809293
PG19  -5477.097436 -15428.518614  20585.730609   -519.627542
PG20 -19099.161467   5637.679835 -17740.807702    447.042719
PG21  -7250.323489  16618.456594 -18588.740016   -530.963103
PG22  18397.598725   -845.227764  19402.768076    184.073591
PG23  26241.647853   -795.992100  -5133.366633   -197.397366
PG24 -17756.011713  -6161.451846  18788.003089    -26.401508
PG25 -18966.396287  16723.968831   7658.902375   -285.930235
PG26    731.386835  19871.342964 -17569.483209   -503.283865
PG27  18588.855370  12172.996057 -14724.193903    168.521666
PG28  11890.992615 -22304.189946   8742.898816    568.617436
PG29 -21815.689913   5733.126687 -14003.487486    642.498618
PG30   3095.762217 -22018.190449 -14442.927962    157.592132
PG31   6155.060976  25139.690491   5057.898995    235.476759
PG32  -2645.186034  15047.328438  21736.030952   -207.841780
PR01 -11255.276320  16090.403426  16286.411599   -138.000292
PR02   6974.736663   8545.106385  23031.336140    221.637907
PR03  20179.113404  -3557.740608  15246.475064     85.595416
PR04  21390.622365 -13791.051571  -1794.361490    193.221158
PR05  10232.826073 -15949.518222 -17084.779115    -50.794138
PR06  -7900.998234  -8146.962860 -22859.461728    100.197369
PR07 -20280.846618   3763.904454 -14960.463609     20.312962
PR08 -21563.753524  13573.885781   1318.234615    -26.981800
PR09  -4952.945186 -22524.670498  10849.869839     31.953766
PR10 -10352.876433  -4911.535350  22767.628131     16.500401
PR11  -9199.900521  13911.688301  19338.424495     11.440694
PR12  -1100.270583  25379.612274   3130.391437 999999.999999
PR13   6553.804361  20685.754243 -13426.593467      4.510986
PR14  10485.416837   3277.215239 -23039.764399    406.208003
PR15   9226.994094 -12279.007715 -20381.200532      7.617718
PR16   1949.601395 -25011.365066  -4924.854389     50.505189
PR17  22714.150510   9404.837192   6730.788191     10.129575
PR18  15764.905053  -1668.164159  20014.502384    128.006310
PR19   -989.709372 -12411.108416  22262.336036   -168.998698
PR20 -17035.232386 -15723.996151  10593.880468   -263.463896
PR21 -22780.425529  -9497.248518  -6509.322498     91.128325
PR22 -14853.992697   2393.148761 -20558.582233    218.436888
PR23   2676.499628  13038.664785 -21767.327035     21.206302
PR24  17010.140556  15520.592369 -11005.098388   -143.503611
PR26 -18372.340784 -15231.675177   9053.013141     64.289804
PE01  -7720.110675 -24002.390506  15511.563976     78.719039
PE02   7709.805970  24005.069951 -15494.904914     -1.031384
PE08  26255.191544  -1521.123458  13577.379697   3041.616390
PE09 -25093.902429  15021.817235   4599.871223   3099.335100
PE11 -17560.471287   6662.908791 -22879.989195   1540.107730
PE12 -25845.974141  -8935.453859 -11317.476919    225.141834
PE14  25132.921276  -4129.561944  10385.235599   3195.702610
PE18 -15567.647042  14525.024092 -20809.122293   3638.733130
PE19 -10178.491062 -13939.524848 -24049.493261      3.750758
PE22  20244.575175  20455.569206  -6894.762568   1857.176220
PE24 -14223.411386  17445.913605  19216.994046  -1067.276000
PE26  -2016.298783 -19938.450906  21788.363769   4101.270390
PE30  15616.503535   4452.812354 -24745.449300   3356.812400
PC06 -23732.790547  28221.317147  20341.259508   -408.632089
PC07 -11758.429535  38091.533051  14367.535139    -33.732954
PC08 -10841.387743  19855.471691 -35529.253102   -696.136592
PC09  -9679.738064  27870.416723  30111.185036    -22.815952
PC10  -2029.043472  42250.997101   1663.253813   -242.270655
PC11  22956.592352  13591.982029  -7966.703556    317.239782
PC12   5108.566977  16961.799242 -21490.810621    852.011206
PC13   4069.109320  28153.430075 -31060.028009    654.909554
PC14  13106.847909   9727.455759  22677.372311    270.358766
PJ01 -25019.994361  32719.807675  -4376.692917   -229.623865
*  2016 11 21 11  0  0.00000000
PG01  17590.831103   5548.196290  19097.234047     41.191057
PG02 -14055.045952 -22697.010142  -1405.503955    522.235609
PG03  18680.135485  -5580.549664  18021.693447    -99.319654
PG04 -13428.207291 -14543.310729 -17602.491021     18.008942
PG05  -8902.704009 -13998.439207 -20787.562891    -76.753232
PG06  -5735.272843 -24406.424050   8773.037819    275.906040
PG07  11385.408218 -10492.245654 -21366.778059    408.985585
PG08  25549.946751   4871.572281  -5466.891770    -39.714926
PG09  21127.136954  -8721.505217 -13559.059909    248.796805
PG10  -9300.514612  23772.459211   7177.723793   -114.843502
PG11  22499.709965   7626.687348  11285.091692   -672.022889
PG12 -17875.423869   3145.595914  19176.705237    389.506018
PG13 -19440.043104 -12422.190746 -13229.739678    -56.023577
PG14   5908.931228  15499.336828  21035.954772    -46.018604
PG15 -25889.379396  -3858.978267  -5690.188560   -335.030037
PG16   7096.335819  13959.359602 -21484.126506     16.414218
PG17   3966.857678 -14599.353051  22167.087311   -198.736392
PG18 -15450.632340  21095.478754  -3332.474409    577.811975
PG19  -3047.121398 -15064.260936  21362.440826   -519.627293
PG20 -18214.458033   3734.861546 -19130.115073    447.044406
PG21  -8457.196671  14592.424438 -19718.255783   -530.962428
PG22  17290.931804   1108.219083  20385.533383    184.063542
PG23  26668.241259   -498.491330  -2376.639142   -197.398302
PG24 -18555.346648  -8076.926001  17251.343096    -26.401758
PG25 -18534.509208  15748.011259  10305.207518   -285.936396
PG26   -483.130986  21354.786991 -15738.176782   -503.287744
PG27  16799.095266  12172.942004 -16726.979659    168.526440
PG28  12496.323428 -22796.204112   5993.323960    568.619875
PG29 -23244.194944   5364.566306 -11652.331399    642.497367
PG30   3938.354171 -20444.756153 -16425.377824    157.592918
PG31   5636.641684  24564.781912   7823.971334    235.474339
PG32  -5104.701988  14829.417762  21443.098262   -207.856642
PR01 -12760.856798  17187.953099  13879.096869   -137.999893
PR02   4590.385859  10075.570818  23007.856530    221.639527
PR03  18430.755068  -2555.050303  17496.727659     85.596128
PR04  21335.025131 -13922.962793   1413.394061    193.222504
PR05  11825.860486 -17100.811231 -14785.830958    -50.796986
PR06  -5542.093075  -9694.568804 -22951.427140    100.197367
PR07 -18550.042898   2770.612185 -17247.154683     20.311310
PR08 -21453.612552  13670.064434  -1889.606040    -26.981355
PR09  -5104.080527 -23678.432495   7917.707625     31.956060
PR10 -10498.025878  -7672.890665  21916.128762     16.500440
PR11  -9192.912040  11433.655767  20900.737159     11.439851
PR12   -965.305662  24793.075589   6267.569809 999999.999999
PR13   6779.096217  22162.672651 -10674.702159      4.510217
PR14  10628.226090   6076.618197 -22403.217863    406.212719
PR15   9234.452800  -9675.771770 -21726.248001      7.617317
PR16   1831.311964 -24210.773913  -8004.839546     50.506295
PR17  23350.973835   9563.491963   3589.372370     10.130937
PR18  17897.653585   -663.438258  18200.942966    128.007652
PR19   1440.069180 -11033.623399  22951.720845   -168.998626
PR20 -15815.731295 -14868.877522  13362.593065   -263.465183
PR21 -23400.371978  -9626.450534  -3360.165427     91.129844
PR22 -17054.098723   1335.819825 -18867.875502    218.438142
PR23    275.054243  11714.591597 -22665.186748     21.206772
PR24  15736.652156  14669.272600 -13734.612119   -143.503898
PR26 -17305.374350 -14481.279475  11930.063195     64.292212
PE01  -7766.155575 -25308.470138  13245.352807     78.710329
PE02   7755.545371  25311.952403 -13227.766394     -1.031279
PE08  25054.654656   -962.384884  15727.235567   3041.975130
PE09 -25337.742824  15192.332212   1923.170890   3099.700420
PE11 -19258.382980   5573.048950 -21778.071698   1540.120940
PE12 -26644.531825  -9379.753470  -8833.919169    225.217771
PE14  26553.428604  -3763.299007   8235.606241   3196.012660
PE18 -16983.203810  13960.696435 -19349.130815   3639.081670
PE19  -8220.574591 -14897.268029 -24224.234297      3.751141
PE22  19668.209691  19989.929980  -9457.337390   1857.387060
PE24 -14014.276706  15642.283920  20854.712471  -1067.336210
PE26   -357.946786 -18789.133402  22871.881824   4101.644190
PE30  15490.151382   6670.297263 -24322.544631   3357.171310
PC06 -23856.352094  29350.361446  18487.060065   -408.663780
PC07 -10745.609961  37593.189399  16338.610336    -33.739786
PC08 -11938.927430  19182.878929 -35554.793094   -696.157346
PC09 -10316.713701  28831.353573  28957.205020    -22.858070
PC10   -897.778139  42150.154973   3870.198023   -242.288168
PC11  22019.115343  13373.254035 -10557.179324    317.232955
PC12   2929.568289  16339.082613 -22370.738424    852.036067
PC13   3384.022101  27181.594148 -32003.907937    654.936253
PC14  11419.389379  11342.185438  22834.066584    270.368576
PJ01 -24330.580444  32698.283062  -6152.067933   -229.597387
*  2016 11 21 11 15  0.00000000
PG01  18494.932680   7455.685756  17561.089303     41.192135
PG02 -13848.021861 -22882.491439   1396.300508    522.230516
PG03  17684.739760  -3673.424633  19458.640172    -99.321251
PG04 -11297.500523 -14385.285167 -19122.734250     18.011282
PG05  -7643.710619 -15946.466511 -19842.807142    -76.751109
PG06  -4988.983566 -23508.422715  11315.909074    275.910477
PG07  12586.526110  -8297.919945 -21690.337529    408.982884
PG08  24761.828380   5091.414005  -8184.524150    -39.715663
PG09  22540.953113  -8485.308331 -11228.773489    248.803462
PG10  -9861.596275  24211.028952   4423.521775   -114.844584
PG11  23219.725109   8710.545204   8908.566391   -672.023213
PG12 -16657.740692   1199.196054  20460.268366    389.506024
PG13 -17811.472831 -12378.654514 -15409.714512    -56.027394
PG14   3528.582643  15321.394155  21684.737664    -46.020017
PG15 -25124.956208  -4189.023334  -8309.368296   -335.031445
PG16   5661.742057  15864.755065 -20528.563896     16.415755
PG17   6391.819949 -14405.449260  21699.346288   -198.735422
PG18 -15485.264360  20385.733231  -6057.862050    577.814891
PG19   -536.460083 -14822.754368  21761.313675   -519.626120
PG20 -17359.159057   1670.241707 -20194.540584    447.046291
PG21  -9813.036521  12528.025409 -20483.938371   -530.961908
PG22  16232.383103   3190.056836  21025.064435    184.054206
PG23  26798.238306   -231.317975    420.026582   -197.399612
PG24 -19354.013784  -9783.477899  15418.873068    -26.401770
PG25 -18003.797744  14500.672635  12771.205516   -285.942525
PG26  -1504.941567  22707.967825 -13635.173578   -503.291635
PG27  14801.201903  12266.546934 -18444.779282    168.531161
PG28  12892.903825 -23064.506956   3142.018810    568.622528
PG29 -24413.452459   5097.265366  -9100.380745    642.495943
PG30   4946.034717 -18727.006383 -18123.874814    157.593683
PG31   4951.645226  23743.099108  10452.780856    235.472927
PG32  -7518.476846  14740.298331  20781.461220   -207.871530
PR01 -13934.532476  18201.415032  11202.328140   -137.999709
PR02   2347.962019  11758.128490  22538.892223    221.640984
PR03  16554.623605  -1275.640726  19408.460772     85.596592
PR04  20954.934095 -13815.528771   4593.715494    193.223911
PR05  13093.218074 -18181.258392 -12199.843190    -50.800046
PR06  -3313.082681 -11397.256740 -22598.506803    100.198910
PR07 -16685.963693   1498.913594 -19197.757961     20.310072
PR08 -21021.782135  13523.541014  -5060.732516    -26.981168
PR09  -5304.084449 -24449.068971   4831.293178     31.958000
PR10 -10836.822706 -10285.805899  20637.774996     16.500413
PR11  -9383.556332   8795.267045  22058.453556     11.438908
PR12   -918.160574  23823.633568   9284.161325 999999.999999
PR13   7071.684076  23270.240297  -7715.651776      4.510215
PR14  10970.476587   8752.435872 -21332.722675    406.217113
PR15   9453.010253  -6940.988991 -22649.613267      7.616480
PR16   1815.232093 -23037.726856 -10930.357472     50.507362
PR17  23640.223396   9515.939974    378.056546     10.132364
PR18  19875.402789     81.139109  16034.987678    128.008831
PR19   4018.452443  -9818.183371  23195.323255   -168.999115
PR20 -14240.854072 -13971.596575  15871.214950   -263.466899
PR21 -23670.285479  -9551.698521   -145.858927     91.131475
PR22 -19116.258258    538.276056 -16808.994208    218.438732
PR23  -2294.770817  10540.042950 -23123.251738     21.207321
PR24  14111.402326  13786.791504 -16197.832078   -143.504190
PR26 -15874.683401 -13676.218779  14575.818347     64.291374
PE01  -7906.263692 -26396.154468  10814.423555     78.701643
PE02   7895.448993  26400.200016 -10796.000132     -1.031176
PE08  23734.737971   -230.149933  17681.424236   3042.333830
PE09 -25359.853535  15256.633231   -777.437929   3100.065730
PE11 -20931.110506   4659.327153 -20405.335333   1540.134160
PE12 -27273.056230  -9653.782366  -6240.436063    225.293698
PE14  27739.362724  -3529.184319   5965.305208   3196.322690
PE18 -18323.291325  13458.193763 -17640.739665   3639.430210
PE19  -6330.260895 -15986.624906 -24097.799062      3.751539
PE22  18865.487688  19451.915082 -11902.218481   1857.598000
PE24 -13937.616348  13692.380464  22232.989535  -1067.396460
PE26   1449.480342 -17714.584265  23671.011836   4102.018000
PE30  15525.869932   8839.382990 -23597.090320   3357.530260
PC06 -23830.643521  30485.252141  16552.886844   -408.695269
PC07  -9807.255902  36969.019940  18240.375321    -33.746615
PC08 -13114.938802  18659.501617 -35426.840319   -696.178178
PC09 -10822.394310  29867.227673  27678.371089    -22.900216
PC10    210.654295  41904.325406   6060.678747   -242.305611
PC11  20818.039477  13152.525078 -12989.879046    317.227110
PC12    645.425065  15835.988021 -22916.962602    852.061002
PC13   2577.571638  26307.473256 -32809.607751    654.962963
PC14   9830.551575  13053.098674  22653.045036    270.378378
PJ01 -23643.188913  32576.359269  -7899.067694   -229.570969
*  2016 11 21 11 30  0.00000000
PG01  19396.958739   9148.270354  15723.116136     41.193240
PG02 -13475.872850 -22819.901314   4174.708012    522.225592
PG03  16722.645089  -1590.087367  20560.351014    -99.322919
PG04  -9004.549426 -14329.282100 -20310.248585     18.011620
PG05  -6538.967073 -17844.291047 -18557.342069    -76.748789
PG06  -4047.496430 -22417.523072  13664.088840    275.914937
PG07  13906.141954  -6159.615541 -21634.508731    408.979583
PG08  23686.721084   5367.990699 -10761.469386    -39.716977
PG09  23691.101625  -8308.144130  -8705.537952    248.810131
PG10 -10253.228583  24396.973723   1592.788162   -114.845672
PG11  23759.333112   9595.441874   6375.006657   -672.024648
PG12 -15487.064401   -920.035677  21385.790494    389.505983
PG13 -15953.135654 -12405.385782 -17325.904883    -56.028651
PG14   1088.989787  15268.766661  21969.678668    -46.021750
PG15 -24094.522270  -4584.730666 -10789.220696   -335.032192
PG16   4402.535929  17741.946530 -19219.568488     16.416946
PG17   8753.868211 -14347.059076  20868.892568   -198.735073
PG18 -15423.292762  19400.416717  -8675.910439    577.817342
PG19   2004.346946 -14715.081760  21776.114343   -519.626020
PG20 -16563.464233   -524.087395 -20916.211586    447.047488
PG21 -11300.388870  10472.723102 -20871.307978   -530.960633
PG22  15249.839671   5365.981205  21310.558527    184.044030
PG23  26629.577142     41.294034   3209.675151   -197.400837
PG24 -20113.635231 -11262.069900  13322.498940    -26.402296
PG25 -17416.410304  12988.107899  15013.658501   -285.948654
PG26  -2340.692805  23888.311359 -11296.711464   -503.295351
PG27  12634.293968  12477.223287 -19848.054673    168.535806
PG28  13105.516599 -23076.828433    236.998473    568.624672
PG29 -25297.092100   4898.865892  -6391.594644    642.494210
PG30   6121.810002 -16909.432240 -19509.299057    157.594523
PG31   4079.236569  22709.802175  12898.641871    235.470721
PG32  -9838.909550  14771.919984  19762.412072   -207.886384
PR01 -14773.499153  19071.666771   8308.091835   -137.999543
PR02    298.145520  13545.311981  21633.334835    221.642420
PR03  14614.954424    273.777903  20944.719333     85.597337
PR04  20290.137903 -13430.371792   7684.880610    193.224934
PR05  14028.886179 -19131.215479  -9376.960658    -50.802774
PR06  -1265.009068 -13208.923286 -21807.635371    100.200342
PR07 -14753.158358    -45.126029 -20774.264531     20.308674
PR08 -20308.913318  13096.753592  -8133.480003    -26.980231
PR09  -5498.538156 -24821.805213   1650.715973     31.959879
PR10 -11340.310256 -12686.892652  18957.221022     16.500757
PR11  -9785.623377   6063.165452  22789.085434     11.438219
PR12  -1007.955479  22500.258462  12122.010478 999999.999999
PR13   7377.119293  23986.366806  -4606.846210      4.509433
PR14  11486.612884  11239.838040 -19849.238510    406.222104
PR15   9891.918386  -4144.282999 -23133.002549      7.615930
PR16   1948.316022 -21526.292928 -13644.921448     50.508141
PR17  23553.505735   9310.432471  -2840.622536     10.134049
PR18  21635.079680    578.856205  13558.638973    128.010011
PR19   6682.861567  -8798.606793  22988.386204   -168.999782
PR20 -12332.946205 -13091.117909  18071.022454   -263.468087
PR21 -23562.493973  -9321.950862   3071.276318     91.132898
PR22 -20975.247700     -9.760387 -14421.823459    218.439073
PR23  -4972.089929   9550.932909 -23132.666720     21.207415
PR24  12158.754282  12931.203043 -18347.094257   -143.504795
PR26 -14098.573579 -12875.273341  16938.991517     64.291423
PE01  -8109.311905 -27246.226424   8248.991784     78.692926
PE02   8098.380922  27250.623434  -8229.878073     -1.031070
PE08  22329.513851    683.065604  19415.645084   3042.692550
PE09 -25175.889803  15186.074849  -3468.381002   3100.431040
PE11 -22541.744185   3923.445218 -18778.831114   1540.147400
PE12 -27705.475460  -9779.370310  -3569.299260    225.369574
PE14  28685.185437  -3401.325725   3612.344354   3196.632740
PE18 -19556.644773  13000.485351 -15693.672622   3639.778760
PE19  -4538.944098 -17187.784964 -23671.773141      3.751930
PE22  17835.724029  18875.745212 -14199.000406   1857.808890
PE24 -14011.033697  11630.683082  23334.706875  -1067.456670
PE26   3379.684917 -16741.403192  24175.792682   4102.391860
PE30  15714.476308  10921.689341 -22578.099247   3357.889160
PC06 -23656.097785  31606.250932  14547.040394   -408.726874
PC07  -8959.136185  36229.802024  20064.759088    -33.753628
PC08 -14349.228574  18294.372380 -35146.021150   -696.198527
PC09 -11188.068546  30960.099797  26280.102289    -22.942225
PC10   1277.534731  41517.776631   8225.385509   -242.322665
PC11  19368.267828  12965.815904 -15228.444326    317.220846
PC12  -1702.753598  15469.161749 -23121.592189    852.085933
PC13   1663.611579  25546.183660 -33473.727883    654.989683
PC14   8367.437973  14827.381925  22136.817798    270.388184
PJ01 -22969.701277  32352.919582  -9609.107606   -229.544511
*  2016 11 21 11 45  0.00000000
PG01  20256.567641  10607.391968  13615.523438     41.194283
PG02 -12913.514775 -22535.328085   6883.429578    522.220450
PG03  15827.286018    635.912724  21307.871189    -99.324587
PG04  -6593.613023 -14393.750146 -21143.379263     18.011943
PG05  -5592.896725 -19646.288726 -16952.622548    -76.746692
PG06  -2900.295791 -21174.228614  15777.209393    275.919389
PG07  15317.517064  -4119.772310 -21201.579128    408.976890
PG08  22347.792115   5733.863928 -13153.293347    -39.718521
PG09  24557.101086  -8156.258999  -6032.675214    248.816730
PG10 -10504.976531  24307.434232  -1265.508787   -114.846790
PG11  24088.686396  10296.268319   3729.733101   -672.025317
PG12 -14399.487049  -3175.555321  21937.490976    389.505930
PG13 -13900.336530 -12530.220788 -18945.922063    -56.030301
PG14  -1362.564749  15346.560603  21885.665164    -46.023339
PG15 -22821.559146  -5074.601118 -13088.210087   -335.033700
PG16   3327.814791  19541.937024 -17578.531671     16.418641
PG17  11006.169860 -14412.927737  19688.691008   -198.733715
PG18 -15300.208616  18140.507394 -11139.411605    577.820685
PG19   4523.658399 -14743.918911  21407.565469   -519.625146
PG20 -15852.170485  -2810.813885 -21283.005574    447.048967
PG21 -12894.085019   8471.370356 -20873.343617   -530.959439
PG22  14365.336312   7597.184659  21237.039613    184.034242
PG23  26168.394021    354.799010   5945.693788   -197.401990
PG24 -20794.382522 -12501.811396  10998.497552    -26.402865
PG25 -16813.936869  11225.570666  16993.284718   -285.954772
PG26  -3004.799205  24856.884734  -8763.127953   -503.299246
PG27  10342.293218  12821.391982 -20912.531099    168.540509
PG28  13164.976483 -22807.726959  -2672.043773    568.627192
PG29 -25876.956748   4733.194288  -3572.647804    642.492545
PG30   7460.615355 -15037.657539 -20558.001154    157.595352
PG31   3005.970368  21505.139261  15119.347824    235.468926
PG32 -12021.143128  14908.592402  18403.391524   -207.901197
PR01 -15287.618812  19742.218338   5252.585771   -137.998389
PR02  -1517.997288  15381.999420  20308.518802    221.643938
PR03  12675.210131   2074.038236  22075.785179     85.598526
PR04  19389.115693 -12739.115011  10626.912603    193.225457
PR05  14639.571339 -19893.049557  -6371.953609    -50.805757
PR06    560.406316 -15075.723530 -20594.207848    100.201898
PR07 -12815.613606  -1842.851688 -21945.979306     20.307593
PR08 -19364.210622  12362.308055 -11048.022173    -26.979978
PR09  -5632.044126 -24795.165168  -1562.043050     31.961687
PR10 -11969.201172 -14820.425267  16907.016057     16.501010
PR11 -10400.778250   3306.434289  23078.376326     11.437915
PR12  -1277.206447  20863.202727  14726.289708 999999.999999
PR13   7638.721368  24302.181163  -1408.612605      4.509880
PR14  12140.384781  13480.937182 -17981.666358    406.227923
PR15  10547.833795  -1356.694201 -23166.641630      7.615237
PR16   2270.089122 -19721.267483 -16096.067864     50.508798
PR17  23074.863158   9000.548639  -6003.970930     10.135439
PR18  23119.399248    854.638784  10819.871135    128.011419
PR19   9365.719465  -7997.191880  22334.899391   -169.000516
PR20 -10126.880757 -12282.387496  19919.343901   -263.469560
PR21 -23061.795873  -8991.321440   6228.862739     91.134090
PR22 -22571.058643   -330.580739 -11752.766545    218.439639
PR23  -7690.410551   8771.990205 -22693.268554     21.207783
PR24   9915.326016  12156.126756 -20140.832962   -143.505444
PR26 -12008.067451 -12133.909768  18973.765745     64.291446
PE01  -8341.545470 -27845.667049   5580.953441     78.684224
PE02   8330.578278  27850.242948  -5561.342035     -1.030981
PE08  20874.335918   1778.709093  20908.337199   3043.051240
PE09 -24806.719977  14955.509946  -6116.202376   3100.796350
PE11 -24054.063633   3360.851272 -16918.768219   1540.160740
PE12 -27920.473443  -9782.672975   -853.747183    225.445479
PE14  29390.529184  -3351.853309   1211.851904   3196.942750
PE18 -20652.151581  12565.629224 -13522.146057   3640.127330
PE19  -2874.290696 -18476.145034 -22951.463702      3.752308
PE22  16584.580327  18295.624896 -16319.130174   1858.019690
PE24 -14246.190795   9494.500920  24146.189210  -1067.516920
PE26   5402.168184 -15891.632242  24379.920363   4102.765690
PE30  16040.648603  12881.151678 -21278.236284   3358.248050
PC06 -23335.734439  32693.840612  12478.148852   -408.758917
PC07  -8215.478174  35388.267334  21804.012619    -33.760436
PC08 -15620.600175  18093.800950 -34713.622033   -696.218755
PC09 -11407.446972  32091.037941  24768.343043    -22.984538
PC10   2284.862649  40997.172821  10355.120771   -242.339981
PC11  17691.938353  12846.370957 -17239.441496    317.214195
PC12  -4071.504141  15248.248386 -22981.856784    852.110781
PC13    657.851491  24910.894533 -33993.484469    655.016361
PC14   7051.278820  16628.342402  21292.844450    270.398022
PJ01 -22322.128895  32028.483877 -11273.544585   -229.518002
*  2016 11 21 12  0  0.00000000
PG01  21032.128184  11822.995467  11274.971345     41.195187
PG02 -12141.817030 -22060.291954   9477.747093    522.215341
PG03  15026.438371   2965.161901  21688.353690    -99.326266
PG04  -4112.686071 -14589.544374 -21606.638238     18.013334
PG05  -4802.011087 -21307.883920 -15055.687688    -76.744349
PG06  -1545.027307 -19821.849764  17618.955875    275.923839
PG07  16787.703554  -2215.373072 -20400.450621    408.974000
PG08  20775.619427   6216.900563 -15318.681340    -39.719163
PG09  25126.722168  -7993.422393  -3256.099270    248.823357
PG10 -10650.735126  23927.353452  -4101.901026   -114.847869
PG11  24183.284187  10834.136843   1019.490446   -672.026261
PG12 -13424.826215  -5524.787787  22106.252377    389.505921
PG13 -11693.996076 -12774.707110 -20242.486611    -56.031678
PG14  -3778.418481  15551.901135  21433.623578    -46.025038
PG15 -21335.834446  -5682.427185 -15167.758656   -335.034646
PG16   2437.991177  21215.903066 -15632.770627     16.420031
PG17  13104.953494 -14584.183143  18177.505089   -198.733199
PG18 -15151.795448  16615.783673 -13403.528900    577.823336
PG19   6970.582793 -14903.478564  20663.263769   -519.624417
PG20 -15243.760571  -5148.624666 -21288.738404    447.050945
PG21 -14562.161030   6564.473788 -20490.629282   -530.958925
PG22  13594.287979   9841.621900  20805.447623    184.024737
PG23  25428.763773    742.833319   8582.521759   -197.402786
PG24 -21356.552023 -13500.151402   8486.879707    -26.402708
PG25 -16235.681416   9237.002764  18675.482666   -285.960921
PG26  -3518.683418  25579.881421  -6078.159717   -503.303112
PG27   7972.423075  13307.734901 -21619.622400    168.545180
PG28  13106.852669 -22239.787916  -5534.557124    568.629686
PG29 -26143.738366   4561.850986   -692.122560    642.490669
PG30   8949.350503 -13156.774353 -21252.195178    157.596204
PG31   1726.488091  20172.836186  17076.903345    235.466997
PG32 -14024.605594  15127.649713  16727.695849   -207.915996
PR01 -15498.759958  20161.687894   2095.128370   -137.997997
PR02  -3070.495595  17207.602539  18589.905328    221.645248
PR03  10795.531423   4094.066436  22779.743624     85.599390
PR04  18306.892046 -11724.810225  13362.741378    193.226767
PR05  14944.174682 -20413.654077  -3243.158066    -50.808394
PR06   2132.261971 -16938.202587 -18981.778944    100.203375
PR07 -10934.152991  -3863.553408 -22690.121584     20.305571
PR08 -18243.268782  11304.388255 -13747.545477    -26.980368
PR09  -5650.819220 -24380.966130  -4744.332901     31.963363
PR10 -12675.621389 -16640.451884  14526.980824     16.501305
PR11 -11218.384494    593.961236  22920.582593     11.436905
PR12  -1759.800679  18962.428564  17046.542040 999999.999999
PR13   7800.191239  24222.292864   1816.967402      4.508602
PR14  12886.448796  15426.944001 -15766.281950    406.232907
PR15  11404.853499   1352.047044 -22749.494858      7.614898
PR16   2810.756002 -17676.414631 -18236.355135     50.510261
PR17  22201.554234   8642.695315  -9050.370614     10.137111
PR18  24279.164158    943.758312   7871.708620    128.012811
PR19  11997.041509  -7423.892129  21247.524316   -169.001074
PR20  -7668.830209 -11593.929594  21380.383071   -263.471050
PR21 -22166.203763  -8616.574366   9265.670717     91.135469
PR22 -23851.345955   -457.317467  -8853.841794    218.440657
PR23 -10380.166542   8215.815759 -21813.587842     21.207781
PR24   7428.699181  11508.412879 -21544.373300   -143.505542
PR26  -9645.842884 -11501.842009  20640.676961     64.291782
PE01  -8567.692827 -28188.036078   2843.488487     78.675522
PE02   8556.767753  28192.665984  -2823.604924     -1.030854
PE08  19404.749586   3052.082884  22140.946869   3043.409930
PE09 -24277.740480  14544.134898  -8687.980280   3101.161670
PE11 -25433.642336   2960.939669 -14848.263913   1540.174030
PE12 -27902.174482  -9693.288588   1872.429477    225.521393
PE14  29859.708868  -3352.066521  -1203.958618   3197.252780
PE18 -21579.732806  12127.079222 -11145.668234   3640.476000
PE19  -1359.433907 -19823.052236 -21945.833225      3.752695
PE22  15123.941911  17744.636602 -18236.261734   1858.230600
PE24 -14648.414698   7322.861038  24657.372777  -1067.577110
PE26   7483.121361 -15182.082625  24280.827518   4103.139510
PE30  16483.425343  14685.089226 -19713.661515   3358.607010
PC06 -22875.110364  33729.063516  10355.131011   -408.790777
PC07  -7588.726611  34458.885038  23450.740397    -33.767299
PC08 -16907.219166  18061.267070 -34131.582622   -696.239280
PC09 -11476.772876  33240.443277  23149.538930    -23.026591
PC10   3215.661699  40351.459600  12440.837495   -242.357238
PC11  15817.731478  12823.397397 -18992.870347    317.207652
PC12  -6416.418111  15175.572929 -22500.131638    852.135916
PC13   -422.414888  24412.602288 -34366.720007    655.043057
PC14   5896.777422  18416.606100  20133.435443    270.407707
PJ01 -21712.395304  31605.244449 -12883.731503   -229.491578
*  2016 11 21 12 15  0.00000000
PG01  21682.358874  12793.679757   8741.915151     41.196271
PG02 -11148.424830 -21430.454243  11915.155121    522.210519
PG03  14341.175139   5353.706375  21695.278570    -99.327949
PG04  -1611.821204 -14919.398172 -21691.051191     18.015967
PG05  -4155.187225 -22787.171481 -12898.736353    -76.742368
PG06     12.212552 -18404.850567  19157.687279    275.928281
PG07  18278.783220   -476.723147 -19246.385271    408.971048
PG08  19007.110058   6839.006656 -17220.159812    -39.720045
PG09  25396.372945  -7782.505350   -423.531018    248.829973
PG10 -10727.221204  23250.145631  -6867.292370   -114.848960
PG11  24024.921023  11235.267318  -1708.434468   -672.027205
PG12 -12585.523346  -7920.622027  21889.749908    389.506192
PG13  -9379.236023 -13153.184008 -21193.856483    -56.033498
PG14  -6112.119802  15874.017840  20620.537125    -46.026560
PG15 -19672.371243  -6426.225669 -16992.844884   -335.035752
PG16   1724.897046  22717.010215 -13415.124852     16.421309
PG17  15010.988514 -14835.063608  16359.676031   -198.732481
PG18 -15012.531108  14844.687228 -15426.741670    577.826043
PG19   9296.783476 -15179.811051  19557.459716   -519.623684
PG20 -14749.741546  -7493.574402 -20933.261843    447.052517
PG21 -16267.090926   4786.669517 -19731.293885   -530.958232
PG22  12944.976580  12055.401973  20022.643535    184.015070
PG23  24432.167972   1235.785780  11076.333899   -197.403888
PG24 -21762.139387 -14262.757610   5830.701124    -26.402745
PG25 -15717.039071   7054.279978  20030.963309   -285.967068
PG26  -3909.742541  26029.920773  -3288.180409   -503.306961
PG27   5573.583125  13936.749894 -21956.767961    168.549898
PG28  12969.975720 -21364.550454  -8300.022853    568.632167
PG29 -26097.283025   4345.890904   2200.332999    642.488827
PG30  10567.234215 -11309.715445 -21580.246099    157.597025
PG31    243.886436  18758.376916  18738.159934    235.464878
PG32 -15814.391421  15400.397688  14764.082943   -207.930807
PR01 -15439.643950  20286.080555  -1102.992421   -137.997264
PR02  -4341.488512  18958.505425  16510.610069    221.646815
PR03   9030.344028   6291.934606  23042.903722     85.600331
PR04  17102.637052 -10382.894228  15839.307106    193.228006
PR05  14972.762959 -20646.794433    -51.344122    -50.811701
PR06   3431.516502 -18733.678144 -17001.607916    100.205475
PR07  -9163.989505  -6065.517002 -22992.267959     20.304098
PR08 -17005.654123   9919.688391 -16179.369028    -26.980167
PR09  -5505.227318 -23603.769092  -7834.070637     31.965135
PR10 -13405.238987 -18112.503952  11863.435464     16.501145
PR11 -12215.857819  -2008.184728  22318.594189     11.436325
PR12  -2479.327438  16855.650894  19037.650817 999999.999999
PR13   7808.217826  23764.505936   5007.262252      4.509263
PR14  13672.363038  17039.949158 -13246.032374    406.237909
PR15  12435.097794   3916.194833 -21889.314868      7.614902
PR16   3589.699810 -15452.354842 -20024.271672     50.511600
PR17  20944.293623   8293.495344 -11920.491435     10.138813
PR18  25075.246178    890.104797   4771.209300    128.014609
PR19  14507.136840  -7076.026374  19747.351555   -169.002313
PR20  -5014.572055 -11065.735499  22425.905078   -263.472713
PR21 -20887.153379  -8254.516109  12122.801573     91.137261
PR22 -24773.574369   -432.300416  -5781.658788    218.442171
PR23 -12971.387157   7882.465123 -20510.684043     21.207991
PR24   4755.679147  11026.110121 -22530.590683   -143.505686
PR26  -7064.693388 -11020.850212  21907.374923     64.294494
PE01  -8752.129620 -28273.649083     70.648046     78.666845
PE02   8741.330547  28278.260590    -50.736150     -1.030750
PE08  17955.399726   4492.429559  23098.157472   3043.768660
PE09 -23618.051560  13936.200180 -11151.736431   3101.526990
PE11 -26648.899100   2707.441888 -12593.057078   1540.187340
PE12 -27640.660031  -9543.267455   4575.309191    225.597346
PE14  30101.220891  -3373.412037  -3605.693317   3197.562820
PE18 -22311.384732  11654.273243  -8589.864265   3640.824710
PE19    -12.311059 -21196.676360 -20667.388085      3.753079
PE22  13471.601300  17253.673184 -19926.582430   1858.441520
PE24 -15216.504996   5155.344921  24861.928821  -1067.637310
PE26   9586.421422 -14623.827971  23879.716677   4103.513350
PE30  17016.884522  16305.168570 -17903.829896   3358.965900
PC06 -22282.226351  34693.850917   8187.157813   -408.822799
PC07  -7089.332587  33457.615502  24997.930622    -33.774221
PC08 -18186.989324  18197.362243 -33402.486080   -696.259548
PC09 -11394.889478  34388.388146  21430.610085    -23.068831
PC10   4054.267750  39591.710905  14473.676057   -242.374673
PC11  13779.949996  12920.953717 -20462.618360    317.201018
PC12  -8693.582181  15246.088853 -21683.884507    852.161065
PC13  -1558.608401  24059.942573 -34591.911242    655.069753
PC14   4911.687466  20151.417100  18675.582449    270.417366
PJ01 -21152.112257  31087.071767 -14431.076849   -229.465167
*  2016 11 21 12 30  0.00000000
PG01  22167.954632  13526.522121   6059.898283     41.197337
PG02  -9928.333185 -20684.209759  14155.950860    522.205350
PG03  13785.095295   7754.554132  21328.562899    -99.329634
PG04    858.641903 -15377.730971 -21394.382855     18.017645
PG05  -3634.251132 -24046.457272 -10518.605009    -76.740398
PG06   1756.914891 -16967.164913  20366.976529    275.932753
PG07  19749.298117   1073.487676 -17760.641557    408.967987
PG08  17084.182451   7615.095237 -18824.755465    -39.721421
PG09  25371.163070  -7487.100769   2416.319739    248.836714
PG10 -10772.359761  22278.045647  -9513.824027   -114.850057
PG11  23602.381135  11529.701846  -4407.062436   -672.027762
PG12 -11895.853989 -10313.083168  21292.450239    389.506003
PG13  -7003.818435 -13672.150616 -21784.161942    -56.035095
PG14  -8319.982482  16294.633532  19459.377994    -46.028002
PG15 -17870.236124  -7317.384906 -18532.554782   -335.036502
PG16   1172.234368  24002.183028 -10963.438904     16.422506
PG17  16690.918223 -15133.919642  14264.814956   -198.731499
PG18 -14914.031840  12853.824346 -17171.743951    577.829129
PG19  11458.164149 -15551.443249  18110.710757   -519.622382
PG20 -14374.256908  -9800.555813 -20222.469371    447.054792
PG21 -17967.271004   3165.482538 -18610.750732   -530.956987
PG22  12418.311450  14194.258596  18901.328822    184.005366
PG23  23206.711604   1859.493624  13385.692762   -197.405166
PG24 -21976.353933 -14803.089945   3075.333046    -26.403291
PG25 -15288.044922   4716.144625  21036.276916   -285.973190
PG26  -4210.080292  26187.110873   -441.390617   -503.310896
PG27   3194.659204  14700.627409 -21917.674674    168.554613
PG28  12794.781021 -20183.111814 -10918.898352    568.634898
PG29 -25746.553295   4047.528511   5054.865791    642.487340
PG30  12286.463683  -9535.726190 -21536.848130    157.597808
PG31  -1430.253258  17307.245891  20075.346018    235.463182
PG32 -17362.430751  15693.307072  12546.283532   -207.945624
PR01 -15152.246962  20080.774210  -4279.708028   -137.997324
PR02  -5325.729866  20570.653816  14110.781759    221.648808
PR03   7426.219671   8616.373076  22860.064664     85.601283
PR04  15837.112639  -8721.632927  18008.584828    193.229675
PR05  14765.078873 -20555.184376   3141.465782    -50.814512
PR06   4451.528003 -20398.775727 -14692.057356    100.205286
PR07  -7552.534201  -8397.547275 -22846.629199     20.302652
PR08 -15712.332725   8217.825374 -18295.986984    -26.980571
PR09  -5152.141777 -22499.807668 -10770.970141     31.966990
PR10 -14099.687605 -19214.831209   8968.293504     16.500600
PR11 -13359.536877  -4439.256701  21283.892180     11.435731
PR12  -3447.836058  14606.071150  20660.718597 999999.999999
PR13   7614.967138  22958.997746   8100.307244      4.508697
PR14  14440.891975  18294.259874 -10469.709267    406.243125
PR15  13599.818718   6276.498176 -20602.519767      7.614555
PR16   4614.436307 -13114.183099 -21425.036425     50.512372
PR17  19326.940498   8007.176809 -14558.456879     10.140482
PR18  25480.167708    744.097087   1578.371352    128.016308
PR19  16829.308578  -6938.535067  17863.494596   -169.003658
PR20  -2227.399288 -10727.532595  23035.772274   -263.474256
PR21 -19249.168460  -7959.395073  14744.825956     91.138568
PR22 -25306.769978   -305.011601  -2596.294824    218.442887
PR23 -15396.391946   7759.572601 -18809.817174     21.208378
PR24   1960.177745  10736.820302 -23080.425834   -143.506445
PR26  -4325.573304 -10722.948739  22749.248165     64.296837
PE01  -8860.055313 -28109.545550  -2703.069722     78.658126
PE02   8849.478993  28114.119586   2722.763461     -1.030636
PE08  16558.969674   6083.207960  23768.078987   3044.127390
PE09 -22859.519709  13121.564049 -13476.833630   3101.892260
PE11 -27672.063414   2578.996154 -10181.188849   1540.200540
PE12 -27132.301444  -9366.045588   7221.262584    225.673281
PE14  30127.240386  -3388.303823  -5966.606565   3197.872820
PE18 -22822.393476  11113.569046  -5887.249735   3641.173410
PE19   1154.835417 -22562.984458 -19132.023352      3.753435
PE22  11650.758202  16850.442150 -21369.107418   1858.652510
PE24 -15942.748458   3030.909199  24757.340693  -1067.697520
PE26  11674.700605 -14221.880005  23181.546796   4103.887210
PE30  17610.980957  17718.232202 -15871.249813   3359.324810
PC06 -21567.391015  35571.337602   5983.612413   -408.854503
PC07  -6725.576185  32401.638683  26438.983995    -33.781113
PC08 -19437.932850  18499.781233 -32529.546636   -696.280209
PC09 -11163.262209  35514.960271  19618.922327    -23.110891
PC10   4786.594590  38730.939813  16445.000386   -242.392294
PC11  11617.404305  13157.027921 -21626.853188    317.195097
PC12 -10860.998022  15447.592705 -20545.546147    852.186042
PC13  -2731.185025  23859.043128 -34668.174266    655.096318
PC14   4096.636581  21791.993459  16940.719347    270.427245
PJ01 -20652.353787  30479.488544 -15907.109241   -229.438622
*  2016 11 21 12 45  0.00000000
PG01  22453.139860  14036.587073   3274.807020     41.198404
PG02  -8484.198309 -19861.211880  16163.771045    522.200115
PG03  13363.855051  10119.297053  20594.559694    -99.331309
PG04   3249.869158 -15950.804321 -20721.231580     18.020744
PG05  -3214.846745 -25053.656311  -7956.154486    -76.738222
PG06   3666.523773 -15550.547069  21226.060773    275.937235
PG07  21155.812958   2420.810795 -15970.014300    408.964985
PG08  15052.262530   8552.329840 -20104.579547    -39.722826
PG09  25064.644148  -7073.122090   5214.591170    248.843339
PG10 -10823.629380  21022.124451 -11995.717577   -114.851193
PG11  22911.860103  11749.905619  -7030.523669   -672.029022
PG12 -11361.478634 -12651.113426  20325.482742    389.506051
PG13  -4616.497101 -14329.944077 -22003.644277    -56.036726
PG14 -10362.548992  16788.645467  17968.951906    -46.029742
PG15 -15971.187537  -8360.057831 -19760.579888   -335.037703
PG16    756.359518  25033.757501  -8319.936412     16.424145
PG17  18118.396344 -15444.458927  11927.406270   -198.731201
PG18 -14883.610791  10677.118825 -18606.267722    577.831850
PG19  13416.369076 -15990.323407  16349.421412   -519.621939
PG20 -14113.986628 -12024.818478 -19168.209958    447.056011
PG21 -19618.679844   1720.424974 -17151.251850   -530.956425
PG22  12007.873588  16215.047273  17459.878271    183.995539
PG23  21786.116604   2634.108339  15472.164529   -197.405928
PG24 -21969.016778 -15141.687695    267.704220    -26.404232
PG25 -14972.153825   2266.868749  21674.224041   -285.979346
PG26  -4455.055566  26039.832723   2413.025218   -503.314743
PG27    882.831696  15583.456169 -21502.458131    168.559308
PG28  12621.552010 -18706.368779 -13343.596202    568.637193
PG29 -25109.249696   3631.800241   7822.282061    642.485889
PG30  14073.152231  -7868.994029 -21123.092492    157.598647
PG31  -3276.170738  15863.202723  21066.485627    235.461253
PG32 -18648.401589  15969.406929  10112.425390   -207.960467
PR01 -14685.825818  19522.128472  -7373.372766   -137.996942
PR02  -6030.561902  21982.187840  11436.841943    221.650901
PR03   6020.078665  11008.681995  22234.623321     85.602402
PR04  14570.072509  -6762.033838  19828.510727    193.231395
PR05  14368.653957 -20112.204727   6273.205372    -50.817218
PR06   5198.071765 -21872.012019 -12097.856825    100.206006
PR07  -6137.552470 -10800.900068 -22256.156114     20.300878
PR08 -14423.054434   6221.210853 -20056.011725    -26.980651
PR09  -4557.035144 -21115.441094 -13497.735699     31.968708
PR10 -14699.180763 -19939.109274   5898.039806     16.500879
PR11 -14606.036563  -6646.111021  19836.342765     11.435125
PR12  -4665.075888  12279.892224  21883.838191 999999.999999
PR13   7180.347985  21846.997044  11036.009647      4.507920
PR14  15132.525049  19177.238244  -7491.013813    406.247303
PR15  14850.990086   8382.442071 -18913.897911      7.613923
PR16   5880.068076 -10728.914020 -22411.277120     50.513416
PR17  17385.648373   7833.075228 -16912.939882     10.142227
PR18  25479.218106    560.318441  -1645.016070    128.017757
PR19  18902.441126  -6984.771577  15632.527662   -169.004439
PR20    624.276968 -10597.505660  23198.321071   -263.475688
PR21 -17288.994644  -7780.418363  17080.855863     91.139471
PR22 -25432.799769   -129.727230    639.904683    218.443927
PR23 -17592.400665   7823.011280 -16743.962044     21.208296
PR24   -889.194662  10656.507864 -23183.246464   -143.506680
PR26  -1495.307637 -10628.980098  23149.901362     64.298873
PE01  -8858.645336 -27709.248823  -5443.149704     78.649414
PE02   8848.407796  27713.816609   5462.391884     -1.030540
PE08  15245.184700   7802.551434  24142.394848   3044.486100
PE09 -22035.756174  12096.071809 -15634.356689   3102.257570
PE11 -28480.024496   2549.877886  -7642.654281   1540.213830
PE12 -26379.898220  -9195.336055   9777.371654    225.749244
PE14  29953.121722  -3370.801352  -8262.389487   3198.182830
PE18 -23092.717507  10469.587215  -3077.834612   3641.522120
PE19   2135.777940 -23886.787258 -17358.825682      3.753851
PE22   9689.351722  16558.572935 -22545.938508   1858.863280
PE24 -16813.140286    986.727303  24344.933735  -1067.757740
PE26  13710.456391 -13975.056774  22194.973172   4104.261040
PE30  18232.515683  18906.966282 -13641.203433   3359.683710
PC06 -20743.044328  36346.156105   3754.049011   -408.886335
PC07  -6503.425811  31309.061767  27767.741015    -33.788220
PC08 -20638.568192  18963.363406 -31516.594464   -696.300700
PC09 -10785.955631  36600.607232  17722.256112    -23.153014
PC10   5400.372773  37783.876532  18346.433197   -242.409756
PC11   9372.142909  13542.838224 -22468.347347    317.188874
PC12 -12879.932559  15761.196305 -19102.307434    852.210963
PC13  -3919.972693  23813.419935 -34595.266834    655.123001
PC14   3445.202774  23298.892780  14954.416548    270.437020
PJ01 -20223.432962  29789.611022 -17303.546167   -229.412162
*  2016 11 21 13  0  0.00000000
PG01  22507.090534  14346.142204    434.099342     41.199460
PG02  -6826.380597 -19000.880166  17906.075525    522.195034
PG03  13075.019230  12399.791411  19505.946022    -99.332993
PG04   5516.272873 -16617.223860 -19682.987284     18.021866
PG05  -2867.558497 -25783.492002  -5255.574534    -76.736092
PG06   5711.115090 -14193.019818  21720.194580    275.941730
PG07  22454.546292   3559.335512 -13906.292372    408.961740
PG08  12958.650947   9649.675033 -21037.326196    -39.723825
PG09  24498.236073  -6510.317747   7923.110770    248.849962
PG10 -10916.432979  19501.969734 -14270.079467   -114.852299
PG11  21957.107096  11929.312864  -9534.799676   -672.029942
PG12 -10979.348358 -14884.390212  19006.389123    389.506115
PG13  -2265.341997 -15116.738198 -21848.796534    -56.038551
PG14 -12205.909805  17325.077905  16173.653378    -46.031444
PG15 -14018.230883  -9550.824317 -20655.655792   -335.038680
PG16    447.374501  25780.946585  -5530.493819     16.425276
PG17  19274.981827 -15727.193981   9386.321511   -198.730504
PG18 -14943.019847   8354.647803 -19703.802459    577.834590
PG19  15140.041979 -16463.027453  14305.285601   -519.621243
PG20 -13958.339094 -14123.481440 -17788.110261    447.058045
PG21 -21176.631205    462.468247 -15381.280441   -530.956086
PG22  11700.244127  18077.216036  15722.085748    183.985539
PG23  20208.527290   3573.169998  17300.894135   -197.406943
PG24 -21715.791412 -15305.199369  -2544.474252    -26.404222
PG25 -14785.300299   -245.297133  21934.143225   -285.985520
PG26  -4681.705217  25585.214882   5225.759413   -503.318600
PG27  -1318.054482  16561.752946 -20717.678485    168.563985
PG28  12488.635418 -16954.869545 -15529.474023    568.639950
PG29 -24211.106055   3068.118710  10454.899790    642.484066
PG30  15888.508401  -6337.486884 -20346.425117    157.599476
PG31  -5266.550503  14466.656203  21695.703015    235.458938
PG32 -19660.349919  16189.823931   7504.380059   -207.975303
PR01 -14094.651668  18598.648646 -10323.958504   -137.996730
PR02  -6475.358321  23136.008321   8540.598797    221.652691
PR03   4837.807838  13404.965212  21178.520347     85.602498
PR04  13357.724589  -4537.229650  21263.792698    193.233421
PR05  13836.604179 -19303.190688   9282.975813    -50.820490
PR06   5688.836789 -23096.319395  -9269.244792    100.207045
PR07  -4945.744599 -13211.542288 -21232.472969     20.299200
PR08 -13193.804005   3964.385586 -21424.998086    -26.981234
PR09  -3695.705255 -19505.197469 -15961.195237     31.970860
PR10 -15145.204639 -20290.589516   2712.613318     16.501006
PR11 -15904.029136  -8585.172354  18003.830361     11.434236
PR12  -6118.254083   9943.714676  22682.739988 999999.999999
PR13   6473.957581  20479.016744  13757.318387      4.508003
PR14  15688.104482  19689.608426  -4367.530677    406.252400
PR15  16133.314039  10194.124335 -16856.143915      7.613584
PR16   7369.264189  -8362.857676 -22963.573090     50.514540
PR17  15167.512175   7813.355772 -18938.166522     10.143779
PR18  25071.058443    394.976521  -4836.557135    128.019144
PR19  20673.367146  -7177.794801  13097.777893   -169.005072
PR20   3469.533031 -10681.522964  22910.573627   -263.476962
PR21 -15054.237589  -7759.490566  19085.529772     91.140618
PR22 -25147.122735     37.050174   3863.575832    218.444629
PR23 -19503.950620   8038.060903 -14353.173838     21.208076
PR24  -3721.729425  10788.813390 -22837.049437   -143.507555
PR26   1355.939808 -10747.693812  23101.476112     64.305161
PE01  -8718.142436 -27092.325395  -8115.490446     78.640693
PE02   8708.383622  27096.961871   8134.075812     -1.030426
PE08  14039.911056   9623.894019  24216.464409   3044.844780
PE09 -21181.043597  10861.748667 -17597.471961   3102.622860
PE11 -29055.037370   2590.868009  -5009.029306   1540.227030
PE12 -25392.617395  -9064.012995  12211.839941    225.825193
PE14  29596.903995  -3297.162914 -10470.943287   3198.492820
PE18 -23108.500196   9686.995907   -209.394096   3641.870810
PE19   2930.434803 -25132.824731 -15369.836677      3.754266
PE22   7619.245689  16396.855074 -23442.484347   1859.074230
PE24 -17807.805033   -942.911898  23629.857613  -1067.817970
PE26  15657.167344 -13876.047623  20932.241374   4104.634910
PE30  18846.207001  19860.386720 -11241.432309   3360.042620
PC06 -19823.543741  37004.705392   1508.150609   -408.918091
PC07  -6426.436613  30198.610920  28978.507660    -33.795026
PC08 -21768.278979  19580.183098 -30368.057971   -696.321127
PC09 -10269.565250  37626.475233  15748.773431    -23.194984
PC10   5885.357610  36766.717295  20169.890225   -242.427265
PC11   7088.073601  14082.381010 -22974.730351    317.182699
PC12 -14716.151945  16162.038621 -17375.847162    852.236169
PC13  -5104.518562  23923.918393 -34373.587924    655.149698
PC14   2944.241634  24635.339892  12746.012370    270.446778
PJ01 -19874.686311  29026.057153 -18612.366210   -229.385671
*  2016 11 21 13 15  0.00000000
PG01  22305.173719  14483.613675  -2413.980086     41.200521
PG02  -4972.721232 -18140.939240  19354.577721    522.190081
PG03  12908.238045  14549.832598  18081.502313    -99.334770
PG04   7617.128213 -17348.769359 -18297.650621     18.024191
PG05  -2559.244468 -26218.446927  -2463.617483    -76.734230
PG06   7854.363440 -12927.479604  21840.900350    275.946259
PG07  23603.006890   4491.653436 -11605.648631    408.958923
PG08  10850.824240  10897.773349 -21606.675108    -39.724849
PG09  23700.361316  -5773.641827  10495.226510    248.856575
PG10 -11082.558943  17745.044367 -16297.651908   -114.853380
PG11  20749.291898  12100.875231 -11878.396980   -672.030685
PG12 -10737.964675 -16965.109429  17358.759838    389.506154
PG13      3.901810 -16014.861524 -21322.405683    -56.040416
PG14 -13822.829559  17868.275126  14103.130787    -46.033000
PG15 -12054.130484 -10878.637551 -21201.934805   -335.039853
PG16    210.484146  26221.055366  -2643.825933     16.426483
PG17  20150.753704 -15941.043084   6684.244718   -198.729549
PG18 -15107.436005   5931.208989 -20444.185580    577.837866
PG19  16605.799334 -16932.172969  12014.647867   -519.620484
PG20 -13889.928680 -16056.984826 -16105.306561    447.059892
PG21 -22597.535329   -606.097193 -13334.810790   -530.955019
PG22  11475.607638  19744.196685  13716.823204    183.975814
PG23  18515.168379   4682.922002  18841.135092   -197.408222
PG24 -21199.201982 -15325.193259  -5313.489934    -26.405554
PG25 -14735.275294  -2769.826243  21812.071262   -285.991716
PG26  -4927.103863  24829.279851   7948.243198   -503.322423
PG27  -3368.996212  17605.299192 -19576.267820    168.568663
PG28  12430.706800 -14958.266077 -17435.806768    568.642646
PG29 -23084.886500   2331.657465  12907.374016    642.482727
PG30  17690.210402  -4962.043458 -19220.496592    157.600319
PG31  -7367.434160  13153.198576  21953.413395    235.457336
PG32 -20394.993903  16315.407640   4767.043088   -207.990203
PR01 -13435.547584  17311.655292 -13074.217217   -137.996362
PR02  -6690.459331  23982.168686   5478.250916    221.654240
PR03   3893.350762  15738.596012  19712.024966     85.603183
PR04  12250.362040  -2091.357595  22286.590151    193.235141
PR05  13225.202035 -18126.232154  12112.235475    -50.823502
PR06   5952.423081 -24021.406959  -6261.004541    100.207904
PR07  -3991.808941 -15562.645267 -19795.640407     20.297329
PR08 -12074.428071   1492.841881 -22376.131216    -26.981280
PR09  -2555.562691 -17729.491036 -18113.349497     31.972793
PR10 -15383.172974 -20287.684999   -525.782011     16.501255
PR11 -17196.380377 -10224.001437  15821.735215     11.433739
PR12  -7782.326357   7661.920205  23041.301197 999999.999999
PR13   5476.623762  18912.715699  16211.335187      4.507834
PR14  16051.453188  19845.221362  -1159.629492    406.257071
PR15  17386.560532  11683.688087 -14469.233292      7.613746
PR16   9052.769330  -6079.033143 -23070.851579     50.515499
PR17  12728.769703   7981.052811 -20594.807607     10.145462
PR18  24267.789267    303.294332  -7934.446559    128.020349
PR19  22098.915720  -7472.108257  10308.485232   -169.006112
PR20   6237.638576 -10972.898355  22178.281596   -263.479149
PR21 -12601.561120  -7929.270066  20719.892034     91.142156
PR22 -24458.979371    139.257036   7011.608322    218.445224
PR23 -21085.021560   8361.034348 -11683.816670     21.208199
PR24  -6467.306089  11124.899449 -22048.499962   -143.507801
PR26   4157.336340 -11075.349195  22604.808915     64.309592
PE01  -8412.852812 -26283.757350 -10686.829785     78.632060
PE02   8403.738768  26288.571663  10704.594811     -1.030274
PE08  12964.378680  11516.745058  23989.379810   3045.203530
PE09 -20329.244451   9426.800012 -19341.760981   3102.988160
PE11 -29385.263765   2670.231842  -2313.077671   1540.240250
PE12 -24185.735989  -9003.023441  14494.388446    225.901157
PE14  29078.821448  -3146.290056 -12572.154087   3198.802840
PE18 -22863.624092   8732.721126   2662.793918   3642.219450
PE19   3544.808271 -26266.856895 -13189.779595      3.754675
PE22   5475.292617  16378.631047 -24047.639356   1859.285130
PE24 -18901.603968  -2727.614183  22621.021415  -1067.878180
PE26  17480.379999 -13911.672919  19409.036435   4105.008730
PE30  19415.829516  20574.128382  -8701.792104   3360.401480
PC06 -18824.916530  37535.389241   -744.314065   -408.950089
PC07  -6495.689712  29089.312363  30066.079370    -33.802031
PC08 -22807.667733  20339.687409 -29088.943593   -696.341412
PC09  -9623.105321  38574.736241  13706.982788    -23.237165
PC10   6233.502808  35696.848417  21907.613317   -242.444537
PC11   4809.524471  14772.241728 -23138.664802    317.176036
PC12 -16340.996977  16620.211107 -15391.995486    852.261125
PC13  -6264.440737  24188.700430 -34004.174555    655.176384
PC14   2574.453395  25768.470079  10348.186245    270.456535
PJ01 -19614.271029  28198.822097 -19825.883734   -229.359182
*  2016 11 21 13 30  0.00000000
PG01  21829.960220  14482.322793  -5221.187426     41.201582
PG02  -2948.061984 -17316.035684  20485.622237    522.185119
PG03  12845.741917  16526.760200  16345.786791    -99.336446
PG04   9517.997248 -18111.520194 -16589.515099     18.026709
PG05  -2254.527851 -26349.424975    371.225497    -76.731599
PG06  10054.760514 -11780.511897  21586.111967    275.950782
PG07  24561.573724   5228.499864  -9107.976321    408.956234
PG08   8774.735524  12279.155246 -21802.590413    -39.726173
PG09  22705.320482  -4844.426793  12886.613268    248.863180
PG10 -11348.793880  15785.747989 -18043.496409   -114.854461
PG11  19306.610726  12295.666439 -14022.947774   -672.031626
PG12 -10617.978635 -18849.664771  15411.767775    389.506129
PG13   2149.361180 -16999.422250 -20433.496711    -56.042045
PG14 -15193.636543  18379.294662  11791.861367    -46.034417
PG15 -10119.930605 -12325.059940 -21389.286258   -335.040948
PG16      7.565755  26340.391663    289.401236     16.428108
PG17  20744.616500 -16045.027179   3867.012433   -198.729094
PG18 -15384.742058   3454.682487 -20814.042961    577.840813
PG19  17798.886828 -17357.980405   9517.800625   -519.619985
PG20 -13885.322383 -17790.427412 -14148.088650    447.061692
PG21 -23840.587760  -1491.421992 -11050.468488   -530.954301
PG22  11308.610916  21184.665125  11477.614241    183.966260
PG23  16748.900826   5961.890779  20066.729393   -197.409218
PG24 -20409.402480 -15236.794204  -7992.405079    -26.405121
PG25 -14821.442881  -5255.699635  21310.775097   -285.997926
PG26  -5226.726003  23786.756584  10533.494550   -503.326229
PG27  -5237.156691  18678.255225 -18097.347519    168.573358
PG28  12477.166943 -12754.376017 -19026.710228    568.645072
PG29 -21769.123286   1404.511627  15137.480422    642.481042
PG30  19433.922853  -3755.748292 -17764.908370    157.601171
PG31  -9539.382007  11952.352871  21836.402404    235.455396
PG32 -20857.700506  16308.378271   1947.560096   -208.005055
PR01 -12765.334263  15675.430658 -15570.788916   -137.996056
PR02  -6715.642989  24479.991001   2309.299588    221.656019
PR03   3188.308014  17942.814383  17863.361212     85.604118
PR04  11290.261591    522.019911  22877.050545    193.236751
PR05  12591.328442 -16592.451990  14705.944363    -50.826645
PR06   6026.882335 -24605.859847  -3131.411807    100.209341
PR07  -3278.025404 -17787.207085 -17973.753230     20.295679
PR08 -11106.539262  -1138.618229 -22890.763530    -26.981001
PR09  -1136.423593 -15852.111237 -19912.315529     31.974514
PR10 -15364.929135 -19961.010839  -3753.912961     16.500874
PR11 -18422.552748 -11542.400209  13332.263976     11.432758
PR12  -9620.814073   5494.150137  22951.904531 999999.999999
PR13   4181.477415  17210.479335  18350.345292      4.507760
PR14  16171.893625  19670.287808   2070.686164    406.262205
PR15  18548.141061  12836.248329 -11799.646811      7.613657
PR16  10890.424779  -3934.725856 -22730.628592     50.516780
PR17  10132.633362   8358.510287 -21850.740824     10.147131
PR18  23094.478014    336.941612 -10878.657378    128.021706
PR19  23147.556372  -7815.771904   7318.846007   -169.006809
PR20   8860.751389 -11452.698000  21015.802225   -263.481074
PR21  -9994.519385  -8311.625254  21952.149774     91.143852
PR22 -23391.011191    123.914335  10022.411751    218.446530
PR23 -22300.780141   8741.294185  -8787.669363     21.208814
PR24  -9059.055578  11643.835218 -20832.807070   -143.508515
PR26   6840.078894 -11595.859263  21669.422976     64.308767
PE01  -7922.015583 -25313.147649 -13125.160130     78.623343
PE02   7913.737694  25318.271574  13141.994403     -1.030153
PE08  12034.551783  13447.588084  23463.976593   3045.562250
PE09 -19512.725489   7805.419004 -20845.524104   3103.353500
PE11 -29465.130831   2754.777740    411.657242   1540.253410
PE12 -22780.194607  -9040.361198  16596.632351    225.977107
PE14  28420.818099  -2900.077305 -14547.679930   3199.112840
PE18 -22361.152657   7578.485108   5476.954396   3642.568100
PE19   3990.731783 -27256.725780 -10845.752736      3.755081
PE22   3294.305496  16511.362672 -24353.919348   1859.496030
PE24 -20064.909907  -4341.767424  21330.982319  -1067.938390
PE26  19148.732830 -14063.330437  17644.289057   4105.382540
PE30  19905.385399  21050.528408  -6053.880760   3360.760420
PC06 -17764.582641  37928.820077  -2993.534282   -408.982390
PC07  -6709.773338  28000.168112  31025.763228    -33.808673
PC08 -23738.888302  21228.878959 -27684.813205   -696.362280
PC09  -8857.854494  39428.897806  11605.702424    -23.279448
PC10   6439.096837  34592.550145  23552.202260   -242.461846
PC11   2579.795804  15601.674834 -22957.944386    317.169312
PC12 -17732.263532  17101.863027 -13180.338821    852.286208
PC13  -7379.778396  24603.277709 -33488.695909    655.203025
PC14   2311.170415  26670.443952   7796.479519    270.466343
PJ01 -19448.980096  27319.122346 -20936.824865   -229.332598
*  2016 11 21 13 45  0.00000000
PG01  21071.974687  14379.052239  -7940.058916     41.202635
PG02   -783.524718 -16556.476764  21280.509613    522.179824
PG03  12863.134625  18292.932231  14328.710634    -99.338126
PG04  11191.900474 -18867.230047 -14588.717996     18.029410
PG05  -1917.387097 -26176.095812   3199.590069    -76.729678
PG06  12267.038946 -10771.461858  20960.209440    275.955263
PG07  25294.962051   5788.093005  -6456.185556    408.952966
PG08   6773.180616  13768.775651 -21621.509469    -39.727122
PG09  21551.952539  -3711.311700  15056.040331    248.869742
PG10 -11735.741991  13664.218798 -19477.597690   -114.855563
PG11  17653.653115  12541.591862 -15933.735451   -672.032439
PG12 -10593.100965 -20500.159243  13199.611216    389.505773
PG13   4134.431861 -18039.216478 -19197.180052    -56.044064
PG14 -16306.839233  18817.452135   9278.637638    -46.036185
PG15  -8253.538379 -13864.784303 -21213.517792   -335.041744
PG16   -201.112911  26134.829918   3217.511765     16.429433
PG17  21064.277252 -15999.999300    982.874099   -198.728343
PG18 -15775.136652    974.261633 -20807.064537    577.843419
PG19  18713.501345 -17699.917364   6858.234374   -519.619334
PG20 -13916.029144 -19294.740649 -11949.458909    447.063518
PG21 -24869.312972  -2207.504225  -8570.624994   -530.953406
PG22  11169.448272  22373.622948   9042.124798    183.956525
PG23  14952.724166   7400.746903  20956.532523   -197.410303
PG24 -19344.669113 -15077.197809 -10535.817210    -26.405530
PG25 -15034.805452  -7653.200639  20439.657520   -286.004119
PG26  -5612.875517  22480.566678  12936.936199   -503.330033
PG27  -6896.956192  19740.511506 -16305.935911    168.578054
PG28  12650.747507 -10387.883354 -20271.983147    568.647707
PG29 -20306.644748    276.588648  17106.843487    642.479328
PG30  21074.897701  -2723.613314 -16004.860781    157.601980
PG31 -11738.836229  10886.576243  21347.798781    235.453408
PG32 -21062.135622  16133.932309   -905.487904   -208.020034
PR01 -12138.291685  13716.835088 -17765.233679   -137.995360
PR02  -6598.197087  24599.815539   -904.609641    221.657539
PR03   2712.064391  19953.349528  15668.181106     85.605627
PR04  10509.936634   3241.888955  23023.692813    193.238671
PR05  11989.912916 -14725.749233  17013.640290    -50.829564
PR06   5957.863664 -24818.889062     58.886309    100.210100
PR07  -2794.374793 -19820.694246 -15802.381603     20.293773
PR08 -10321.787014  -3867.921448 -22958.789304    -26.981355
PR09    549.226707 -13937.590745 -21323.145468     31.976642
PR10 -15050.986887 -19351.921098  -6908.773041     16.500907
PR11 -19521.175711 -12533.007969  10583.644566     11.432078
PR12 -11587.119080   3492.984042  22415.636080 999999.999999
PR13   2594.508465  15436.820768  20132.747553      4.506782
PR14  16006.552769  19202.112034   5260.961448    406.267945
PR15  19555.806994  13650.272528  -8899.459280      7.613230
PR16  12832.662501  -1979.289627 -21949.087801     50.517962
PR17   7446.843355   8956.289002 -22681.669024     10.148692
PR18  21588.164887    541.614758 -13612.096984    128.022923
PR19  23800.570347  -8152.797003   4186.958654   -169.007095
PR20  11276.490351 -12090.577726  19445.810053   -263.482627
PR21  -7301.112121  -8916.556288  22758.292792     91.144878
PR22 -21978.327195    -56.362537  12837.148094    218.447611
PR23 -23128.871589   9123.574324  -5720.925139     21.209249
PR24 -11435.891475  12313.504197 -19213.437331   -143.508693
PR26   9340.010380 -12281.470567  20313.353353     64.305508
PE01  -7230.518097 -24213.783240 -15400.128125     78.614610
PE02   7223.289149  24219.358499  15415.982936     -1.030075
PE08  11260.666848  15380.876024  22646.797976   3045.920910
PE09 -18761.331922   6017.407305 -22090.050400   3103.718790
PE11 -29295.496364   2810.962151   3131.270606   1540.266570
PE12 -21201.976183  -9200.135079  18492.433856    226.053020
PE14  27646.065710  -2543.679147 -16380.756512   3199.422890
PE18 -21614.435356   6203.469486   8166.729653   3642.916940
PE19   4285.434297 -28073.355326  -8366.893231      3.755441
PE22   1113.969448  16796.384507 -24357.552320   1859.707050
PE24 -21264.525271  -5765.278851  19775.789219  -1067.998640
PE26  20634.885330 -14307.614433  15659.941146   4105.756360
PE30  20280.271006  21298.501101  -3330.644713   3361.119380
PC06 -16661.052824  38177.984592  -5229.701475   -409.014789
PC07  -7064.806247  26949.831825  31853.398270    -33.815563
PC08 -24545.951378  22232.540419 -26161.759249   -696.383040
PC09  -7987.161921  40174.090095   9454.021903    -23.321606
PC10   6498.859678  33472.685300  25096.645289   -242.478880
PC11    439.753892  16552.949209 -22435.512981    317.163260
PC12 -18874.858661  17570.447266 -10773.772636    852.311033
PC13  -8431.334359  25160.590261 -32829.444806    655.229630
PC14   2125.337686  27319.394318   5128.770546    270.476155
PJ01 -19384.080340  26399.210638 -21938.403439   -229.306209
*  2016 11 21 14  0  0.00000000
PG01  20030.157164  14212.495863 -10524.671689     41.203743
PG02   1484.426296 -15887.131106  21725.767569    522.174814
PG03  12930.453552  19817.012291  12065.021235    -99.339799
PG04  12620.186447 -19574.893142 -12330.669879     18.034306
PG05  -1512.780245 -25706.905473   5972.129152    -76.727509
PG06  14443.747638  -9911.795532  19973.944031    275.959786
PG07  25773.524051   6195.201950  -3695.472659    408.950054
PG08   4884.293267  15334.857562 -21066.417271    -39.728386
PG09  20282.131552  -2370.888774  16966.086397    248.876346
PG10 -12256.897459  11424.922785 -20575.377463   -114.856665
PG11  15820.558956  12862.245348 -17580.145160   -672.033483
PG12 -10631.283346 -21885.692932  10760.879293    389.505984
PG13   5928.974872 -19097.886186 -17634.404745    -56.045997
PG14 -17159.442448  19141.961972   6605.968583    -46.037706
PG15  -6488.420532 -15466.426109 -20676.511079   -335.042794
PG16   -455.099211  25610.000835   6088.794004     16.430303
PG17  21125.887134 -15770.338957  -1918.318415   -198.727682
PG18 -16271.091865  -1461.365665 -20424.106819    577.846349
PG19  19352.774281 -17918.360839   4081.857155   -519.618670
PG20 -13949.696307 -20547.654847  -9546.611051    447.064721
PG21 -25652.901660  -2775.284036  -5940.459536   -530.952342
PG22  11025.135350  23293.257648   6451.575072    183.946837
PG23  13168.276259   8982.455384  21494.778134   -197.411409
PG24 -18011.598075 -14884.117395 -12900.594121    -26.405606
PG25 -15358.411469  -9915.648635  19214.541610   -286.010336
PG26  -6113.244745  20941.004666  15117.168947   -503.333881
PG27  -8330.885342  20749.226589 -14232.548593    168.582793
PG28  12966.397111  -7908.727294 -21147.835916    568.650253
PG29 -18742.950863  -1053.805893  18781.596561    642.477891
PG30  22569.598348  -1862.575917 -13970.709782    157.602824
PG31 -13919.631940   9970.551561  20496.946219    235.451360
PG32 -21029.601477  15761.742856  -3742.925546   -208.034935
PR01 -11603.743715  11474.408636 -19614.968052   -137.996060
PR02  -6390.673202  24324.308261  -4100.893165    221.658940
PR03   2442.438386  21710.959509  13168.893159     85.606540
PR04   9930.817675   6002.071441  22723.630588    193.240368
PR05  11471.470969 -12562.016910  18990.425261    -50.832393
PR06   5796.442478 -24641.658336   3248.040018    100.210802
PR07  -2519.186879 -21603.592372 -13323.867294     20.292621
PR08  -9740.568950  -6628.073488 -22578.848857    -26.981425
PR09   2476.510838 -12048.564491 -22318.504445     31.978156
PR10 -14412.412902 -18510.606236  -9928.831852     16.501278
PR11 -20432.675601 -13201.363115   7629.199683     11.431561
PR12 -13626.286295   1701.916704  21442.314785 999999.999999
PR13    734.580538  13655.711513  21523.865629      4.506851
PR14  15522.356954  18487.378918   8349.482958    406.273555
PR15  20350.356629  14137.398499  -5825.310973      7.613031
PR16  14822.413577   -252.284933 -20740.993653     50.518909
PR17   4741.044923   9772.586826 -23071.583297     10.150377
PR18  19796.387580    954.867357 -16081.709494    128.024662
PR19  24052.700296  -8425.722284    973.692228   -169.007833
PR20  13430.281329 -12846.114954  17498.850398   -263.484284
PR21  -4591.163734  -9741.628721  23122.564476     91.146306
PR22 -20267.058647   -441.099430  15400.903316    218.449058
PR23 -23560.204777   9450.508787  -2543.104230     21.210113
PR24 -13544.805889  13091.997739 -17221.671527   -143.508980
PR26  11600.046059 -13093.951360  18562.807989     64.307581
PE01  -6329.434484 -23021.585421 -17483.413602     78.605894
PE02   6323.481631  23027.750967  17498.307279     -1.029933
PE08  10646.952415  17280.091633  21548.013226   3046.279600
PE09 -18101.443463   4087.620739 -23059.850464   3104.084100
PE11 -28883.615290   2806.006271   5811.919014   1540.279860
PE12 -19481.329388  -9501.760761  20158.226726    226.128990
PE14  26778.484401  -2065.704234 -18056.025442   3199.732900
PE18 -20647.602651   4596.790734  10664.050827   3643.265860
PE19   4450.935444 -28691.657921  -5784.015399      3.755840
PE22  -1028.272853  17228.851842 -24058.523393   1859.918010
PE24 -22464.714685  -6984.139229  17974.783234  -1068.058870
PE26  21916.323056 -14617.088028  13480.673512   4106.130180
PE30  20508.402170  21333.208345   -565.968160   3361.478310
PC06 -15533.607305  38278.368192  -7443.053592   -409.046879
PC07  -7554.503073  25956.290261  32545.373815    -33.822218
PC08 -25214.997864  23333.496892 -24526.377725   -696.403665
PC09  -7026.217097  40797.325118   7261.262276    -23.363756
PC10   6411.998369  32356.377949  26534.348090   -242.496205
PC11  -1573.483890  17601.945943 -21579.405453    317.157240
PC12 -19761.210829  17988.062561  -8208.009221    852.335988
PC13  -9401.004203  25851.129135 -32029.326590    655.256176
PC14   1984.652026  27700.171060   2384.711751    270.485971
PJ01 -19423.178105  25452.164785 -22824.395388   -229.279792
*  2016 11 21 14 15  0.00000000
PG01  18712.020343  14021.649502 -12931.376669     41.204860
PG02   3815.110272 -15326.526957  21813.367261    522.169680
PG03  13013.455410  21075.020716   9593.702458    -99.341472
PG04  13793.063638 -20192.435558  -9855.376230     18.038799
PG05  -1008.236743 -24958.750662   8640.409805    -76.725273
PG06  16536.918834  -9204.775653  18644.255079    275.964264
PG07  25974.339845   6479.982950   -872.573973    408.946957
PG08   3140.228222  16940.010940 -20146.804297    -39.729176
PG09  18939.158141   -828.042084  18583.789414    248.882904
PG10 -12918.006041   9115.085700 -21318.109596   -114.857758
PG11  13842.000017  13275.948547 -18936.041205   -672.034362
PG12 -10696.121177 -22983.380904   8137.853762    389.506256
PG13   7510.268988 -20135.284380 -15771.620592    -56.047571
PG14 -17756.946166  19313.612824   3819.400944    -46.039132
PG15  -4852.462974 -17093.562571 -19786.265719   -335.043972
PG16   -791.961254  24781.095602   8852.484637     16.431783
PG17  20953.353984 -15325.542324  -4785.980252   -198.727038
PG18 -16857.658506  -3805.801642 -19673.121395    577.849279
PG19  19728.424880 -17976.213904   1236.198302   -519.618038
PG20 -13951.469609 -21534.420262  -6980.334268    447.066493
PG21 -26167.294466  -3221.480628  -3207.018365   -530.951582
PG22  10840.925456  23933.546009   3750.078577    183.936944
PG23  11434.382199  10682.713862  21671.376454   -197.412563
PG24 -16425.001330 -14694.221151 -15046.573663    -26.406573
PG25 -15768.085916 -12001.004875  17657.341415   -286.016564
PG26  -6749.660049  19204.644837  17036.686583   -503.337693
PG27  -9530.007513  21660.493161 -11912.695959    168.587485
PG28  13430.507236  -5370.247038 -21637.476488    568.652831
PG29 -17124.499396  -2579.710711  20132.962586    642.476199
PG30  23877.285538  -1161.811522 -11697.440581    157.603623
PG31 -16034.598563   9210.787951  19299.181362    235.448971
PG32 -20788.087357  15167.295531  -6515.835613   -208.049872
PR01 -11203.867310   8996.994457 -21084.088095   -137.995420
PR02  -6148.418663  23649.269012  -7217.258998    221.659985
PR03   2346.827434  23163.782620  10413.857346     85.607948
PR04   9562.414948   8733.732446  21982.631029    193.242211
PR05  11079.843474 -10147.866253  20597.842539    -50.835009
PR06   5596.724049 -24068.131848   6374.190940    100.210809
PR07  -2420.287708 -23083.759636 -10586.489381     20.290543
PR08  -9371.237727  -9349.722870 -21758.357880    -26.981747
PR09   4608.965775 -10243.231429 -22879.194847     31.980087
PR10 -13432.269766 -17493.834144 -12755.251301     16.501668
PR11 -21101.854154 -13565.427391   4526.315980     11.430708
PR12 -15677.144338    153.720281  20050.348995 999999.999999
PR13  -1367.097906  11927.953728  22496.624556      4.506538
PR14  14697.632797  17580.065515  11276.459646    406.278876
PR15  20878.234070  14321.697463  -2637.282937      7.612235
PR16  16797.354429   1217.968121 -19129.437740     50.519757
PR17   2084.099104  10793.195929 -23013.062801     10.152063
PR18  17775.285139   1604.283349 -18239.503491    128.026029
PR19  23912.251409  -8578.261789  -2258.500029   -169.008705
PR20  15277.380338 -13670.578714  15212.743534   -263.485741
PR21  -1933.634130 -10771.944018  23037.774489     91.147605
PR22 -18312.465869  -1060.043087  17663.773019    218.449807
PR23 -23599.198045   9665.260661    684.099765     21.210809
PR24 -15342.835841  13929.437003 -14896.011712   -143.509442
PR26  13572.309828 -13986.239237  16451.670127     64.310774
PE01  -5216.370391 -21773.980466 -19349.083038     78.597201
PE02   5211.925365  21780.860759  19363.102737     -1.029823
PE08  10191.539288  19108.840160  20181.291167   3046.638310
PE09 -17555.141815   2045.257060 -23742.849281   3104.449430
PE11 -28242.908462   2708.989104   8420.242707   1540.293060
PE12 -17651.861014  -9959.301643  21573.308569    226.204900
PE14  25842.265561  -1458.344830 -19559.387268   3200.042910
PE18 -19495.182746   2759.401573  12902.822147   3643.614710
PE19   4513.290554 -29091.319178  -3129.228115      3.756194
PE22  -3096.327344  17797.884825 -23460.573480   1860.128820
PE24 -23628.319840  -7990.796492  15950.357538  -1068.119120
PE26  22976.013438 -14961.184643  11133.599065   4106.503970
PE30  20561.262742  21175.536006   2205.749468   3361.837210
PC06 -14401.960582  38228.035978  -9623.919419   -409.079042
PC07  -8170.280591  25036.555712  33098.645735    -33.829277
PC08 -25734.535461  24512.911603 -22785.739146   -696.424067
PC09  -5991.787404  41287.723554   5036.935000    -23.405811
PC10   6180.220349  31262.687536  27859.161251   -242.513602
PC11  -3427.727080  18718.986491 -20402.611934    317.150866
PC12 -20391.421475  18316.845047  -5521.047929    852.360836
PC13 -10272.086320  26663.100888 -31091.845494    655.282668
PC14   1854.819686  27804.857098   -394.862945    270.495779
PJ01 -19568.116733  24491.654408 -23589.210006   -229.253297
*  2016 11 21 14 30  0.00000000
PG01  17133.497431  13844.201856 -15119.494626     41.205957
PG02   6164.909616 -14886.178466  21540.882093    522.164232
PG03  13075.077075  22051.109812   6957.302224    -99.343176
PG04  14709.773687 -20678.459622  -7206.667815     18.040668
PG05   -375.350800 -23956.328418  11157.797668    -76.722869
PG06  18499.763645  -8645.464014  16993.981495    275.968753
PG07  25882.063184   6676.630296   1964.985418    408.943879
PG08   1566.083548  18542.583995 -18878.507858    -39.730536
PG09  17566.108010    904.036019  19881.219763    248.889400
PG10 -13716.740341   6783.028867 -21693.230188   -114.858883
PG11  11756.024036  13795.000578 -19980.074140   -672.035257
PG12 -10748.420698 -23779.066331   5375.761206    389.506273
PG13   8863.684695 -21108.997376 -13640.353511    -56.049484
PG14 -18113.021616  19296.413105    966.768357    -46.040929
PG15  -3367.037853 -18705.984835 -18556.845647   -335.044816
PG16  -1245.570931  23672.290769  11459.738708     16.432821
PG17  20577.345869 -14641.640403  -7569.706859   -198.726528
PG18 -17513.101613  -6016.608861 -18568.915570    577.852179
PG19  19860.104108 -17840.417217  -1630.389899   -519.617311
PG20 -13885.466270 -22248.254234  -4294.349959    447.068172
PG21 -26395.979693  -3577.233396   -418.297146   -530.950906
PG22  10581.815647  24292.573925    983.916209    183.927303
PG23   9785.703615  12470.668108  21482.140033   -197.413630
PG24 -14607.503606 -14541.617208 -16937.219054    -26.406474
PG25 -16233.450871 -13873.289300  15795.628400   -286.022780
PG26  -7537.063184  17313.017513  18662.519951   -503.341501
PG27 -10494.128762  22431.067555  -9386.284839    168.592213
PG28  14040.521071  -2827.165439 -21731.528913    568.655186
PG29 -15496.969011  -4285.589858  21137.745729    642.474862
PG30  24961.505344   -603.346799  -9224.067329    157.604464
PG31 -18037.192328   8605.539445  17775.525493    235.447277
PG32 -20371.070968  14333.007051  -9176.407794   -208.064850
PR01 -10971.818432   6341.940324 -22144.063617   -137.995696
PR02  -5926.992179  22583.904337 -10192.934695    221.661742
PR03   2383.801587  24269.402097   7456.460534     85.608487
PR04   9401.997924  11368.004884  20815.007905    193.243158
PR05  10850.234070  -7538.909927  21804.627148    -50.837915
PR06   5413.322894 -23105.406402   9376.668753    100.212000
PR07  -2456.595706 -24218.485139  -7643.516308     20.288933
PR08  -9209.836927 -11963.830762 -20513.361105    -26.982000
PR09   6899.844345  -8573.025814 -22994.517528     31.982008
PR10 -12106.557603 -16362.432936 -15333.043214     16.501856
PR11 -21480.306180 -13654.592283   1335.328526     11.429558
PR12 -17674.737282  -1130.736721  18266.419044 999999.999999
PR13  -3668.025369  10308.704041  23032.079553      4.506602
PR14  13523.246331  16539.063606  13985.170134    406.285237
PR15  21093.907233  14238.414410    602.300022      7.612337
PR16  18692.399312   2415.360420 -17145.420603     50.520510
PR17   -458.561297  11991.998420 -22507.406556     10.153685
PR18  15587.358714   2506.070795 -20043.485438    128.027520
PR19  23400.640185  -8557.911589  -5446.798519   -169.010115
PR20  16784.491765 -14509.063240  12631.851043   -263.487443
PR21    606.027816 -11980.649603  22505.446811     91.148867
PR22 -16176.679996  -1931.667529  19581.839572    218.450810
PR23 -23263.475549   9714.139812   3898.017430     21.210953
PR24 -16798.619318  14770.147966 -12281.448775   -143.510029
PR26  15219.891874 -14904.479882  14020.850634     64.309149
PE01  -3895.602910 -20508.725974 -20973.913113     78.588497
PE02   3892.890100  20516.421186  20987.212932     -1.029700
PE08   9886.563852  20831.940181  18563.630318   3046.996970
PE09 -17139.515683    -76.992077 -24130.536793   3104.814760
PE11 -27392.540989   2491.882417  10923.781806   1540.306310
PE12 -15749.525747 -10580.979428  22720.097287    226.280780
PE14  24861.397053   -717.447917 -20877.880600   3200.352980
PE18 -18200.660935    705.039180  14823.043538   3643.963560
PE19   4501.709290 -29257.436350   -435.535924      3.756553
PE22  -5056.512021  18486.904136 -22571.151757   1860.339700
PE24 -24717.921798  -8784.327329  13727.679415  -1068.179410
PE26  23802.891804 -15307.210160   8647.925268   4106.877760
PE30  20414.843338  20851.392841   4950.022495   3362.196120
PC06 -13285.918262  38027.668776 -11762.762660   -409.110985
PC07  -8901.403189  24206.374640  33510.750599    -33.836129
PC08 -26095.634517  25750.609784 -20947.357606   -696.444529
PC09  -4901.927887  41636.705148   2790.699762    -23.447780
PC10   5807.704341  30210.283947  29065.406041   -242.530910
PC11  -5096.712641  19869.861164 -18922.868529    317.144191
PC12 -20773.153992  18520.360599  -2752.615674    852.385815
PC13 -11029.567684  27582.631034 -30021.088559    655.309185
PC14   1700.887670  27633.036469  -3168.551279    270.505416
PJ01 -19818.909402  23531.690345 -24227.956444   -229.226768
*  2016 11 21 14 45  0.00000000
PG01  15318.486264  13714.984097 -17051.966916     41.207056
PG02   8488.664095 -14570.164492  20911.585551    522.159049
PG03  13077.014411  22738.033892   4201.199105    -99.344837
PG04  15378.401261 -20993.967340  -4431.359009     18.042193
PG05    408.885874 -22731.186597  13480.309945    -76.720654
PG06  20288.331462  -8221.049915  15051.472574    275.973253
PG07  25489.495320   6821.893072   4769.638701    408.941065
PG08    179.104387  20098.194443 -17283.439275    -39.731215
PG09  16204.201588   2804.152451  20835.966542    248.896038
PG10 -14642.700725   4476.473368 -21694.538187   -114.859939
PG11   9602.802072  14425.158251 -20695.920854   -672.035863
PG12 -10747.868319 -24267.706117   2521.989757    389.506304
PG13   9983.054675 -21975.968262 -11276.699306    -56.051009
PG14 -18248.871741  19059.141079  -1902.621313    -46.042266
PG15  -2046.316387 -20261.120514 -17008.223394   -335.046106
PG16  -1844.538647  22315.817102  13864.561618     16.434364
PG17  20034.019748 -13702.381926 -10220.212886   -198.725805
PG18 -18209.832369  -8056.792667 -17132.757820    577.855425
PG19  19774.459850 -17483.301557  -4469.520565   -519.616694
PG20 -13716.305755 -22690.495248  -1534.589828    447.069725
PG21 -26330.487326  -3876.612624   2377.632729   -530.950349
PG22  10214.084952  24376.556040  -1799.244648    183.917380
PG23   8251.537615  14309.884664  20928.930008   -197.414995
PG24 -12588.854392 -14456.442668 -18540.220765    -26.407113
PG25 -16719.192618 -15503.755895  13662.104921   -286.028962
PG26  -8482.768275  15311.106620  19966.799223   -503.345310
PG27 -11231.626716  23020.094575  -6696.933485    168.596951
PG28  14784.948826   -333.505186 -21428.266457    568.657992
PG29 -13903.566392  -6147.749563  21778.725784    642.473195
PG30  25791.423430   -162.948580  -6592.969036    157.605313
PG31 -19883.100991   8145.039574  15952.297813    235.445156
PG32 -19816.117488  13249.082152 -11678.768436   -208.079762
PR01 -10930.253458   3572.952080 -22774.290572   -137.995272
PR02  -5779.574234  21150.551693 -12969.867966    221.662823
PR03   2505.079196  24996.536929   4354.089098     85.609102
PR04   9434.805028  13838.623622  19243.350575    193.245558
PR05  10807.627925  -4797.675425  22587.315154    -50.841205
PR06   5298.824500 -21773.513057  12197.167207    100.212037
PR07  -2580.097361 -24976.166974  -4552.163424     20.287792
PR08  -9240.376758 -14404.334569 -18868.213260    -26.982302
PR09   9293.856793  -7080.595217 -22662.464058     31.984044
PR10 -10444.614436 -15178.624363 -17612.144532     16.502262
PR11 -21528.572997 -13508.209255  -1881.657606     11.428598
PR12 -19552.946553  -2143.160691  16124.988617 999999.999999
PR13  -6115.939398   8845.252574  23119.786794      4.506151
PR14  12003.231226  15425.611785  16423.055016    406.289495
PR15  20961.921689  13932.240909   3830.112851      7.612122
PR16  20442.336031   3336.445614 -14827.274501     50.521167
PR17  -2827.421119  13331.979039 -21564.595696     10.155383
PR18  13298.981357   3664.137020 -21458.480594    128.029094
PR19  22551.410296  -8318.404297  -8529.242203   -169.010726
PR20  17930.916146 -15302.895592   9806.218344   -263.489161
PR21   2968.378775 -13329.968516  21535.799715     91.150412
PR22 -13926.177908  -3062.170629  21118.021242    218.451705
PR23 -22583.026968   9549.098210   7036.221503     21.211749
PR24 -17893.476604  15555.099213  -9428.603358   -143.510385
PR26  16518.154583 -15790.371889  11317.501794     64.309278
PE01  -2378.011250 -19262.729856 -22337.680251     78.579821
PE02   2377.234476  19271.308729  22350.475753     -1.029516
PE08   9718.461201  22416.478560  16715.147782   3047.355660
PE09 -16866.125084  -2243.898508 -24218.074281   3105.180110
PE11 -26356.823352   2130.494999  13291.381249   1540.319580
PE12 -13811.544945 -11368.869726  23584.348569    226.356708
PE14  23859.191145    157.466909 -21999.588349   3200.663070
PE18 -16813.980276  -1540.040695  16374.804759   3644.312400
PE19   4447.575566 -29180.990332   2263.571109      3.756941
PE22  -6878.544589  19274.147676 -21401.322584   1860.550590
PE24 -25697.014363  -9370.401434  11334.377979  -1068.239630
PE26  24392.162305 -15621.414297   6054.590083   4107.251560
PE30  20050.440765  20390.854023   7632.708979   3362.555050
PC06 -12205.031906  37680.553514 -13850.225514   -409.143173
PC07  -9735.165134  23479.957488  33779.817602    -33.843161
PC08 -26292.079781  27025.425172 -19019.158113   -696.465110
PC09  -3775.668280  41838.139308    532.321485    -23.489889
PC10   5301.029269  29217.129023  30147.898408   -242.548101
PC11  -6560.893922  21017.020971 -17162.378499    317.137478
PC12 -20921.265135  18564.949785     56.414205    852.410683
PC13 -11660.380429  28594.002911 -28821.707198    655.335863
PC14   1488.601237  27191.804395  -5895.006742    270.515171
PJ01 -20173.709952  22586.362313 -24736.503809   -229.200320
*  2016 11 21 15  0  0.00000000
PG01  13298.105695  13664.534791 -18695.952967     41.208175
PG02  10741.136096 -14374.977726  19934.483517    522.153978
PG03  12981.357346  23137.296660   1372.820575    -99.346485
PG04  15815.331907 -21103.990418  -1578.354942     18.045306
PG05   1360.967654 -21320.513351  15567.418632    -76.718757
PG06  21863.070075  -7911.491585  12850.104440    275.977748
PG07  24797.870162   6953.512344   7494.511922    408.937932
PG08  -1011.800976  21561.381000 -15389.201502    -39.732280
PG09  14891.257985   4843.734137  21431.528373    248.902592
PG10 -15677.741025   2240.877770 -21322.284281   -114.861033
PG11   7423.321019  15165.359619 -21072.461025   -672.036767
PG12 -10654.737424 -24453.418951   -374.716030    389.506525
PG13  10870.726817 -22694.161603  -8720.742046    -56.053028
PG14 -18192.296015  18576.735519  -4738.847563    -46.043628
PG15   -896.857642 -21715.575996 -15166.018948   -335.047325
PG16  -2610.867463  20750.711854  16024.680310     16.435278
PG17  19363.522515 -12500.125486 -12690.275885   -198.725202
PG18 -18915.588888  -9896.034195 -15391.846111    577.858270
PG19  19503.963035 -16883.734862  -7233.540264   -519.615708
PG20 -13410.639513 -22870.455558   1251.574398    447.071929
PG21 -25970.575421  -4155.065373   5133.438488   -530.949195
PG22   9706.804122  24199.549963  -4551.173819    183.907727
PG23   6854.810895  16159.551243  20019.716006   -197.416083
PG24 -10404.978700 -14463.609168 -19828.036528    -26.407429
PG25 -17186.522805 -16871.784616  11293.997166   -286.035203
PG26  -9586.023277  13245.726972  20927.225191   -503.349146
PG27 -11758.943525  23390.758703  -3891.211464    168.601696
PG28  15643.791516   2059.463989 -20733.649278    568.660521
PG29 -12383.442420  -8135.075196  22044.949047    642.471779
PG30  26342.955802    188.746714  -3849.172570    157.606117
PG31 -21531.764126   7812.038839  13860.658215    235.443323
PG32 -19163.331336  11914.074639 -13979.776483   -208.094717
PR01 -11090.308281    757.687116 -22962.491288   -137.994983
PR02  -5754.483991  19383.865397 -15493.874918    221.664538
PR03   2657.801515  25326.286683   1167.017875     85.610617
PR04   9634.774794  16084.460701  17298.093390    193.247391
PR05  10965.658907  -1991.235197  22930.700036    -50.843925
PR06   5301.336917 -20104.695289  14780.876690    100.213101
PR07  -2738.117505 -25337.540896  -1372.476809     20.285784
PR08  -9435.637029 -16610.693357 -16855.093893    -26.982360
PR09  11729.279010  -5798.168832 -21889.737647     31.985995
PR10  -8468.958882 -14003.322436 -19548.388728     16.502463
PR11 -21217.938930 -13173.706101  -5061.985075     11.427816
PR12 -21247.192354  -2887.963004  13667.651731 999999.999999
PR13  -8650.766285   7575.149898  22758.008968      4.506371
PR14  10154.877724  14300.643705  18542.733638    406.294793
PR15  20458.541161  13455.196090   6983.093314      7.612037
PR16  21984.494682   3990.352379 -12219.936129     50.521989
PR17  -4971.115271  14766.711971 -20203.087877     10.157177
PR18  10977.759557   5069.686061 -22456.825351    128.030468
PR19  21408.757563  -7821.906667 -11445.936214   -169.010737
PR20  18709.181455 -15992.216498   6790.609492   -263.490923
PR21   5102.220329 -14772.706948  20147.557305     91.151816
PR22 -11629.099127  -4445.002472  22242.777418    218.452517
PR23 -21598.865986   9129.996625  10037.741344     21.212280
PR24 -18621.971964  16224.500750  -6392.755468   -143.511195
PR26  17455.532217 -16583.719274   8394.106936     64.310195
PE01   -680.800156 -18070.898992 -23423.412592     78.571161
PE02    682.129135  18080.394866  23435.971969     -1.029349
PE08   9668.438789  23832.796640  14658.829431   3047.714320
PE09 -16740.641763  -4418.734574 -24004.355260   3105.545410
PE11 -25164.454127   1605.296393  15493.579344   1540.332820
PE12 -11875.288174 -12318.792270  24155.331826    226.432645
PE14  22857.815949   1163.238793 -22913.572233   3200.973150
PE18 -15388.210132  -3938.588017  17521.518045   3644.661250
PE19   4383.399585 -28859.136444   4934.533702      3.757291
PE22  -8536.423742  20133.352118 -19965.628019   1860.761490
PE24 -26531.151850  -9761.039707   8800.201344  -1068.299890
PE26  24745.404342 -15870.097423   3385.875948   4107.625310
PE30  19455.292932  19827.176288  10220.436272   3362.913990
PC06 -11178.257998  37192.528041 -15877.171518   -409.175557
PC07 -10657.106648  22869.734285  33904.578202    -33.850053
PC08 -26320.475584  28315.563167 -17009.442306   -696.485746
PC09  -2632.682730  41888.453195  -1728.373342    -23.532151
PC10   4669.062345  28300.169887  31101.971116   -242.565246
PC11  -7807.991721  22120.890380 -15147.468902    317.131393
PC12 -20857.192696  18420.979023   2864.616581    852.435634
PC13 -12153.624930  29679.927849 -27498.896501    655.362555
PC14   1185.738866  26495.518443  -8533.563746    270.525035
PJ01 -20628.823433  21669.570859 -25111.533332   -229.173865
*  2016 11 21 15 15  0.00000000
PG01  11109.690197  13717.832642 -20023.366904     41.209344
PG02  12878.500108 -14289.654447  18624.275647    522.148760
PG03  12752.217301  23258.970888  -1479.173500    -99.348177
PG04  16044.384574 -20979.059398   1302.270805     18.047597
PG05   2490.021493 -19765.714840  17382.786820    -76.716543
PG06  23190.226883  -7690.445447  10427.710024    275.982234
PG07  23816.843574   7108.634798  10094.138853    408.935141
PG08  -2006.214194  22887.310325 -13228.604006    -39.732929
PG09  13660.293187   6987.738912  21657.601731    248.909202
PG10 -16796.605486    117.872833 -20583.147817   -114.862110
PG11   5258.063571  16007.696307 -21103.892848   -672.037817
PG12 -10431.567758 -24349.198275  -3265.069084    389.506233
PG13  11537.297037 -23224.207440  -6015.904371    -56.054697
PG14 -17976.492351  17831.467456  -7492.272326    -46.045240
PG15     82.506192 -23026.741598 -13061.131832   -335.048372
PG16  -3558.884258  19021.308139  17902.332776     16.436564
PG17  18608.323435 -11036.396364 -14935.661935   -198.724770
PG18 -19594.807825 -11511.626467 -13378.661200    577.860688
PG19  19085.541212 -16028.025737  -9876.267935   -519.615494
PG20 -12938.619985 -22804.975378   4016.137778    447.073212
PG21 -25324.117121  -4447.859296   7803.270709   -530.948296
PG22   9033.255819  23782.871826  -7223.930637    183.898136
PG23   5611.309288  17975.866473  18768.542903   -197.417143
PG24  -8096.799740 -14581.752222 -20778.361339    -26.407107
PG25 -17594.774561 -17965.459725   8732.380829   -286.041369
PG26 -10837.892730  11163.844019  21527.442173   -503.353022
PG27 -12099.761773  23511.794863  -1017.818083    168.606446
PG28  16589.353209   4305.149683 -19661.165359    568.663364
PG29 -10970.278035 -10210.060285  21931.911119    642.470302
PG30  26599.653930    484.907158  -1039.594255    157.606902
PG31 -22947.756288   7582.622052  11536.087351    235.441302
PG32 -18453.721413  10335.129973 -16039.771402   -208.109653
PR01 -11451.078210  -2034.813348 -22704.954975   -137.994444
PR02  -5892.909989  17329.497815 -17715.711914    221.666530
PR03   2787.009948  25252.876518  -2042.763154     85.611663
PR04   9965.767901  18051.857025  15016.933048    193.249292
PR05  11325.973178    811.348157  22828.127443    -50.846733
PR06   5462.236184 -18142.192627  17077.551212    100.213961
PR07  -2875.787086 -25296.409514   1833.834476     20.283717
PR08  -9758.462112 -18530.208168 -14513.366174    -26.981845
PR09  14140.338905  -4746.382664 -20691.603751     31.987505
PR10  -6214.582750 -12893.512500 -21104.354759     16.502196
PR11 -20531.793006 -12704.369668  -8143.676553     11.426870
PR12 -22697.098843  -3381.840893  10942.326353 999999.999999
PR13 -11206.908097   6524.760009  21953.751527      4.506465
PR14   8008.276001  13222.162837  20302.925953    406.299800
PR15  19572.903680  12864.208653   9999.697200      7.611871
PR16  23261.336478   4398.159263  -9374.081755     50.523249
PR17  -6848.312848  16242.259105 -18449.448618     10.158889
PR18   8689.855615   6701.357792 -23018.917053    128.031612
PR19  20025.626709  -7040.866489 -14140.218182   -169.011107
PR20  19125.133108 -16518.626366   3643.452397   -263.491886
PR21   6966.490375 -16254.177705  18367.595391     91.153406
PR22  -9352.519098  -6060.943791  22934.657686    218.454332
PR23 -20361.244068   8426.545966  12844.249911     21.212862
PR24 -18991.932035  16720.454910  -3232.780558   -143.511888
PR26  18033.790903 -17225.084065   5307.463006     64.314381
PE01   1172.975324 -16965.053704 -24217.601269     78.562498
PE02  -1169.417770  16975.463930  24230.233562     -1.029223
PE08   9713.115694  25055.376914  12420.244428   3048.072990
PE09 -16762.676988  -6564.357474 -23492.020097   3105.910730
PE11 -23847.628092    902.094124  17502.975023   1540.346030
PE12  -9977.152401 -13420.399181  24425.962483    226.508537
PE14  21877.831591   2293.143177 -23609.837099   3201.283250
PE18 -13975.811626  -6444.932248  18241.868303   3645.010080
PE19   4341.734944 -28295.304821   7544.140639      3.757658
PE22 -10009.176755  21034.578023 -18281.907612   1860.972390
PE24 -27189.035334  -9974.174062   6156.647456  -1068.360150
PE26  24870.481157 -16020.717949    675.006649   4107.999130
PE30  18623.029243  19195.715746  12681.016794   3363.272940
PC06 -10223.627038  36571.881307 -17834.727460   -409.207632
PC07 -11651.260214  22386.140254  33884.373423    -33.857026
PC08 -26180.302685  29598.974424 -14926.852722   -696.506550
PC09  -1492.947988  41786.695341  -3981.540759    -23.574189
PC10   3922.808149  27475.049298  31923.493930   -242.582527
PC11  -8833.289584  23141.254543 -12908.188513    317.125153
PC12 -20608.121414  18063.955039   5630.614517    852.460492
PC13 -12500.755649  30821.841968 -26058.372355    655.389194
PC14    763.376636  25565.299159 -11044.853823    270.534696
PJ01 -21178.756968  20794.760076 -25350.581201   -229.147418
*  2016 11 21 15 30  0.00000000
PG01   8795.557741  13893.243984 -21011.346042     41.210453
PG02  14859.807063 -14296.186995  17001.239769    522.143539
PG03  12357.283410  23121.198007  -4305.727970    -99.349845
PG04  16095.659138 -20596.452539   4160.206223     18.051520
PG05   3797.251754 -18110.839315  18894.922660    -76.714293
PG06  24243.037572  -7526.446982   7825.931993    275.986708
PG07  22564.189369   7322.258653  12525.149598    408.932233
PG08  -2812.023782  24033.472278 -10839.083862    -39.733802
PG09  12538.316762   9195.822211  21510.261638    248.915804
PG10 -17967.851391  -1856.147546 -19490.103433   -114.863199
PG11   3145.717312  16937.633053 -20789.790341   -672.038144
PG12 -10044.754771 -23976.304756  -6100.050149    389.506335
PG13  12001.030839 -23530.962753  -3208.238224    -56.056455
PG14 -17638.640686  16813.840842 -10114.450806    -46.046570
PG15    900.478448 -24154.398091 -10729.267384   -335.049536
PG16  -4694.492681  17175.526541  19464.957880     16.437755
PG17  17811.446395  -9322.077285 -16916.009151   -198.724291
PG18 -20210.121999 -12889.082095 -11130.229588    577.864119
PG19  18559.071231 -14910.554659 -12353.697313   -519.614899
PG20 -12275.250482 -22517.693238   6711.292173    447.075018
PG21 -24406.706801  -4788.581993  10343.432762   -530.947585
PG22   8172.206167  23154.232263  -9770.728730    183.888316
PG23   4529.176066  19713.572313  17195.398302   -197.418198
PG24  -5708.875060 -14822.424686 -21374.519809    -26.407720
PG25 -17903.070446 -18781.816846   6021.453254   -286.047574
PG26 -12221.466062   9110.900711  21757.306956   -503.356819
PG27 -12283.895348  23358.796911   1873.285013    168.611182
PG28  17587.400977   6363.342699 -18231.482273    568.665884
PG29  -9691.093731 -12330.088267  21441.628952    642.468615
PG30  26553.311345    761.034034   1787.747913    157.607710
PG31 -24101.985649   7427.273529   9017.811651    235.439429
PG32 -17727.543862   8527.899302 -17823.259815   -208.124581
PR01 -11999.620916  -4736.747632 -22006.613818   -137.994860
PR02  -6226.952783  15042.331105 -19592.048655    221.667958
PR03   2838.220466  24783.869423  -5212.761266     85.613029
PR04  10383.228930  19696.653963  12444.104294    193.250589
PR05  11878.116141   3541.655568  22281.622824    -50.850387
PR06   5814.201600 -15938.579423  19042.488842    100.214167
PR07  -2938.603392 -24859.842892   5004.594695     20.282299
PR08 -10163.491458 -20120.019958 -11888.793175    -26.981343
PR09  16459.781007  -3933.608544 -19091.574663     31.989772
PR10  -3727.724503 -11899.821611 -22250.077976     16.502306
PR11 -19466.496341 -12156.889771 -11066.656129     11.426099
PR12 -23849.007439  -3652.825254   8002.309918 999999.999999
PR13 -13715.772494   5708.299502  20722.628754      4.506427
PR14   5605.330094  12242.753374  21669.261554    406.305012
PR15  18307.643817  12218.505561  12821.118622      7.612033
PR16  24222.851991   4591.757371  -6345.140792     50.524627
PR17  -8429.176349  17699.399961 -16337.827326     10.160463
PR18   6497.381920   8525.905478 -23133.609924    128.032694
PR19  18461.460580  -5959.429944 -16559.760160   -169.011559
PR20  19197.480170 -16827.785713    425.714303   -263.493803
PR21   8531.727995 -17714.459916  16230.427640     91.154704
PR22  -7159.793829  -7878.728960  23180.686334    218.455437
PR23 -18927.494821   7419.840171  15401.199721     21.213410
PR24 -19023.919852  16989.547571    -10.012023   -143.512453
PR26  18267.738031 -17658.426639   2117.575669     64.317894
PE01   3155.068915 -15972.942072 -24710.368371     78.553786
PE02  -3149.217851  15984.230733  24723.409317     -1.029056
PE08   9825.307407  26063.602449  10027.227632   3048.431690
PE09 -16925.802171  -8644.307141 -22687.424141   3106.276080
PE11 -22441.037768     12.543066  19294.569175   1540.359250
PE12  -8151.473814 -14657.458540  24392.889055    226.584484
PE14  20937.732839   3537.013273 -24079.327268   3201.593330
PE18 -12625.028111  -9008.194834  18530.227767   3645.358930
PE19   4354.094847 -27499.107229  10059.941758      3.758029
PE22 -11281.450187  21945.152781 -16371.077647   1861.183450
PE24 -27643.503342 -10033.022715   3436.573170  -1068.420400
PE26  24781.253478 -16042.965349  -2044.267762   4108.372910
PE30  17553.922320  18532.782405  14983.848739   3363.631850
PC06  -9357.928587  35829.210621 -19714.324086   -409.239774
PC07 -12700.422976  22037.435144  33719.158727    -33.863791
PC08 -25873.925871  30853.732496 -12780.335769   -696.527249
PC09   -376.396031  41534.553652  -6217.363630    -23.616068
PC10   3075.221259  26755.837950  32608.891744   -242.599906
PC11  -9639.664445  24038.672228 -10477.853621    317.118779
PC12 -20205.956504  17475.464504   8313.676428    852.485680
PC13 -12695.726577  32000.224521 -24506.346526    655.415882
PC14    197.036398  24428.297679 -13391.402855    270.544475
PJ01 -21816.310321  19974.657715 -25452.070881   -229.120932
*  2016 11 21 15 45  0.00000000
PG01   6401.594041  14201.724697 -21642.644354     41.211572
PG02  16648.372883 -14370.212091  15091.033042    522.138518
PG03  11769.246713  22749.387555  -7058.235607    -99.351461
PG04  16004.150775 -19941.175657   6945.817780     18.055038
PG05   5275.706133 -16400.911911  20077.737829    -76.712090
PG06  25002.656660  -7384.297127   5089.509419    275.991186
PG07  21065.213831   7625.766033  14746.926965    408.929277
PG08  -3444.914075  24961.296714  -8262.043909    -39.735270
PG09  11545.373607  11423.715193  20992.031454    248.922471
PG10 -19155.020937  -3651.226406 -18062.180904   -114.864225
PG11   1121.953207  17934.466151 -20135.103573   -672.039222
PG12  -9465.990522 -23363.364060  -8831.703143    389.506493
PG13  12286.994122 -23584.930939   -345.665655    -56.058398
PG14 -17218.323428  15523.179947 -12559.038572    -46.048432
PG15   1572.803087 -25062.260977  -8210.360916   -335.050595
PG16  -6014.777905  15263.042180  20685.770956     16.439128
PG17  17014.676834  -7377.218216 -18595.644951   -198.723604
PG18 -20723.916271 -14022.397852  -8687.321725    577.866563
PG19  17965.786065 -13534.113744 -14624.656717   -519.613991
PG20 -11401.561083 -22038.058491   9290.264939    447.076599
PG21 -23241.012045  -5207.746880  12712.973282   -530.946658
PG22   7108.973237  22346.623894 -12146.795755    183.878265
PG23   3608.703585  21327.575347  15325.975661   -197.419143
PG24  -3287.894695 -15189.566273 -21605.773732    -26.407669
PG25 -18071.997547 -19326.754012   3207.765789   -286.053777
PG26 -13712.383079   7129.215366  21613.050146   -503.360653
PG27 -12345.939469  22915.269852   4731.770088    168.615814
PG28  18598.613928   8201.627277 -16471.925548    568.668494
PG29  -8565.327775 -14448.918099  20582.601311    642.467311
PG30  26204.269201   1053.401682   4584.539130    157.608480
PG31 -24972.667480   7312.150283   6348.180696    235.437199
PG32 -17022.687222   6516.127608 -19299.528794   -208.139603
PR01 -12711.482854  -7284.124819 -20880.952927   -137.995157
PR02  -6778.064207  12584.334074 -21086.322443    221.669349
PR03   2759.984913  23939.835282  -8281.208064     85.614008
PR04  10836.218087  20985.840504   9629.527199    193.251548
PR05  12599.947577   6134.514942  21301.849680    -50.853282
PR06   6379.624875 -13553.727056  20637.406323    100.214789
PR07  -2874.974174 -24047.843658   8078.363029     20.280426
PR08 -10599.250511 -21348.701853  -9032.628067    -26.981688
PR09  18621.502434  -3355.812446 -17120.935513     31.991250
PR10  -1064.176163 -11064.381966 -22963.610708     16.502487
PR11 -18031.716783 -11588.769678 -13773.934507     11.424962
PR12 -24658.228152  -3738.835532   4905.215957 999999.999999
PR13 -16108.440535   5127.402627  19088.562003      4.507496
PR14   2998.280418  11407.331642  22614.959864    406.310622
PR15  16678.954869  11576.921157  15392.449585      7.611214
PR16  24828.665307   4612.248623  -3192.206974     50.525454
PR17  -9696.337360  19076.099851 -13909.288564     10.161938
PR18   4455.975471  10499.386066 -22798.448456    128.033876
PR19  16779.696937  -4574.368746 -18657.584642   -169.012763
PR20  18956.817699 -16871.861056  -2800.271341   -263.495445
PR21   9781.050929 -19090.900755  13777.541110     91.156016
PR22  -5108.086430  -9856.185010  22976.577569    218.456391
PR23 -17359.599732   6103.414696  17658.885444     21.213876
PR24 -18750.186220  16985.269886   3212.948152   -143.512509
PR26  18184.393488 -17833.621454  -1113.511427     64.320690
PE01   5232.865478 -15117.384973 -24895.589567     78.545106
PE02  -5224.722107  15129.488556  24909.385742     -1.028940
PE08   9974.931478  26842.365372   7509.533753   3048.790350
PE09 -17217.761707 -10623.883461 -21600.559691   3106.641380
PE11 -20980.799704  -1065.529154  20846.075818   1540.372440
PE12  -6429.506150 -16008.324432  24056.534001    226.660387
PE14  20053.500489   4881.403932 -24313.958019   3201.903450
PE18 -11376.885188 -11575.648068  18395.610341   3645.707790
PE19   4449.901515 -26486.053189  12450.651506      3.758414
PE22 -12343.925432  22830.701946 -14256.872501   1861.394240
PE24 -27872.395990  -9965.300600    673.786377  -1068.480670
PE26  24497.107282 -15909.764959  -4738.092750   4108.746720
PE30  16254.933100  17874.467482  17100.296745   3363.990800
PC06  -8596.417841  34977.238472 -21507.735413   -409.271989
PC07 -13786.450679  21829.559458  33409.506441    -33.870569
PC08 -25406.552252  32058.409059 -10579.103553   -696.547473
PC09    697.432797  41136.327408  -8426.095931    -23.658111
PC10   2140.985509  26154.793284  33155.160595   -242.617265
PC11 -10237.353042  24775.865126  -7892.548839    317.112150
PC12 -19686.140572  16643.906760  10874.302519    852.510719
PC13 -12735.093890  33194.932327 -22849.499779    655.442504
PC14   -532.323779  23116.756189 -15538.199673    270.554291
PJ01 -22532.704459  19221.029245 -25415.333996   -229.094519
*  2016 11 21 16  0  0.00000000
PG01   3975.702977  14646.307703 -21905.944318     41.212715
PG02  18213.040547 -14481.958584  12924.403845    522.133494
PG03  10967.036664  22175.148011  -9689.371869    -99.353123
PG04  15808.191671 -19006.636616   9611.034919     18.058666
PG05   6910.371839 -14680.247812  20910.999863    -76.710244
PG06  25458.794148  -7226.600131   2265.510211    275.995728
PG07  19351.909487   8045.592778  16722.224946    408.926148
PG08  -3927.547527  25637.628189  -5542.120518    -39.736576
PG09  10693.867646  13624.761687  20111.840418    248.929184
PG10 -20318.016551  -5244.790408 -16324.123405   -114.865276
PG11   -781.688393  18972.006125 -19150.102203   -672.040032
PG12  -8673.503944 -22545.205813 -11413.904981    389.506725
PG13  12425.924759 -23363.484312   2522.819469    -56.060349
PG14 -16755.846295  13967.873709 -14782.674163    -46.049851
PG15   2121.481325 -25719.399284  -5547.906486   -335.051891
PG16  -7507.977146  13333.404868  21544.214552     16.440602
PG17  16256.821027  -5230.467644 -19944.313896   -198.722731
PG18 -21099.874635 -14913.977490  -6093.610647    577.869650
PG19  17346.652385 -11909.945850 -16651.421060   -519.613649
PG20 -10305.561675 -21400.122649  11708.150780    447.078437
PG21 -21855.904339  -5731.548981  14874.203081   -530.945933
PG22   5836.245290  21397.002500 -14310.209504    183.868540
PG23   2842.432769  22774.597460  13191.329647   -197.420446
PG24   -881.095413 -15679.271429 -21467.538405    -26.407308
PG25 -18065.225982 -19614.614538    339.429912   -286.059927
PG26 -15279.656085   5256.511375  21097.328107   -503.364485
PG27 -12323.734288  22173.381970   7507.850288    168.620629
PG28  19580.248806   9796.435790 -14415.806353    568.671072
PG29  -7604.217830 -16518.317014  19369.658651    642.465625
PG30  25561.409461   1397.468156   7302.977211    157.609281
PG31 -25546.039569   7200.516875   3572.004189    235.435168
PG32 -16373.162994   4330.931386 -20443.175192   -208.154432
PR01 -13551.727759  -9619.177992 -19349.755371   -137.994466
PR02  -7555.950749  10022.134701 -22169.456222    221.671441
PR03   2506.328969  22753.489472 -11188.276105     85.615350
PR04  11269.727307  21898.747347   6627.841875    193.252639
PR05  13458.567468   8530.466526  19907.899376    -50.856504
PR06   7169.461639 -11052.473679  21831.190549    100.216073
PR07  -2638.638194 -22892.491962  10995.617330     20.278667
PR08 -11010.511537 -22197.379892  -6000.597408    -26.982044
PR09  20563.150764  -2996.945301 -14818.121948     31.992979
PR10   1712.804596 -10419.075871 -23231.423592     16.502628
PR11 -16250.215190 -11055.714373 -16212.733393     11.424230
PR12 -25090.929509  -3685.804198   1711.814625 999999.999999
PR13 -18318.361652   4771.229811  17083.315673      4.507637
PR14    247.793374  10751.232859  23121.367571    406.315483
PR15  14716.089367  10995.243166  17663.754850      7.610891
PR16  25049.752498   4507.947867     23.130759     50.526596
PR17 -10645.350197  20310.113027 -11211.011678     10.163560
PR18   2612.653863  12568.815856 -22019.732551    128.035393
PR19  15045.118350  -2895.477186 -20392.974973   -169.013559
PR20  18444.166818 -16611.713568  -5972.004493   -263.497045
PR21  10710.605044 -20320.754304  11056.593343     91.157401
PR22  -3246.177054 -11941.836695  22326.780301    218.457377
PR23 -15721.577794   4483.784626  19573.412197     21.214978
PR24 -18213.142254  16670.167264   6373.447460   -143.513032
PR26  17821.657995 -17708.740782  -4322.929937     64.324521
PE01   7370.340997 -14415.578582 -24770.969903     78.536435
PE02  -7359.977395  14428.413971  24785.861941     -1.028792
PE08  10130.005547  27382.505423   4898.467563   3049.149050
PE09 -17620.871405 -12471.169236 -20244.932706   3107.006760
PE11 -19503.339215  -2327.991001  22138.199229   1540.385650
PE12  -4838.497308 -17446.578822  23421.087916    226.736331
PE14  19238.164611   6309.797117 -24306.686344   3202.213550
PE18 -10263.122137 -14095.780582  17859.512654   3646.056620
PE19   4655.501842 -25277.084257  14686.538031      3.758795
PE22 -13193.546267  23656.236785 -11965.551200   1861.605110
PE24 -27859.265446  -9802.289744  -2097.373760  -1068.540920
PE26  24042.310601 -15598.182808  -7372.932406   4109.120540
PE30  14739.547880  17255.480330  19004.047755   3364.349750
PC06  -7952.548922  34030.592087 -23207.116435   -409.303737
PC07 -14890.568219  21766.030101  32956.605656    -33.877632
PC08 -24786.141015  33192.440347  -8332.594716   -696.567947
PC09   1709.730034  40598.853706 -10598.106793    -23.700245
PC10   1136.263572  25682.148942  33559.881465   -242.634801
PC11 -10643.463595  25319.035281  -5190.590587    317.105452
PC12 -19086.354842  15564.994646  13274.792782    852.535710
PC13 -12618.074110  34385.544585 -21094.953169    655.469165
PC14  -1437.512769  21666.894673 -17453.226828    270.564176
PJ01 -23317.745178  18544.452076 -25240.619189   -229.068036
*  2016 11 21 16 15  0.00000000
PG01   1566.178335  15221.897391 -21796.081021     41.213792
PG02  19529.266568 -14597.428270  10536.809283    522.128326
PG03   9936.821615  21434.990819 -12153.906819    -99.354799
PG04  15547.786197 -17794.991772  12110.184979     18.061538
PG05   8678.597265 -12990.811798  21380.670526    -76.708157
PG06  25610.033718  -7015.392808   -597.477614    276.000193
PG07  17461.877043   8602.082151  18417.743718    408.923162
PG08  -4288.473879  26036.000639  -2726.394951    -39.737285
PG09   9988.193427  15751.555020  18884.869600    248.935849
PG10 -21414.626246  -6622.308629 -14305.950894   -114.866383
PG11  -2538.768932  20019.463810 -17850.261687   -672.041052
PG12  -7653.056069 -21561.488142 -13803.100192    389.506554
PG13  12452.886542 -22851.841328   5347.976807    -56.062086
PG14 -16290.528861  12165.261562 -16745.815919    -46.051669
PG15   2573.727408 -26101.468808  -2788.200303   -335.053284
PG16  -9153.813697  11434.190580  22026.277699     16.442087
PG17  15572.094323  -2918.145536 -20937.795053   -198.722097
PG18 -21304.455403 -15574.228959  -3394.814583    577.872570
PG19  16740.775480 -10057.483564 -18400.271599   -519.612945
PG20  -8982.931397 -20641.155609  13922.720533    447.079870
PG21 -20285.405789  -6380.806033  16793.140112   -530.944847
PG22   4354.611258  20344.813658 -16222.691344    183.858772
PG23   2215.563459  24014.792618  10827.422540   -197.421718
PG24   1465.350995 -16279.867164 -20961.502009    -26.407838
PG25 -17851.010286 -19667.461490  -2534.689747   -286.066104
PG26 -16886.756756   3524.634169  20219.165510   -503.368427
PG27 -12256.704445  21134.385265  10153.178687    168.625484
PG28  20487.940693  11133.708215 -12101.626430    568.673549
PG29  -6810.508925 -18489.778115  17823.705177    642.463647
PG30  24641.835927   1826.317443   9896.573994    157.610064
PG31 -25816.795258   7054.290556    735.855745    235.433008
PG32 -15807.760426   2009.793349 -21234.541934   -208.169336
PR01 -14476.424744 -11692.519992 -17442.686581   -137.994316
PR02  -8557.988408   7424.410900 -22820.426076    221.673523
PR03   2038.961416  21268.336548 -13877.259876     85.616053
PR04  11627.182895  22427.737972   3497.348997    193.253754
PR05  14411.713446  10677.988221  18126.916722    -50.859378
PR06   8182.575277  -8502.098001  22600.511931    100.216184
PR07  -2190.860273 -21436.607155  13699.897530     20.276915
PR08 -11340.822497 -22660.336720  -2851.798856    -26.982261
PR09  22228.576287  -2829.847237 -12227.962485     31.994596
PR10   4534.889503  -9984.233912 -23048.641992     16.502546
PR11 -14157.091310 -10609.108855 -18335.525738     11.423275
PR12 -25125.583266  -3545.453160  -1515.197043 999999.999999
PR13 -20283.963603   4617.114340  14745.879638      4.507625
PR14  -2579.305131  10298.714494  23178.341790    406.320432
PR15  12460.320569  10523.709652  19591.040559      7.610316
PR16  24869.699030   4332.074964   3238.013150     50.527716
PR17 -11284.606733  21341.612016  -8295.374380     10.165070
PR18   1004.042522  14674.224330 -20812.411843    128.036685
PR19  13321.166559   -945.421533 -21732.262763   -169.013456
PR20  17709.093993 -16018.738437  -9028.021884   -263.497944
PR21  11329.467342 -21343.846383   8120.486200     91.158541
PR22  -1612.644771 -14076.908628  21244.354642    218.458919
PR23 -14076.808796   2580.438350  21107.550619     21.215491
PR24 -17463.417228  16017.623445   9410.005542   -143.513810
PR26  17226.535265 -17252.008533  -7448.218199     64.325300
PE01   9529.130189 -13878.576140 -24338.071849     78.527726
PE02  -9516.689997  13892.050140  24354.377562     -1.028657
PE08  10257.706422  27681.064855   2226.494744   3049.507710
PE09 -18112.590068 -14157.966949 -18637.395715   3107.372060
PE11 -18044.268543  -3764.474317  23154.873618   1540.398880
PE12  -3400.893000 -18941.825228  22494.457138    226.812254
PE14  18501.383908   7802.848928 -24051.626340   3202.523670
PE18  -9305.163147 -16520.775035  16953.125664   3646.405420
PE19   4993.280258 -23897.941023  16739.792922      3.759165
PE22 -13833.551355  24387.264068  -9525.572751   1861.816030
PE24 -27593.910444  -9577.798779  -4842.463215  -1068.601180
PE26  23445.219670 -15090.201943  -9915.988454   4109.494360
PE30  13027.412402  16708.031543  20671.437668   3364.708730
PC06  -7437.739591  33005.549637 -24805.038999   -409.335437
PC07 -15993.691515  21847.877380  32362.259582    -33.884622
PC08 -24023.266221  34236.478548  -6050.434447   -696.588337
PC09   2642.746770  39931.389623 -12723.924071    -23.742107
PC10     78.421083  25345.938492  33821.231810   -242.651987
PC11 -10881.250992  25639.065175  -2411.961254    317.099159
PC12 -18445.149398  14242.006275  15479.789108    852.560666
PC13 -12346.556818  35551.712183 -19250.237624    655.495728
PC14  -2524.532011  20117.663607 -19107.944966    270.573890
PJ01 -24160.017827  17954.115679 -24929.088681   -229.041509
*  2016 11 21 16 30  0.00000000
PG01   -779.944503  15915.381724 -21314.172903     41.214953
PG02  20579.986303 -14679.773409   7967.934734    522.123108
PG03   8672.734052  20568.858086 -14409.480334    -99.356376
PG04  15262.908219 -16317.155717  14400.763938     18.064071
PG05  10550.821000 -11370.689487  21479.125297    -76.705671
PG06  25463.820205  -6713.801491  -3450.181906    276.004639
PG07  15437.051802   9308.563183  19804.655546    408.920280
PG08  -4560.810566  26137.662160    136.436652    -39.738023
PG09   9424.689458  17757.611892  17332.288865    248.942530
PG10 -22402.140191  -7777.640198 -12042.436762   -114.867433
PG11  -4128.748300  21042.513277 -16256.090552   -672.041634
PG12  -6398.654840 -20455.159208 -15958.991521    389.506828
PG13  12405.755921 -22043.758810   8081.158926    -56.063952
PG14 -15859.036783  10141.160714 -18413.512127    -46.053145
PG15   2960.703140 -26191.705911     20.488029   -335.054131
PG16 -10924.176564   9609.259390  22124.681178     16.443361
PG17  14988.709812   -482.995224 -21558.391020   -198.721157
PG18 -21308.237907 -16020.864941   -637.844501    577.875396
PG19  16183.886520  -8003.798125 -19841.999431   -519.612315
PG20  -7437.413763 -19800.140663  15895.190497    447.081716
PG21 -18567.491912  -7170.112374  18439.887537   -530.944190
PG22   2672.777553  19230.424172 -17850.338250    183.849196
PG23   1706.666250  25013.265098   8274.563331   -197.422844
PG24   3707.915685 -16972.301187 -20095.643395    -26.409489
PG25 -17403.518490 -19514.074436  -5365.783052   -286.072278
PG26 -18492.925867   1958.503436  18993.790258   -503.372290
PG27 -12184.142428  19808.686390  12621.720844    168.630358
PG28  21277.553678  12209.138319  -9572.191403    568.676008
PG29  -6178.498125 -20316.257288  15971.357653    642.462423
PG30  23470.254910   2369.192839  12320.936248    157.610801
PG31 -25788.219103   6835.641704  -2112.649271    235.431275
PG32 -15348.917732   -404.687451 -21660.053950   -208.184169
PR01 -15434.534167 -13464.952682 -15196.725364   -137.994832
PR02  -9769.174324   4859.209518 -23026.667241    221.675367
PR03   1329.158865  19536.875876 -16295.696541     85.616939
PR04  11853.028633  22578.367784    298.876573    193.254710
PR05  15409.570901  12535.388975  15993.568677    -50.862392
PR06   9405.602463  -5969.701842  22930.287296    100.216849
PR07  -1502.308686 -19731.982914  16138.887317     20.274704
PR08 -11535.095281 -22745.074940    352.463681    -26.981641
PR09  23570.037607  -2817.624858  -9400.800857     31.996518
PR10   7331.282210  -9767.838491 -22419.115149     16.502756
PR11 -11798.520389 -10293.694730 -20100.970528     11.422613
PR12 -24753.899773  -3372.820450  -4712.467171 999999.999999
PR13 -21951.068553   4631.719137  12121.709934      4.507256
PR14  -5412.560220  10061.940508  22784.470131    406.324497
PR15   9963.410545  10204.763538  21137.098065      7.609746
PR16  24285.440540   4140.237010   6389.565029     50.528962
PR17 -11634.717998  22115.733355  -5218.937914     10.166793
PR18   -344.952269  16751.021757 -19199.809888    128.038112
PR19  11667.333806   1240.952787 -22649.477498   -169.014391
PR20  16807.488503 -15076.277173 -11909.081344   -263.499351
PR21  11659.007118 -22105.152607   5026.334321     91.160142
PR22   -234.493371 -16197.639765  19750.685323    218.459929
PR23 -12485.402739    425.285593  22231.462089     21.216071
PR24 -16557.583702  15013.202590  12263.517029   -143.514265
PR26  16452.983852 -16443.340182 -10428.545744     64.324648
PE01  11669.668392 -13510.965172 -23602.295312     78.519059
PE02 -11655.363235  13524.984588  23620.293536     -1.028469
PE08  10325.456892  27741.351749   -473.161766   3049.866370
PE09 -18666.246351 -15660.620078 -16797.938921   3107.737380
PE11 -16637.293562  -5358.637990  23883.462420   1540.412120
PE12  -2133.692163 -20460.609459  21288.165448    226.888161
PE14  17849.046953   9338.679055 -23544.215857   3202.833770
PE18  -8514.046311 -18808.275573  15714.392545   3646.754240
PE19   5480.896705 -22378.382612  18584.877019      3.759565
PE22 -14273.310785  24990.883439  -6967.244149   1862.026950
PE24 -27072.718081  -9327.044282  -7527.360854  -1068.661420
PE26  22737.359488 -14373.345730 -12335.609825   4109.868150
PE30  11143.774428  16260.797245  22081.744769   3365.067700
PC06  -7061.171526  31919.757522 -26294.525675   -409.367127
PC07 -17076.755246  22073.624522  31628.880322    -33.891432
PC08 -23130.935028  35172.722189  -3742.393843   -696.608968
PC09   3480.102986  39145.452105 -14794.277213    -23.784134
PC10  -1014.270066  25151.856473  33937.994741   -242.669574
PC11 -10979.181717  25712.559256    402.277699    317.093229
PC12 -17800.549474  12685.779004  17456.784482    852.585640
PC13 -11925.071761  36673.505561 -17323.261947    655.522210
PC14  -3792.244410  18509.407096 -20477.723112    270.583630
PJ01 -25047.108237  17457.652526 -24482.802653   -229.015062
*  2016 11 21 16 45  0.00000000
PG01  -3018.496699  16706.061414 -20467.654290     41.216066
PG02  21356.218002 -14690.824841   5261.114187    522.118031
PG03   7177.292012  19618.531155 -16417.327441    -99.358040
PG04  14991.828686 -14592.479346  16444.131153     18.065698
PG05  12491.577577  -9852.730171  21205.251941    -76.703602
PG06  25036.116811  -6287.661729  -6243.495175    276.009083
PG07  13322.277280  10170.687477  20859.075701    408.916853
PG08  -4780.747767  25932.310206   2996.918966    -39.739083
PG09   8991.914549  19599.018950  15480.889387    248.949202
PG10 -23238.996462  -8713.059389  -9572.507037   -114.868384
PG11  -5537.579598  22004.499642 -14392.896364   -672.042852
PG12  -4912.964126 -19270.812228 -17845.178491    389.506661
PG13  12323.599039 -20941.909702  10675.150799    -56.065698
PG14 -15493.826941   7929.050786 -19756.084710    -46.054698
PG15   3316.081394 -25981.636796   2828.800140   -335.055498
PG16 -12784.113591   7897.188597  21838.929966     16.444623
PG17  14527.729938   2027.333179 -21795.274824   -198.720466
PG18 -21087.092593 -16277.945859   2130.025661    577.878382
PG19  15706.964098  -5782.777355 -20952.348957   -519.611715
PG20  -5680.898295 -18916.207834  17590.936132    447.083808
PG21 -16742.792081  -8107.225375  19788.950639   -530.943275
PG22    807.458456  18093.522592 -19164.275578    183.839336
PG23   1288.673565  25741.425737   5576.744368   -197.423728
PG24   5807.197555 -17730.828974 -18884.144833    -26.409916
PG25 -16703.940744 -19188.708687  -8105.890973   -286.078453
PG26 -20054.655639    575.339336  17442.364210   -503.376231
PG27 -12143.505847  18215.564619  14870.582895    168.635225
PG28  21906.997700  13028.009719  -6873.664623    568.678662
PG29  -5694.413282 -21953.863216  13844.487107    642.460854
PG30  22078.078454   3050.177812  14534.513896    157.611588
PG31 -25472.019895   6508.592638  -4925.594442    235.429240
PG32 -15011.853391  -2866.242274 -21712.448266   -208.199019
PR01 -16370.112531 -14908.854909 -12655.451770   -137.994440
PR02 -11162.617389   2391.306220 -22784.311139    221.676985
PR03    359.243833  17618.444986 -18396.403141     85.618283
PR04  11895.279521  22369.004714  -2905.404864    193.255830
PR05  16396.919325  14072.292348  13549.366522    -50.865643
PR06  10813.347842  -3519.610141  22813.982821    100.217726
PR07   -554.536169 -17837.269812  18265.414174     20.272873
PR08 -11542.142469 -22471.839940   3549.883405    -26.981925
PR09  24550.070075  -2915.441633  -6391.515748     31.998165
PR10  10031.420821  -9765.263436 -21355.318701     16.503051
PR11  -9230.033349 -10145.544707 -21474.723191     11.421829
PR12 -23981.212759  -3223.647052  -7817.274103 999999.999999
PR13 -23275.014399   4772.653994   9261.842329      4.507451
PR14  -8180.579011  10040.490856  21947.121739    406.328849
PR15   7285.651043  10071.159281  22272.207666      7.609912
PR16  23307.453920   3987.810474   9416.152021     50.530075
PR17 -11727.390272  22584.933454  -2041.353270     10.168702
PR18  -1421.968580  18732.582417 -17213.182254    128.039498
PR19  10136.740052   3617.828157 -23126.846328   -169.014975
PR20  15799.091206 -13780.542736 -14559.304632   -263.500448
PR21  11731.732962 -22557.180179   1834.348481     91.161624
PR22    873.725923 -18237.813462  17875.039934    218.460966
PR23 -11001.725680  -1938.418510  22923.280110     21.217153
PR24 -15555.646200  13655.490745  14878.410332   -143.513749
PR26  15559.490399 -15275.402271 -13205.906053     64.327015
PE01  13752.372109 -13310.750144 -22572.809849     78.510389
PE02 -13736.473822  13325.231450  22592.725823     -1.028346
PE08  10302.006112  27572.809813  -3166.934912   3050.225020
PE09 -19251.898103 -16960.693329 -14749.442016   3108.102730
PE11 -15313.183240  -7088.619854  24314.914785   1540.425250
PE12  -1047.974117 -21967.438716  19817.211039    226.964059
PE14  17282.903294  10893.204667 -22781.442313   3203.143840
PE18  -7891.106864 -20922.465652  14185.279842   3647.103060
PE19   6130.673742 -20751.283083  20198.838014      3.759950
PE22 -14527.971806  25436.838031  -4322.345324   1862.237780
PE24 -26298.802103  -9085.489084 -10118.692233  -1068.721680
PE26  21952.407797 -13441.128430 -14601.687627   4110.241940
PE30   9118.752207  15937.997058  23217.446374   3365.426650
PC06  -6829.629726  30791.923732 -27669.081448   -409.398666
PC07 -18121.040891  22439.310209  30759.481038    -33.898295
PC08 -22124.364497  35985.219913  -1418.348745   -696.629703
PC09   4207.073088  38254.618408 -16800.139222    -23.826212
PC10  -2122.944281  25103.159218  33909.565804   -242.686800
PC11 -10969.821835  25522.691353   3210.585374    317.087001
PC12 -17188.685568  10914.445489  19176.592601    852.610704
PC13 -11360.710965  37731.755222 -15322.279356    655.548780
PC14  -5232.298609  16882.484063 -21542.208151    270.593423
PJ01 -25965.844246  17061.003844 -23904.691892   -228.988676
*  2016 11 21 17  0  0.00000000
PG01  -5109.683931  17566.383915 -19270.205769     41.217197
PG02  21857.373195 -14592.715788   2462.653218    522.113189
PG03   5461.499860  18625.981663 -18142.941528    -99.359723
PG04  14769.538321 -12648.114222  18206.119002     18.068208
PG05  14460.738379  -8463.413364  20564.428886    -76.701534
PG06  24350.745312  -5707.037210  -8929.321363    276.013536
PG07  11163.774228  11186.050328  21562.472167    408.913750
PG08  -4985.938132  25418.509123   5805.702754    -39.741123
PG09   8671.235820  21235.988643  13362.618170    248.955844
PG10 -23886.393036  -9438.959006  -6938.572584   -114.869455
PG11  -6758.079661  22867.754759 -12290.487520   -672.043806
PG12  -3207.392358 -18052.993794 -19429.736481    389.506630
PG13  12245.001567 -19557.928631  13084.994741    -56.067398
PG14 -15221.772490   5568.947250 -20749.708711    -46.056059
PG15   3674.497500 -25471.468666   5587.210364   -335.056339
PG16 -14693.093578   6329.940627  21175.237438     16.446088
PG17  14202.231337   4562.002373 -21644.685670   -198.719597
PG18 -20623.136129 -16374.712104   4861.951713    577.881451
PG19  15335.037652  -3434.060209 -21712.397462   -519.610942
PG20  -3733.182181 -18027.068311  18980.134605    447.085268
PG21 -14853.229652  -9192.696890  20819.498254   -530.942076
PG22  -1217.058592  16971.555278 -20141.214392    183.829455
PG23    930.115044  26178.126970   2780.884197   -197.424810
PG24   7729.257811 -18523.976808 -17347.197789    -26.410397
PG25 -15741.337984 -18729.665037 -10708.680236   -286.084678
PG26 -21527.287957   -615.809020  15591.614748   -503.380094
PG27 -12168.798130  16382.548284  16860.778323    168.639993
PG28  22337.933747  13604.644474  -4054.592916    568.681178
PG29  -5337.110466 -23363.435970  11479.671277    642.459352
PG30  20502.283399   3887.075230  16499.303635    157.612384
PG31 -24887.865719   6040.557593  -7655.513703    235.427342
PG32 -14803.990933  -5326.520727 -21390.894582   -208.213828
PR01 -17224.743956 -16009.091661  -9868.204936   -137.994086
PR02 -12700.546936     79.716806 -22098.249551    221.678583
PR03   -876.408439  15576.792049 -20138.408667     85.618681
PR04  11707.937281  21829.927362  -6053.195108    193.257426
PR05  17315.524217  15270.649442  10841.854804    -50.868711
PR06  12369.692967  -1210.896595  22253.750480    100.218285
PR07    658.997490 -15815.593575  20038.349592     20.271487
PR08 -11317.054574 -21872.624883   6678.367874    -26.982487
PR09  25142.940736  -3072.644631  -3258.457085     32.000112
PR10  12567.669465  -9959.558077 -19878.094148     16.503233
PR11  -6514.412890 -10190.421541 -22430.105503     11.421415
PR12 -22826.297159  -3151.739872 -10768.794867 999999.999999
PR13 -24222.392599   4990.484064   6221.896138      4.506907
PR14 -10813.770896  10221.418788  20682.326500    406.334190
PR15   4493.560858  10144.500368  22974.690288      7.609939
PR16  21959.389792   3927.337630  12258.612026     50.531146
PR17 -11603.844223  22711.056226   1175.790576     10.170288
PR18  -2227.477264  20552.935445 -14891.116013    128.040899
PR19   8773.996916   6130.086355 -23155.134902   -169.015726
PR20  14744.878089 -12141.017518 -16927.256951   -263.501562
PR21  11589.675139 -22662.051939  -1393.343776     91.162890
PR22   1710.262719 -20131.398234  15653.982346    218.462749
PR23  -9672.185661  -4457.629591  23169.536647     21.217916
PR24 -14518.399973  11956.399222  17203.738849   -143.514188
PR26  14606.467876 -13754.145486 -15726.253268     64.329609
PE01  15738.821281 -13269.444189 -21262.439957     78.501688
PE02 -15721.650341  13284.321820  21284.432980     -1.028236
PE08  10158.469599  27190.698762  -5821.330946   3050.583690
PE09 -19837.297253 -18045.490472 -12517.389746   3108.468000
PE11 -14098.834083  -8927.662696  24443.877385   1540.438460
PE12   -148.612168 -23425.867229  18099.880511    227.039976
PE14  16800.235470  12440.522016 -21762.136643   3203.453940
PE18  -7429.167045 -22834.564509  12409.482319   3647.451870
PE19   6949.152074 -19051.632977  21561.595890      3.760350
PE22 -14617.924853  25698.485454  -1623.735637   1862.448740
PE24 -25281.933348  -8887.673999 -12584.244109  -1068.781940
PE26  21125.114507 -12293.318882 -16686.030465   4110.615740
PE30   6986.451728  15758.614588  24064.435564   3365.785610
PC06  -6747.383813  29641.492680 -28922.723045   -409.430753
PC07 -19108.499396  22938.553865  29757.665508    -33.905034
PC08 -21020.720790  36660.142492    911.761752   -696.650102
PC09   4810.842668  37274.290544 -18732.767475    -23.868385
PC10  -3228.465339  25200.607192  33735.957298   -242.703661
PC11 -10888.587174  25059.829223   5971.545377    317.080513
PC12 -16642.494376   8952.920391  20613.771705    852.635674
PC13 -10663.007192  38708.379100 -13255.852709    655.575405
PC14  -6829.311356  15275.896572 -22285.627813    270.603246
PJ01 -26902.551620  16768.323161 -23198.519494   -228.962176
*  2016 11 21 17 15  0.00000000
PG01  -7019.436869  18462.958409 -17741.579712     41.218326
PG02  22091.250974 -14349.539013   -378.939826    522.107913
PG03   3544.623904  17631.728837 -19556.664327    -99.361371
PG04  14626.324531 -10518.092656  19657.551097     18.070680
PG05  16414.937239  -7221.981292  19568.386702    -76.699698
PG06  23438.434811  -4947.578162 -11461.405815    276.018086
PG07   9007.557293  12344.113169  21902.007534    408.910811
PG08  -5213.835544  24603.774598   8514.403734    -39.742624
PG09   8437.704766  22634.264477  11014.022755    248.962460
PG10 -24309.804659  -9973.245074  -4185.805581   -114.870467
PG11  -7790.058944  23594.979409  -9982.807819   -672.044550
PG12  -1301.857166 -16844.526618 -20685.729555    389.506451
PG13  12206.416592 -17912.120144  15268.785777    -56.069027
PG14 -15063.027304   3106.009288 -21376.872634    -46.057883
PG15   4069.953570 -24670.142553   8246.963030   -335.057351
PG16 -16606.483148   4931.813877  20146.328714     16.447720
PG17  14016.818229   7068.835814 -21109.969657   -198.718738
PG18 -19905.443403 -16344.257199   7512.264073    577.884124
PG19  15086.214676  -1001.763185 -22108.866858   -519.610253
PG20  -1621.418618 -17167.513393  20038.321953    447.086838
PG21 -12940.643451 -10419.755462  21515.573949   -530.941007
PG22  -3369.657249  15898.263447 -20763.899434    183.819678
PG23    596.550346  26310.524653    -64.011064   -197.425909
PG24   9446.752034 -19315.746777 -15510.701568    -26.410459
PG25 -14513.200792 -18177.724175 -13130.185997   -286.090753
PG26 -22866.667491  -1614.216222  13473.373667   -503.383955
PG27 -12289.098407  14344.475038  18557.918250    168.644755
PG28  22537.299152  13961.503569  -1164.933060    568.683734
PG29  -5079.062401 -24511.953984   8917.567024    642.457707
PG30  18784.068730   4890.528668  18181.496670    157.613267
PG31 -24062.635759   5403.767966 -10256.145189    235.425235
PG32 -14724.699119  -7736.759490 -20701.004660   -208.228641
PR01 -17940.095848 -16763.406849  -6889.126733   -137.993665
PR02 -14335.796563  -2024.536452 -20982.025589    221.680204
PR03  -2370.878840  13477.480443 -21487.761835     85.620109
PR04  11253.164393  21001.938971  -9083.280985    193.258601
PR05  18106.673484  16125.240233   7923.682965    -50.871600
PR06  14028.982864    904.862104  21260.394726    100.219593
PR07   2132.404350 -13732.007690  21423.393348     20.270063
PR08 -10823.317052 -20989.702396   9677.245725    -26.983231
PR09  25335.630813  -3235.137096    -62.319410     32.002044
PR10  14877.889142 -10322.261648 -18016.231578     16.502987
PR11  -3719.293886 -10442.591294 -22948.622048     11.420664
PR12 -21320.629190  -3206.427626 -13509.328167 999999.999999
PR13 -24772.329899   5231.043777   3060.987936      4.506006
PR14 -13247.023201  10579.855334  19014.482944    406.339621
PR15   1657.336918  10434.267307  23231.298717      7.610024
PR16  20277.162041   4006.051050  14861.434648     50.532144
PR17 -11312.844607  22467.026154   4370.154416     10.171963
PR18  -2774.521358  22149.450124 -12278.781515    128.042587
PR19   7613.446917   8715.375998 -22733.823192   -169.016933
PR20  13704.408101 -10180.305937 -18966.942640   -263.503189
PR21  11282.372899 -22393.203664  -4593.916414     91.164180
PR22   2285.976407 -21815.190767  13130.653820    218.463564
PR23  -8533.371239  -7071.486706  22965.425241     21.218132
PR24 -13504.772061   9940.915138  19194.182464   -143.514227
PR26  13653.589786 -11898.787698 -17940.559937     64.334199
PE01  17592.906391 -13372.366906 -19687.504864     78.492991
PE02 -17574.817250  13387.599346  19711.658853     -1.028055
PE08   9869.296127  26615.595365  -8403.345914   3050.942370
PE09 -20388.929932 -18908.393613 -10129.554740   3108.833320
PE11 -13016.458768 -10844.894839  24268.760200   1540.451700
PE12    565.817546 -24799.614590  16157.522142    227.115873
PE14  16393.587164  13953.340781 -20487.344926   3203.764040
PE18  -7114.000035 -24522.884512  10430.647393   3647.800640
PE19   7936.828549 -17315.477218  22656.192693      3.760719
PE22 -14568.106600  25753.658708   1095.053266   1862.659660
PE24 -24038.264443  -8766.079675 -14893.364534  -1068.842170
PE26  20290.190606 -10936.008943 -18562.715416   4110.989530
PE30   4783.960294  15735.784820  24612.195431   3366.144550
PC06  -6816.113337  28488.307252 -30050.005764   -409.463001
PC07 -20022.062938  23562.662718  28627.615076    -33.912014
PC08 -19838.825231  37186.018480   3237.976964   -696.670792
PC09   5280.731949  36221.427899 -20583.743184    -23.910529
PC10  -4311.754518  25442.449958  33417.800090   -242.720950
PC11 -10772.399400  24321.915182   8644.465775    317.073752
PC12 -16190.535188   6832.154667  21746.996925    852.660666
PC13  -9843.770838  39586.691241 -11132.818551    655.602075
PC14  -8561.301554  13725.973874 -22697.022737    270.613077
PJ01 -27843.317928  16581.919405 -22368.832695   -228.935669
*  2016 11 21 17 30  0.00000000
PG01  -8720.551463  19357.816797 -15907.319736     41.219480
PG02  22073.705650 -13928.969699  -3213.804621    522.102782
PG03   1453.650753  16673.266346 -20634.192903    -99.363021
PG04  14586.553931  -8242.162674  20774.665216     18.072797
PG05  18309.123638  -6139.868196  18234.958266    -76.697689
PG06  22335.615904  -3991.665628 -13796.133934    276.022707
PG07   6897.854341  13626.434718  21870.806141    408.907604
PG08  -5500.048877  23504.322968  11076.439540    -39.743683
PG09   8261.186508  23766.321637   8475.615946    248.969025
PG10 -24480.346913 -10340.447400  -1361.372261   -114.871568
PG11  -8640.201140  24150.646772  -7507.501007   -672.045335
PG12    775.766489 -15684.907245 -21591.650681    389.506486
PG13  12240.595983 -16032.837596  17188.422319    -56.071081
PG14 -15030.178701    588.939765 -21626.708130    -46.059208
PG15   4534.243992 -23595.042444  10761.003173   -335.058419
PG16 -18477.177044   3718.711785  18771.132810     16.449133
PG17  13967.503127   9496.213949 -20201.466789   -198.718218
PG18 -18930.498670 -16222.096183  10037.157249    577.886897
PG19  14970.966857   1466.959348 -22134.363349   -519.609700
PG20    620.728476 -16368.039140  20746.852237    447.088602
PG21 -11045.431266 -11774.438765  21866.261191   -530.939562
PG22  -5613.416951  14902.382583 -21021.436706    183.809915
PG23    252.142111  26134.624831  -2907.751646   -197.427130
PG24  10939.814310 -20067.019538 -13405.856659    -26.410772
PG25 -13025.699094 -17574.503999 -15329.513290   -286.096928
PG26 -24030.786742  -2427.309850  11124.031276   -503.387836
PG27 -12527.299803  12142.274278  19932.812109    168.649538
PG28  22478.596958  14127.991770   1744.895985    568.686298
PG29  -4887.599035 -25373.715716   6202.213300    642.456057
PG30  16967.361263   6063.420594  19552.059896    157.614081
PG31 -23029.413258   4576.530061 -12683.178655    235.423192
PG32 -14765.357109 -10049.468037 -19654.730661   -208.243464
PR01 -18460.490792 -17182.283752  -3776.109533   -137.993291
PR02 -16013.700062  -3880.311107 -19457.554615    221.682092
PR03  -4104.751136  11385.235435 -22418.198187     85.620773
PR04  10503.123457  19934.555992 -11936.732521    193.260715
PR05  18713.751064  16643.643818   4851.577907    -50.875005
PR06  15737.833244   2785.509881  19853.169335    100.220866
PR07   3847.371087 -11650.885442  22393.727964     20.267876
PR08 -10034.577968 -19873.747076  12488.439183    -26.982875
PR09  25128.306370  -3347.896539   3135.026221     32.003730
PR10  16907.783514 -10814.712209 -15805.904418     16.503098
PR11   -914.568789 -10904.141074 -23020.313600     11.419823
PR12 -19507.122771  -3430.221571 -15985.444730 999999.999999
PR13 -24917.260489   5437.957307   -159.423279      4.505478
PR14 -15422.200269  11080.137054  16975.898788    406.344072
PR15  -1151.834390  10937.374593  23037.443313      7.609696
PR16  18307.533858   4263.634125  17173.863173     50.533108
PR17 -10908.424104  21838.096002   7479.849936     10.173438
PR18  -3087.917645  23465.402024  -9427.050600    128.043963
PR19   6677.850711  11306.490697 -21871.113255   -169.017395
PR20  12733.246349  -7933.445959 -20638.698004   -263.505018
PR21  10864.553137 -21736.621954  -7705.077329     91.165618
PR22   2623.617477 -23231.353286  10353.936111    218.464558
PR23  -7610.620260  -9713.620266  22314.895842     21.218457
PR24 -12569.257713   7646.307806  20810.939060   -143.514751
PR26  12757.173884  -9741.246753 -19805.774626     64.332175
PE01  19281.904592 -13599.138794 -17867.614808     78.484336
PE02 -19263.268838  13614.711826  17893.932239     -1.027893
PE08   9413.131086  25872.730830 -10880.876028   3051.301030
PE09 -20873.099146 -19549.013324  -7615.651493   3109.198650
PE11 -12082.924240 -12806.240997  23791.755552   1540.464930
PE12   1102.929226 -26053.681844  14014.281163    227.191800
PE14  16050.568243  15403.478175 -18960.786710   3204.074130
PE18  -6925.882720 -25972.587135   8291.108019   3648.149370
PE19   9088.084975 -15578.822520  23469.003579      3.761100
PE22 -14407.161891  25585.389998   3800.233252   1862.870600
PE24 -22589.857303  -8750.054309 -17017.343578  -1068.902420
PE26  19481.201512  -9381.484501 -20208.410307   4111.363390
PE30   2550.247793  15876.367562  24853.928762   3366.503520
PC06  -7034.878380  27352.264014 -31046.047674   -409.494931
PC07 -20845.940407  24300.778918  27374.072983    -33.918841
PC08 -18598.832274  37553.929514   5550.356319   -696.691413
PC09   5608.381975  35114.252682 -22345.009333    -23.952574
PC10  -5354.118221  25824.454097  32956.342883   -242.738315
PC11 -10658.294670  23314.590112  11189.967014    317.067097
PC12 -15855.962617   4588.182187  22559.376014    852.685936
PC13  -8916.888109  40351.686573  -8962.250099    655.628726
PC14 -10400.360500  12265.158671 -22770.404330    270.622917
PJ01 -28774.257853  16502.240177 -21420.906137   -228.909269
*  2016 11 21 17 45  0.00000000
PG01 -10193.573130  20209.875422 -13798.374748     41.220634
PG02  21827.990870 -13303.783957  -5991.647156    522.097717
PG03   -777.551414  15783.619286 -21356.995225    -99.364696
PG04  14667.702651  -5864.424975  21539.439171     18.075002
PG05  20098.182106  -5220.445144  16587.725151    -76.695363
PG06  21083.006995  -2829.296412 -15893.284486    276.027185
PG07   4875.584721  15007.207843  21468.139286    408.904510
PG08  -5876.775603  22144.496278  13447.829908    -39.745021
PG09   8107.697492  24612.316823   5791.171895    248.975602
PG10 -24375.935788 -10570.581126   1486.365462   -114.872582
PG11  -9321.690380  24502.379180  -4905.403344   -672.046656
PG12   2990.496204 -14608.836808 -22131.783451    389.506463
PG13  12375.168203 -13955.553878  18810.297207    -56.072731
PG14 -15127.724417  -1931.755519 -21495.181397    -46.060900
PG15   5095.470111 -22271.370757  13084.877803   -335.059577
PG16 -20257.316187   2697.751821  17074.374865     16.450761
PG17  14041.956319  11794.937440 -18936.250618   -198.717753
PG18 -17702.378080 -16044.683765  12395.319272    577.889754
PG19  14991.702392   3923.472906 -21787.540455   -519.608902
PG20   2954.191168 -15653.653144  21093.248178    447.090117
PG21  -9205.254597 -13235.969836  21865.805431   -530.938962
PG22  -7906.876311  14006.558607 -20909.492868    183.800270
PG23   -138.696266  25655.486403  -5699.913711   -197.428206
PG24  12196.656781 -20737.101955 -11068.656884    -26.411497
PG25 -11293.614348 -16960.800270 -17269.488735   -286.103067
PG26 -24981.360373  -3070.184125   8583.914900   -503.391766
PG27 -12899.106298   9821.521174  20961.967841    168.654215
PG28  22142.907081  14139.028483   4624.914491    568.688590
PG29  -4726.351743 -25931.250873   3380.276499    642.454432
PG30  15097.225688   7400.571981  20587.240630    157.614920
PG31 -21826.253308   3544.267419 -14894.986811    235.421282
PG32 -14909.741583 -12220.066991 -18270.154508   -208.258305
PR01 -18735.385585 -17288.279479   -589.668619   -137.993083
PR02 -17674.319015  -5457.806117 -17554.681625    221.683195
PR03  -6046.695656   9361.345274 -22911.653162     85.621614
PR04   9441.402874  18683.848127 -14558.054506    193.262314
PR05  19084.738953  16845.680359   1685.237855    -50.877702
PR06  17437.283335   4399.832526  18059.407722    100.221364
PR07   5773.686502  -9633.358628  22930.531736     20.266526
PR08  -8935.992487 -18581.629629  15057.579777    -26.982583
PR09  24534.258932  -3357.532351   6271.719682     32.005651
PR10  18612.924785 -11389.794202 -13289.967445     16.504002
PR11   1830.293317 -11564.829753 -22643.941201     11.419260
PR12 -17438.399519  -3856.782934 -18149.040224 999999.999999
PR13 -24663.156644   5555.257972  -3376.736304      4.505530
PR14 -17290.360557  11677.410571  14606.171697    406.348880
PR15  -3864.494334  11638.272650  22397.250428      7.608974
PR16  16106.261720   4730.314810  19150.895745     50.534467
PR17 -10447.397374  20822.596904  10444.631322     10.175166
PR18  -3202.954618  24452.310875  -6391.498581    128.045226
PR19   5977.576295  13833.959793 -20583.768992   -169.018004
PR20  11880.570627  -5446.706341 -21909.964104   -263.507211
PR21  10393.600033 -20691.569644 -10666.289706     91.167269
PR22   2756.614006 -24329.742247   7377.512581    218.466049
PR23  -6917.078433 -12314.699850  21230.579442     21.218654
PR24 -11759.561168   5120.822855  22022.487954   -143.514604
PR26  11967.726557  -7325.046225 -21285.660444     64.332867
PE01  20777.451198 -13924.356741 -15825.426337     78.475648
PE02 -20758.639658  13940.283479  15853.825919     -1.027752
PE08   8773.549183  24991.185339 -13223.116738   3051.659680
PE09 -21257.015920 -19973.144937  -5006.965897   3109.563940
PE11 -11309.259933 -14775.434914  23018.810154   1540.478090
PE12   1476.226003 -27155.430462  11696.800290    227.267719
PE14  15753.764700  16762.421984 -17189.406855   3204.384180
PE18  -6841.108407 -27175.251032   6031.057240   3648.498120
PE19  10391.310086 -13876.548456  23989.906512      3.761499
PE22 -14166.490780  25182.474705   6458.178965   1863.081400
PE24 -20964.028202  -8864.840866 -18929.769929  -1068.962680
PE26  18729.499638  -7647.903142 -21602.663252   4111.737220
PE30    325.009959  16180.720235  24786.641624   3366.862470
PC06  -7400.135908  26252.967654 -31906.551051   -409.526805
PC07 -21565.891411  25140.064310  26002.326148    -33.925672
PC08 -17321.884839  37757.661975   7839.020903   -696.712073
PC09   5787.900338  33971.933402 -24008.906851    -23.994748
PC10  -6337.569438  26339.973718  32353.448913   -242.755264
PC11 -10582.032985  22051.056934  13570.549850    317.061265
PC12 -15655.691327   2260.990575  23038.703857    852.711108
PC13  -7898.083852  40990.296934  -6753.419340    655.655397
PC14 -12313.534389  10920.938240 -22504.836438    270.632786
PJ01 -29681.773540  16527.894661 -20360.678068   -228.882803
*  2016 11 21 18  0  0.00000000
PG01 -11427.387889  20976.543395 -11450.610308     41.221803
PG02  21383.798072 -12453.203582  -8662.706591    522.092910
PG03  -3109.337307  14990.086749 -21712.627511    -99.366332
PG04  14879.666335  -3431.824640  21939.819704     18.077178
PG05  21738.554933  -4459.086237  14655.569425    -76.693185
PG06  19724.047558  -1458.673398 -17716.724412    276.031698
PG07   2976.952149  16454.088600  20699.521326    408.901137
PG08  -6371.376555  20555.886674  15587.946417    -39.746880
PG09   7940.898706  25160.751028   3006.966080    248.982148
PG10 -23982.198784 -10697.803689   4308.666603   -114.873572
PG11  -9853.592275  24622.248389  -2219.963551   -672.047323
PG12   5301.361318 -13644.938526 -22296.479802    389.506707
PG13  12631.420494 -11721.657582  20105.914926    -56.074560
PG14 -15351.895068  -4405.576233 -20985.142837    -46.062596
PG15   5776.708659 -20731.215364  15177.585432   -335.060920
PG16 -21900.026499   1867.222144  15086.080816     16.452107
PG17  14220.108621  13919.979142 -17337.731326   -198.716979
PG18 -16232.665064 -15847.935442  14548.498884    577.892588
PG19  15142.642872   6319.286267 -21073.180662   -519.608566
PG20   5335.822451 -15042.912366  21071.435232    447.092177
PG21  -7453.841933 -14777.365276  21513.694600   -530.937979
PG22 -10205.483269  13226.525604 -20430.362294    183.790288
PG23   -609.648649  24887.065484  -8390.812167   -197.429065
PG24  13213.858723 -21285.359857  -8539.286866    -26.411951
PG25  -9339.956875 -16374.971166 -18917.254738   -286.109186
PG26 -25685.268950  -3564.817652   5896.602040   -503.395606
PG27 -13412.327316   7430.820478  21627.983359    168.658925
PG28  21519.591248  14033.451648   7426.421393    568.691420
PG29  -4556.844748 -26175.926465    500.250953    642.452877
PG30  13218.238753   8888.756724  21268.986027    157.615799
PG31 -20494.767607   2300.306251 -16853.330263    235.419416
PG32 -15134.720276 -14208.416815 -16571.172145   -208.273168
PR01 -18721.651979 -17114.862134   2608.238520   -137.993100
PR02 -19254.907877  -6739.539708 -15310.584777    221.684987
PR03  -8154.566013   7461.226322 -22958.611264     85.621897
PR04   8063.967295  17310.021419 -16896.270444    193.263090
PR05  19174.541788  16762.349810  -1513.830611    -50.880539
PR06  19065.204400   5728.613306  15913.993359    100.221456
PR07   7870.273250  -7734.908024  23023.341260     20.265112
PR08  -7525.088516 -17173.976529  17335.046523    -26.982990
PR09  23579.319695  -3214.775575   9287.096397     32.007290
PR10  19960.378207 -11994.050999 -10517.131341     16.504189
PR11   4448.902209 -12402.477325 -21826.998248     11.418472
PR12 -15174.669456  -4509.284359 -19958.269260 999999.999999
PR13 -24029.208810   5529.994743  -6528.429362      4.505480
PR14 -18813.597850  12319.646561  11951.421320    406.354129
PR15  -6415.546015  12509.588036  21323.454800      7.608742
PR16  13735.877653   5425.374821  20754.165247     50.535614
PR17  -9986.770095  19432.159155  13207.054812     10.176556
PR18  -3163.642981  25071.950454  -3231.310047    128.046572
PR19   5510.323058  16228.744800 -18896.790982   -169.018929
PR20  11187.061747  -2775.917619 -22755.924579   -263.508139
PR21   9926.924196 -19270.767543 -13419.957516     91.168686
PR22   2727.415909 -25069.934237   4258.844573    218.467021
PR23  -6453.286578 -14805.116490  19733.543848     21.219189
PR24 -11114.541124   2421.917598  22805.209958   -143.514821
PR26  11327.751911  -4703.739501 -22351.498257     64.333844
PE01  22056.376263 -14318.429268 -13586.359692     78.466954
PE02 -22037.741228  14334.746864  13616.677895     -1.027619
PE08   7939.633385  24002.965027 -15400.945555   3052.018360
PE09 -21509.864595 -20192.532454  -2335.964928   3109.929240
PE11 -10700.351336 -16715.102226  21959.550589   1540.491280
PE12   1704.613498 -28075.590473   9233.889159    227.343678
PE14  15480.790241  18001.974034 -15184.022397   3204.694280
PE18  -6833.381307 -28128.335794   3688.075305   3648.846880
PE19  11829.211009 -12241.356167  24212.408542      3.761887
PE22 -13879.210581  24539.857715   9035.845381   1863.292230
PE24 -19192.530803  -9130.734385 -20606.858984  -1069.022920
PE26  18063.229678  -5758.788545 -22728.155956   4112.111020
PE30  -1852.510388  16642.677094  24411.179896   3367.221460
PC06  -7905.801571  25209.390736 -32627.820976   -409.558574
PC07 -22169.474045  26065.919789  24518.184400    -33.932509
PC08 -16029.752906  37793.812458  10094.194697   -696.732680
PC09   5815.963856  32814.251916 -25568.208869    -24.037040
PC10  -7245.137579  26980.062458  31611.590047   -242.772443
PC11 -10576.756237  20551.688363  15751.135864    317.054876
PC12 -15599.782132   -106.745863  23177.651873    852.736148
PC13  -6804.653142  41491.614032  -4515.758375    655.682057
PC14 -14263.887743   9714.957696 -21904.440089    270.642561
PJ01 -30552.804026  16655.714532 -19194.681062   -228.856264
*  2016 11 21 18 15  0.00000000
PG01 -12419.494127  21615.416206  -8904.222407     41.222900
PG02  20776.022211 -11364.002233 -11178.747508    522.087818
PG03  -5497.613139  14313.218227 -21694.948103    -99.368032
PG04  15224.370877   -992.554046  21969.855867     18.076991
PG05  23189.806073  -3843.549569  12472.141269    -76.691177
PG06  18303.239042    113.522521 -19235.033055    276.036199
PG07   1232.205566  17929.293025  19576.709795    408.898233
PG08  -7005.147138  18776.195170  17460.199380    -39.748091
PG09   7723.685458  25408.820134    170.972736    248.988795
PG10 -23293.103002 -10758.919157   7057.232827   -114.874666
PG11 -10260.003953  24487.949414    503.408566   -672.048175
PG12   7662.753041 -12814.709572 -22082.348670    389.506445
PG13  13023.335809  -9377.019653  21052.421755    -56.076851
PG14 -15690.827750  -6783.827967 -20106.235719    -46.064102
PG15   6594.891721 -19012.347349  17002.353005   -335.061907
PG16 -23361.112649   1216.880276  12841.007360     16.453772
PG17  14475.076219  15832.053304 -15435.136797   -198.716510
PG18 -14540.108428 -15665.801809  16462.010148    577.895750
PG19  15410.013424   8607.684592 -20002.190808   -519.607539
PG20   7719.886849 -14547.231472  20681.853758    447.093340
PG21  -5819.925529 -16366.258288  20814.697757   -530.936725
PG22 -12463.171914  12570.578269 -19592.901239    183.780686
PG23  -1190.912358  23851.703501 -10932.472245   -197.429904
PG24  13996.331219 -21672.871580  -5861.433758    -26.411781
PG25  -7195.281866 -15851.424569 -20244.798973   -286.115326
PG26 -26115.817140  -3939.026142   3108.179520   -503.399465
PG27 -14066.496668   5020.084667  21919.823625    168.663589
PG28  20606.677645  13852.323454  10102.760878    568.694017
PG29  -4340.171698 -26108.224580  -2388.371870    642.451326
PG30  11372.889078  10507.032414  21585.269362    157.616630
PG31 -19078.575653    846.370622 -18524.024957    235.417450
PG32 -15411.224543 -15980.178724 -14587.078328   -208.287886
PR01 -18385.561812 -16704.800453   5755.422463   -137.991597
PR02 -20692.512526  -7720.805071 -12769.037675    221.686334
PR03 -10376.963056   5732.254460 -22558.284845     85.623028
PR04   6379.591452  15874.846791 -18905.917316    193.264254
PR05  18947.035688  16434.313583  -4683.509330    -50.883051
PR06  20558.862787   6765.179219  13458.680211    100.221938
PR07  10086.682657  -6003.204323  22670.256824     20.263376
PR08  -5812.118076 -15712.598041  19276.907761    -26.982789
PR09  22300.772489  -2876.796574  12122.847166     32.008968
PR10  20929.860114 -12570.074072  -7541.029103     16.504133
PR11   6880.466214 -13383.875696 -20585.551257     11.417916
PR12 -12781.315757  -5399.234321 -21378.342604 999999.999999
PR13 -23046.969390   5314.714688  -9553.278676      4.505001
PR14 -19966.428114  12949.977767   9063.387181    406.359446
PR15  -8746.698589  13513.273022  19837.130050      7.607838
PR16  11263.205291   6356.137867  21952.680522     50.536746
PR17  -9581.151911  17691.393951  15713.584288     10.178299
PR18  -3020.594194  25297.944514     -8.110896    128.048021
PR19   5261.391316  18424.930160 -16842.932482   -169.019780
PR20  10683.166440     15.595701 -23159.995922   -263.509945
PR21   9519.343920 -17500.024490 -15912.551159     91.170159
PR22   2585.467036 -25422.867384   1058.081472    218.468023
PR23  -6207.313245 -17117.688194  17852.885082     21.219882
PR24 -10662.548124   -385.889354  23143.851631   -143.515002
PR26  10869.918039  -1938.917835 -22982.641216     64.335330
PE01  23101.380118 -14748.545226 -11178.281754     78.458269
PE02 -23083.238886  14765.308475  11210.278166     -1.027494
PE08   6906.381878  22941.990341 -17387.283892   3052.377000
PE09 -21603.808675 -20224.447588    364.108573   3110.294560
PE11 -10254.828395 -18587.879774  20627.163131   1540.504460
PE12   1811.743668 -28789.166206   6656.166699    227.419580
PE14  15204.526359  19094.987182 -12960.056196   3205.004330
PE18  -6875.053746 -28834.597407   1296.919707   3649.195570
PE19  13379.304617 -10702.787510  24133.727116      3.762278
PE22 -13579.065477  23658.829877  11501.178470   1863.503120
PE24 -17310.602642  -9562.395828 -22027.748414  -1069.083160
PE26  17506.437762  -3742.357429 -23570.917700   4112.484780
PE30  -3944.687420  17249.735507  23732.218329   3367.580390
PC06  -8543.355809  24239.544724 -33206.781002   -409.590255
PC07 -22646.262062  27062.235561  22927.957222    -33.939333
PC08 -14744.461522  37661.845256  12306.245384   -696.753370
PC09   5691.876428  31661.259909 -27016.152889    -24.078951
PC10  -8061.161332  27733.625155  30733.838276   -242.790142
PC11 -10671.741161  18843.392438  17699.573419    317.048346
PC12 -15691.071380  -2471.028374  22973.889064    852.761211
PC13  -5655.166159  41847.075562  -2258.820118    655.708709
PC14 -16211.710029   8662.346016 -20978.321773    270.652373
PJ01 -31375.058294  16880.850256 -17929.968894   -228.829865
*  2016 11 21 18 30  0.00000000
PG01 -13175.940807  22085.988491  -6203.061371     41.223990
PG02  20043.302180 -10031.316589 -13494.050928    522.082731
PG03  -7895.339232  13766.063119 -21304.224286    -99.369770
PG04  15695.693861   1405.574837  21629.739370     18.077820
PG05  24416.067368  -3354.654365  10075.253836    -76.688986
PG06  16864.457644   1872.190340 -20422.044919    276.040697
PG07   -335.382938  19390.926673  18117.603343    408.895223
PG08  -7792.332209  16847.869740  19032.650931    -39.749994
PG09   7419.811098  25362.440390  -2667.965901    248.995343
PG10 -22311.276313 -10791.787508   9685.022147   -114.875854
PG11 -10568.997550  24083.799416   3218.060895   -672.049045
PG12  10025.958614 -12131.747194 -21492.351016    389.506776
PG13  13556.925082  -6970.385353  21633.037073    -56.078463
PG14 -16125.080786  -9021.340281 -18874.668645    -46.065639
PG15   7559.946391 -17156.800866  18527.321618   -335.062959
PG16 -24600.644452    728.575655  10378.010196     16.454901
PG17  14774.362867  17498.940432 -13262.889150   -198.716072
PG18 -12650.040421 -15528.942229  18105.175412    577.898418
PG19  15772.544399  10745.314680 -18591.506537   -519.606892
PG20  10059.657097 -14170.489698  19931.446849    447.095316
PG21  -4326.343991 -17965.914389  19778.859971   -530.936387
PG22 -14634.000781  12039.359131 -18412.332257    183.770719
PG23  -1907.753046  22579.277670 -13279.574375   -197.431126
PG24  14556.956486 -21864.035919  -3081.524761    -26.412779
PG25  -4896.728062 -15419.263199 -21229.412480   -286.121416
PG26 -26253.758405  -4225.190986    266.460781   -503.403293
PG27 -14852.829057   2638.774416  21832.980298    168.668235
PG28  19410.924139  13637.205379  12610.009645    568.696615
PG29  -4038.692053 -25737.681366  -5235.951277    642.449687
PG30   9600.063511  12227.376963  21530.316613    157.617430
PG31 -17621.677901   -807.236354 -19877.560376    235.415847
PG32 -15705.462783 -17507.956230 -12352.059243   -208.302673
PR01 -17704.391631 -16108.174704   8790.677382   -137.992451
PR02 -21926.592929  -8409.587547  -9979.545711    221.688297
PR03 -12655.200311   4211.953384 -21718.619651     85.623264
PR04   4409.757904  14439.042792 -20547.931522    193.265003
PR05  18376.754757  15909.984484  -7762.275468    -50.885499
PR06  21857.529406   7515.415705  10741.276307    100.222561
PR07  12364.992491  -4476.288058  21877.986641     20.261972
PR08  -3819.880476 -14257.892094  20845.750123    -26.982576
PR09  20745.811082  -2309.253648  14724.131851     32.010551
PR10  21514.383377 -13059.069274  -4419.191396     16.504472
PR11   9072.071830 -14466.181608 -18943.913399     11.416861
PR12 -10326.288403  -6525.812359 -22382.173634 999999.999999
PR13 -21758.997075   4869.715605 -12392.549722      4.503581
PR14 -20736.662668  13509.261093   5998.410259    406.365827
PR15 -10808.622993  14602.214971  17967.264056      7.607620
PR16   8756.716043   7517.479299  22723.415128     50.537809
PR17  -9280.281948  15637.048576  17915.622102     10.179888
PR18  -2828.618792  25116.880459   3215.249101    128.049551
PR19   5204.485146  20362.296950 -14462.065653   -169.020588
PR20  10387.806201   2859.397538 -23114.160307   -263.511715
PR21   9220.590397 -15417.331225 -18095.650757     91.171378
PR22   2384.889811 -25372.032194  -2163.076271    218.469364
PR23  -6155.426441 -19190.276292  15625.162113     21.220396
PR24 -10420.224413  -3233.464832  23031.824526   -143.515717
PR26  10615.657519    902.114636 -23166.910312     64.340326
PE01  23901.526790 -15179.745479  -8631.158572     78.449565
PE02 -23884.147622  15197.017794   8664.524848     -1.027385
PE08   5674.930207  21843.027505 -19157.433380   3052.735670
PE09 -21514.905572 -20091.097212   3059.650851   3110.659850
PE11  -9965.152127 -20357.536405  19038.229409   1540.517730
PE12   1825.209538 -29276.211265   3995.680889    227.495503
PE14  14893.607939  20016.208935 -10538.332999   3205.314370
PE18  -6938.193763 -29301.489794  -1110.500426   3649.544300
PE19  15014.573534  -9286.345295  23754.825368      3.762642
PE22 -13299.317900  22547.028284  13823.513816   1863.713970
PE24 -15355.904814 -10168.344062 -23174.757519  -1069.143440
PE26  17078.312365  -1630.700147 -24120.497447   4112.858570
PE30  -5916.625446  17983.443450  22758.202294   3367.939320
PC06  -9301.992327  23360.168043 -33640.985824   -409.621427
PC07 -22988.027545  28111.668063  21238.428092    -33.946426
PC08 -13487.914523  37364.100926  14465.724518   -696.773915
PC09   5417.581103  30532.930811 -28346.470694    -24.121108
PC10  -8771.559461  28587.606694  29723.854601   -242.807013
PC11 -10891.290150  16958.757467  19387.102389    317.041639
PC12 -15925.057451  -4787.944872  22430.132254    852.786466
PC13  -4469.151371  42050.611336      7.761431    655.735369
PC14 -18115.822824   7771.277805 -19740.426969    270.662197
PJ01 -32137.227200  17196.899367 -16574.041194   -228.803467
*  2016 11 21 18 45  0.00000000
PG01 -13710.931193  22351.317453  -3393.876146     41.225079
PG02  19226.396243  -8459.118102 -15566.375228    522.077767
PG03 -10254.149844  13353.722077 -20547.130218    -99.371340
PG04  16279.695767   3716.730963  20925.755127     18.080398
PG05  25387.313620  -2967.224716   7506.217319    -76.687004
PG06  15449.304210   3794.195327 -21257.301627    276.045244
PG07  -1710.280493  20794.501934  16346.032495    408.892234
PG08  -8739.422050  14816.575740  20278.544986    -39.752133
PG09   6995.480789  25035.948530  -5460.983827    249.001833
PG10 -21048.009181 -10833.699936  12147.041668   -114.876916
PG11 -10811.391001  23401.516687   5876.878290   -672.049718
PG12  12340.825527 -11601.279780 -20535.797312    389.506732
PG13  14229.883776  -4551.653920  21837.375837    -56.081056
PG14 -16628.464741 -11078.032634 -17312.860283    -46.067160
PG15   8674.230337 -15209.295856  19726.125544   -335.064102
PG16 -25584.379344    377.166566   7739.363206     16.456331
PG17  15081.283873  18896.518814 -10859.896057   -198.715694
PG18 -10593.578358 -15463.539190  19451.708369    577.901328
PG19  16202.272051  12693.664685 -16863.901581   -519.606347
PG20  12309.052877 -13908.951702  18833.524378    447.096794
PG21  -2989.339642 -19536.412669  18421.449824   -530.934895
PG22 -16673.785378  11625.966752 -16909.925372    183.761058
PG23  -2779.263191  21106.048581 -15390.347110   -197.432158
PG24  14915.914333 -21828.068924   -247.904147    -26.412781
PG25  -2486.812625 -15101.137352 -21854.070206   -286.127488
PG26 -26088.047086  -4458.813100  -2579.825860   -503.407111
PG27 -15754.513679    334.170010  21369.513446    168.672920
PG28  17947.570481  13428.466306  14907.582218    568.699221
PG29  -3617.681121 -25082.489734  -7993.547944    642.448174
PG30   7933.678028  14015.608855  21104.728216    157.618281
PG31 -16166.810661  -2641.778280 -20889.656276    235.413618
PG32 -15980.327272 -18772.174256  -9904.601810   -208.317459
PR01 -16667.577960 -15380.093784  11654.977363   -137.992314
PR02 -22901.559878  -8825.949664  -6996.374079    221.690084
PR03 -14925.588320   2926.614755 -20456.127790     85.624181
PR04   2188.021833  13059.723010 -21790.408739    193.266575
PR05  17450.143986  15243.306563 -10690.394837    -50.889021
PR06  22905.025245   7997.250232   7814.706520    100.224021
PR07  14642.030957  -3181.163194  20661.728530     20.259764
PR08  -1583.025093 -12866.331588  22011.380607    -26.982239
PR09  18969.604960  -1487.986845  17040.626621     32.012791
PR10  21720.365039 -13403.493542  -1211.949423     16.504626
PR11  10980.629558 -15598.732143 -16934.158058     11.416111
PR12  -7877.418213  -7875.740333 -22950.864159 999999.999999
PR13 -20217.059587   4164.972984 -14991.137657      4.503031
PR14 -21125.730336  13938.753588   2816.319016    406.370477
PR15 -12562.733091  15722.237451  15750.188350      7.607488
PR16   6283.837551   8891.876751  23051.733519     50.538885
PR17  -9126.770812  13316.669219  19770.445833     10.181340
PR18  -2644.148404  24528.893216   6375.937779    128.050531
PR19   5303.014070  21988.672954 -11800.409871   -169.021317
PR20  10307.587001   5684.539812 -22619.133866   -263.513217
PR21   9073.043124 -13071.456207 -19926.886560     91.172792
PR22   2181.978486 -24914.163826  -5342.541279    218.470551
PR23  -6263.275446 -20968.203772  13093.685659     21.221080
PR24 -10391.816996  -6049.702396  22471.333551   -143.515953
PR26  10574.260597   3748.902226 -22900.823958     64.341070
PE01  24452.539989 -15576.063846  -5976.681796     78.440847
PE02 -24436.131382  15593.906346   6011.053786     -1.027283
PE08   4252.581520  20740.596573 -20689.382567   3053.094350
PE09 -21223.901396 -19818.877970   5717.116679   3111.025160
PE11  -9817.896606 -21990.060299  17212.519954   1540.530950
PE12   1775.616151 -29522.448463   1285.510576    227.571408
PE14  14513.219169  20743.241542  -7945.889069   3205.624400
PE18  -6995.486963 -29540.571490  -3505.028948   3649.893050
PE19  16704.266410  -8012.742047  23080.400954      3.763018
PE22 -13071.656500  21218.240221  15973.958232   1863.924780
PE24 -13367.387923 -10950.641975 -24033.607237  -1069.203670
PE26  16792.580650    541.159483 -24370.092053   4113.232360
PE30  -7737.186494  18819.976113  21501.242928   3368.298310
PC06 -10168.806280  22586.436627 -33928.630926   -409.653108
PC07 -23188.885849  29195.938836  19456.826484    -33.953315
PC08 -12281.520383  36905.755791  16563.406939   -696.794420
PC09   4997.626175  29448.813281 -29553.415877    -24.163200
PC10  -9364.074843  29527.214882  28585.875325   -242.824074
PC11 -11253.798226  14935.005395  20788.771536    317.034727
PC12 -16290.049399  -7015.081748  21554.123883    852.811539
PC13  -3266.762403  42098.746941   2274.311257    655.762033
PC14 -19934.941472   7042.785268 -18209.321686    270.672025
PJ01 -32829.170326  17596.062609 -15134.767413   -228.776949
*  2016 11 21 19  0  0.00000000
PG01 -14046.104880  22379.569022   -525.491878     41.226094
PG02  18366.463019  -6660.316283 -17357.857183    522.072510
PG03 -12526.028915  13073.217357 -19436.635804    -99.372980
PG04  16955.149509   5898.581749  19870.145635     18.082346
PG05  26080.420253  -2651.260859   4809.124558    -76.685103
PG06  14095.554969   5849.069822 -21726.405299    276.049775
PG07  -2885.161746  22094.589167  14291.439891    408.889367
PG08  -9844.755865  12729.557531  21176.746399    -39.753051
PG09   6420.852756  24451.488903  -8160.034059    249.008376
PG10 -19522.936662 -10919.782508  14401.106787   -114.877980
PG11 -11019.388894  22440.740483   8433.111900   -672.050867
PG12  14557.496219 -11220.023050 -19228.244381    389.506861
PG13  15031.588611  -2170.113444  21661.654398    -56.080873
PG14 -17169.151484 -12920.266285 -15448.968036    -46.068895
PG15   9932.285934 -13215.570837  20578.352607   -335.065204
PG16 -26284.971714    131.692347   4970.040685     16.458034
PG17  15356.548561  20009.467794  -8268.777125   -198.714564
PG18  -8406.638741 -15490.289175  20480.039208    577.904378
PG19  16665.614527  14420.382474 -14847.698527   -519.605691
PG20  14424.256015 -13751.504605  17407.506737    447.098658
PG21  -1818.075827 -21035.960642  16762.854305   -530.933901
PG22 -18541.658780  11316.377177 -15112.565589    183.751385
PG23  -3817.380038  19473.254098 -17227.384225   -197.433271
PG24  15099.721351 -21540.327607   2590.034359    -26.413393
PG25    -12.024366 -14912.347931 -22107.728301   -286.133597
PG26 -25616.289028  -4676.948047  -5381.864670   -503.410959
PG27 -16747.331065  -1850.259861  20537.977149    168.677633
PG28  16239.799662  13263.681929  16958.754761    568.702004
PG29  -3046.869351 -24168.781137 -10613.762693    642.446572
PG30   6401.506038  15832.557700  20315.492417    157.619108
PG31 -14753.844854  -4630.559329 -21541.745514    235.411675
PG32 -16196.939470 -19761.662856  -7286.829882   -208.332303
PR01 -15277.373403 -14578.215900  14292.629492   -137.991942
PR02 -23569.119689  -9000.912628  -3877.487026    221.691160
PR03 -17121.941824   1890.406618 -18795.552258     85.624854
PR04   -241.131492  11788.015609 -22609.223093    193.267779
PR05  16166.325627  14491.319350 -13411.078360    -50.892144
PR06  23652.094965   8239.627855   4735.973288    100.225396
PR07  16851.836553  -2132.862253  19044.890347     20.258017
PR08    853.137292 -11588.138566  22751.390242    -26.982969
PR09  17033.053456   -400.285836  19027.485765     32.014553
PR10  21567.192655 -13549.652419   2018.714836     16.504836
PR11  12574.406462 -16725.205558 -14595.482720     11.415052
PR12  -5499.764368  -9423.691600 -23074.023641 999999.999999
PR13 -18479.971070   3181.659430 -17298.634678      4.503727
PR14 -21148.434997  14182.786768   -420.756931    406.375452
PR15 -13982.521740  16814.409406  13228.872924      7.607607
PR16   3908.327616  10449.998013  22931.648305     50.539691
PR17  -9154.153954  10786.825869  21242.033427     10.183006
PR18  -2522.592934  23547.694630   9412.380106    128.051942
PR19   5511.838191  23261.961556  -8909.636658   -169.021571
PR20  10436.543942   8420.272389 -21684.366277   -263.515097
PR21   9109.791581 -10520.102445 -21370.758359     91.174338
PR22   2032.604585 -24059.407779  -8419.010311    218.471561
PR23  -6487.532166 -22406.374880  10307.674685     21.221967
PR24 -10569.032785  -8764.248083  21473.332004   -143.516706
PR26  10742.498525   6530.529028 -22189.657803     64.345724
PE01  24756.892493 -15901.701394  -3247.873700     78.432112
PE02 -24741.596440  15920.161029   3282.846192     -1.027154
PE08   2652.643869  19667.890242 -21964.080208   3053.453050
PE09 -20716.880726 -19437.501582   8303.437972   3111.390500
PE11  -9794.217368 -23454.678918  15172.748152   1540.544210
PE12   1695.556946 -29519.715260  -1440.645687    227.647287
PE14  14026.265769  21257.619183  -5216.712779   3205.934470
PE18  -7020.985100 -29566.926485  -5860.094318   3650.241770
PE19  18414.817569  -6897.300717  22118.828504      3.763383
PE22 -12925.155018  19692.016732  17925.749615   1864.135750
PE24 -11384.119641 -11904.786692 -24593.598088  -1069.263930
PE26  16657.079061   2736.295759 -24316.629097   4113.606180
PE30  -9379.900402  19730.883584  19976.966944   3368.657310
PC06 -11129.018821  21931.701954 -34068.559162   -409.684636
PC07 -23245.400160  30296.150204  17590.797622    -33.959971
PC08 -11145.826556  36294.733062  18590.329288   -696.814973
PC09   4439.085930  28427.692281 -30631.788846    -24.205266
PC10  -9828.487504  30536.173607  27324.695767   -242.841333
PC11 -11771.028516  12812.789083  21883.802939    317.028934
PC12 -16767.573836  -9112.887775  20358.536612    852.836650
PC13  -2068.434244  41990.663178   4531.153569    655.788644
PC14 -21629.043474   6470.825961 -16407.905896    270.681895
PJ01 -33442.074668  18069.323375 -13620.311505   -228.750503
*  2016 11 21 19 15  0.00000000
PG01 -14209.524500  22145.382368   2352.063905     41.227151
PG02  17503.325212  -4656.482181 -18835.824127    522.067542
PG03 -14664.978104  12913.687088 -17991.788146    -99.374655
PG04  17694.347083   7913.675451  18480.893098     18.083629
PG05  26479.966020  -2373.291056   2030.100605    -76.683171
PG06  12835.772871   8000.002153 -21821.267276    276.054305
PG07  -3861.058980  23246.540325  11988.448949    408.886351
PG08 -11098.447233  10633.953848  21712.083315    -39.754244
PG09   5671.388196  23638.112107 -10718.715216    249.014881
PG10 -17763.412047 -11081.489397  16408.554738   -114.879046
PG11 -11225.144192  21209.260578  10841.244381   -672.051556
PG12  16628.149993 -10976.370128 -17591.289579    389.506816
PG13  15943.436428    127.299171  21108.774242    -56.083185
PG14 -17711.011912 -14521.930621 -13316.314867    -46.070576
PG15  11320.921166 -11220.695992  21069.877807   -335.066434
PG16 -26682.928538    -43.246225   2116.974033     16.459360
PG17  15559.933494  20831.622887  -5535.045654   -198.714499
PG18  -6128.797252 -15623.599940  21173.583656    577.906923
PG19  17124.688607  15900.380600 -12576.379094   -519.604878
PG20  16365.237686 -13680.200191  15678.554539    447.100434
PG21   -814.394745 -22422.305906  14828.414611   -530.933649
PG22 -20201.498052  11090.157694 -13052.218886    183.741541
PG23  -5026.206725  17725.510813 -18758.364567   -197.434471
PG24  15140.020806 -20983.405156   5382.742321    -26.415039
PG25   2478.735159 -14860.233999 -21985.532914   -286.139705
PG26 -24844.873286  -4916.583001  -8091.582053   -503.414758
PG27 -17800.566728  -3876.330184  19353.232969    168.682257
PG28  14317.936740  13176.176745  18731.110066    568.704438
PG29  -2301.810777 -23029.614159 -13051.549104    642.444818
PG30   5024.249806  17635.441749  19175.888367    157.619938
PG31 -13418.290878  -6739.714793 -21821.370598    235.409659
PG32 -16316.273600 -20473.923925  -4543.778851   -208.347088
PR01 -13548.975005 -13760.178440  16652.360621   -137.990746
PR02 -23890.329102  -8974.883808   -683.419495    221.693040
PR03 -19178.204515   1105.005545 -16769.370513     85.625704
PR04  -2823.889668  10666.954926 -22988.493901    193.269000
PR05  14537.346582  13711.609717 -15871.579305    -50.895197
PR06  24058.507766   8281.023505   1565.036348    100.226798
PR07  18928.253274  -1334.021689  17058.653218     20.256069
PR08   3434.265782 -10465.240370  23051.570355    -26.983500
PR09  15000.320762    954.321775  20646.200610     32.016159
PR10  21086.267874 -13450.150342   5210.350149     16.504505
PR11  13834.083561 -17786.035861 -11973.436314     11.414116
PR12  -3253.105314 -11133.217270 -22749.919561 999999.999999
PR13 -16611.155457   1913.192032 -19270.303769      4.503122
PR14 -20832.159464  14191.323529  -3649.620357    406.380648
PR15 -15054.399521  17817.566515  10452.099845      7.606916
PR16   1687.822902  12151.799517  22365.905865     50.540582
PR17  -9385.338370   8110.971721  22301.761236     10.184493
PR18  -2515.747000  22200.047626  12265.469901    128.053544
PR19   5779.382759  24151.765126  -5845.868293   -169.021502
PR20  10756.432605  10998.751554 -20327.870625   -263.517134
PR21   9353.105072  -7827.702663 -22399.318423     91.175772
PR22   1989.641590 -22830.951939 -11333.121884    218.472572
PR23  -6777.921993 -23471.007599   7321.297009     21.223050
PR24 -10931.441607 -11310.197012  20057.304307   -143.518096
PR26  11104.792094   9178.328674 -21047.334274     64.349715
PE01  24823.686259 -16122.197185   -478.675787     78.423406
PE02 -24809.575858  16141.294918    513.819180     -1.027060
PE08    894.079545  18655.737281 -22965.671798   3053.811780
PE09 -19985.750923 -18979.018445  10786.436209   3111.755860
PE11  -9870.491479 -24724.779695  12944.287652   1540.557400
PE12   1618.527715 -29266.220697  -4148.888654    227.723175
PE14  13394.977639  21545.984536  -2392.291684   3206.244530
PE18  -6990.717429 -29398.602276  -8151.502853   3650.590500
PE19  20110.857350  -5949.526088  20882.056362      3.763768
PE22 -12885.314783  17993.107780  19654.590517   1864.346560
PE24  -9444.110460 -13019.807449 -24847.743857  -1069.324160
PE26  16673.511489   4916.971893 -23960.803420   4113.979980
PE30 -10823.729035  20683.986265  18204.322926   3369.016280
PC06 -12166.233996  21407.261145 -34060.264281   -409.716132
PC07 -23156.643728  31393.112346  15648.370124    -33.966789
PC08 -10100.168497  35541.567116  20537.827445   -696.835580
PC09   3751.437506  27487.263701 -31576.959209    -24.247391
PC10 -10156.792849  31597.002000  25945.651445   -242.858359
PC11 -12447.621576  10634.874312  22655.898454    317.022554
PC12 -17333.027134 -11045.942760  18860.805001    852.861654
PC13   -894.534625  41728.210261   6768.652046    655.815290
PC14 -23160.695754   6042.602905 -14363.063696    270.691674
PJ01 -33968.582926  18606.645560 -12039.058596   -228.724069
*  2016 11 21 19 30  0.00000000
PG01 -14234.406392  21630.994877   5188.469115     41.228161
PG02  16673.795769  -2477.199706 -19973.490684    522.062252
PG03 -16628.613772  12856.895890 -16237.388920    -99.376340
PG04  18464.153145   9730.641347  16781.423286     18.084648
PG05  26578.753117  -2097.851203   -783.471435    -76.680948
PG06  11696.132971  10205.076280 -21540.247975    276.058733
PG07  -4647.181814  24208.218341   9476.322636    408.883201
PG08 -12482.633728   8575.130653  21875.588380    -39.755579
PG09   4728.997064  22630.620702 -13093.067596    249.021341
PG10 -15803.595152 -11345.243635  18134.901038   -114.880125
PG11 -11459.298063  19722.935789  13057.873172   -672.052460
PG12  18508.687309 -10850.912014 -15652.261650    389.506725
PG13  16939.513040   2297.643941  20188.280883    -56.084914
PG14 -18215.124325 -15865.224809 -10952.730332    -46.072154
PG15  12819.611040  -9267.436393  21193.066147   -335.067507
PG16 -26767.280470   -185.951473   -771.706521     16.460754
PG17  15651.977520  21365.977754  -2706.265282   -198.713589
PG18  -3802.031536 -15871.017921  21520.957208    577.910076
PG19  17538.822220  17116.681902 -10088.093757   -519.604370
PG20  18097.137290 -13671.078524  13677.093159    447.102015
PG21     27.169149 -23654.203315  12648.195321   -530.932383
PG22 -21623.161027  10921.439956 -10765.310889    183.731789
PG23  -6401.666021  15909.093073 -19956.656766   -197.435563
PG24  15072.172023 -20147.951263   8081.419803    -26.415917
PG25   4935.807371 -14943.869342 -21488.935853   -286.145871
PG26 -23788.779541  -5213.018345 -10662.464520   -503.418588
PG27 -18878.184006  -5712.397905  17836.157139    168.686909
PG28  12218.419790  13193.752385  20196.907929    568.707551
PG29  -1365.027012 -21703.708864 -15264.986133    642.443087
PG30   3814.891606  19379.400605  17705.278969    157.620763
PG31 -12189.969527  -8929.294348 -21722.482170    235.407934
PG32 -16300.795262 -20915.071545  -1722.621172   -208.361925
PR01 -11510.118602 -12981.046335  18688.316274   -137.990108
PR02 -23837.275086  -8795.698499   2523.896623    221.695146
PR03 -21031.081317    559.765642 -14417.147718     85.626819
PR04  -5499.110349   9729.733301 -22920.891311    193.270392
PR05  12587.896123  12959.758947 -18024.210334    -50.897954
PR06  24094.796246   8167.555628  -1636.365647    100.227463
PR07  20807.554529   -774.985266  14741.384482     20.254355
PR08   6098.996801  -9529.590924  22906.175053    -26.983431
PR09  12936.253068   2563.795780  21865.339992     32.017962
PR10  20319.567077 -13066.091449   8301.227852     16.504473
PR11  14753.296221 -18720.979092  -9119.025661     11.413334
PR12  -1189.675179 -12958.147342 -21985.460134 999999.999999
PR13 -14676.038253    365.763175 -20867.940433      4.502153
PR14 -20215.550739  13922.286875  -6807.260910    406.385444
PR15 -15778.004129  18670.940518   7473.530903      7.606525
PR16   -328.336739  13948.087421  21365.901129     50.541716
PR17  -9831.508343   5357.024609  22928.961765     10.185815
PR18  -2669.357286  20524.708280  14879.728802    128.055176
PR19   6050.032520  24640.535352  -2668.589307   -169.022003
PR20  11237.555848  13357.634787 -18575.885698   -263.518869
PR21   9813.375071  -5062.944952 -22992.705476     91.177534
PR22   2100.515278 -21264.139276 -14028.580236    218.473973
PR23  -7079.557585 -24140.906804   4192.612788     21.223331
PR24 -11447.409512 -13626.648502  18250.880885   -143.518871
PR26  11633.917441  11628.500486 -19496.144546     64.350445
PE01  24668.327172 -16205.558645   2296.473849     78.414656
PE02 -24655.408619  16225.278758  -2261.595749     -1.026956
PE08   -999.022704  17731.642982 -23681.696479   3054.170490
PE09 -19028.545701 -18476.770311  13135.223487   3112.121200
PE11 -10019.109087 -25778.702742  10554.856731   1540.570580
PE12   1577.812306 -28766.605765  -6805.539997    227.799075
PE14  12582.962839  21601.316373    478.202567   3206.554610
PE18  -6883.181318 -29056.064929 -10357.217646   3650.939200
PE19  21756.281625  -5172.860208  19385.458820      3.764120
PE22 -12973.220971  16150.736518  21138.951271   1864.557350
PE24  -7583.174240 -14278.568210 -24792.859360  -1069.384420
PE26  16837.402462   7045.756029 -23307.067003   4114.353810
PE30 -12053.660907  21644.390011  16205.346447   3369.375220
PC06 -13262.723423  21022.163054 -33903.891400   -409.747478
PC07 -22924.218558  32467.676065  13637.921646    -33.973487
PC08  -9162.339343  34659.223222  22397.572772   -696.855570
PC09   2946.396061  26643.828177 -32384.885422    -24.289523
PC10 -10343.341959  32691.314861  24454.596766   -242.875620
PC11 -13280.856076   8444.751249  23093.483861    317.016390
PC12 -17956.551384 -12784.086508  17082.885516    852.886707
PC13    234.983533  41315.876529   8977.249955    655.841958
PC14 -24496.294616   5739.124733 -12105.255902    270.701449
PJ01 -34402.890050  19197.184798 -10399.544694   -228.697669
*  2016 11 21 19 45  0.00000000
PG01 -14157.645957  20827.078988   7934.029964     41.229175
PG02  15910.143970   -159.071427 -20750.517564    522.057490
PG03 -18379.632090  12878.042070 -14203.572745    -99.378045
PG04  19227.267484  11325.167075  14800.235209     18.087979
PG05  26378.027694  -1789.035287  -3583.736337    -76.679137
PG06  10695.506929  12418.715035 -20888.185470    276.063207
PG07  -5260.407454  24941.662751   6798.317218    408.880373
PG08 -13972.040671   6595.094054  21664.636110    -39.756752
PG09   3582.934988  21468.207217 -15242.325161    249.027823
PG10 -13683.288911 -11731.277852  19550.428223   -114.881367
PG11 -11749.559444  18005.293131  15042.590597   -672.052969
PG12  20160.292359 -10817.272503 -13443.809180    389.506781
PG13  17987.566144   4303.463630  18916.197962    -56.086674
PG14 -18641.389811 -16941.109300  -8399.823013    -46.073798
PG15  14401.199513  -7394.731516  20946.844423   -335.068768
PG16 -26535.947804   -335.995600  -3647.435471     16.461941
PG17  15595.631480  21624.342346    168.800413   -198.713051
PG18  -1469.386341 -16232.903004  21516.135038    577.912878
PG19  17866.208407  18060.967894  -7425.072876   -519.603784
PG20  19591.439232 -13695.237795  11438.243154    447.103604
PG21    719.111588 -24692.892175  10256.678958   -530.931712
PG22 -22783.486870  10780.109351  -8292.033775    183.722157
PG23  -7931.500370  14070.164626 -20801.795078   -197.436482
PG24  14933.696948 -19033.182474  10638.907808    -26.417026
PG25   7310.469799 -15154.081829 -20625.713118   -286.152022
PG26 -22471.068095  -5598.316653 -13050.351557   -503.422357
PG27 -19940.208918  -7334.360769  16013.248903    168.691599
PG28   9982.582354  13337.638043  21333.385893    568.710068
PG29   -226.881848 -20233.975581 -17215.997581    642.441385
PG30   2778.350571  21019.124784  15928.795472    157.621564
PG31 -11091.904041 -11154.601668 -21245.628618    235.406012
PG32 -16116.051319 -21099.449148   1128.143879   -208.376722
PR01  -9200.155461 -12290.887191  20360.952151   -137.990110
PR02 -23394.310158  -8516.360023   5682.328833    221.697393
PR03 -22622.568126    232.414770 -11784.753173     85.628026
PR04  -8200.630145   8998.385975 -22407.775323    193.271802
PR05  10354.505272  12286.892490 -19827.261257    -50.901186
PR06  23743.559474   7950.782818  -4805.927516    100.227236
PR07  22430.987308   -434.431411  12137.910008     20.252764
PR08   8781.246279  -8801.925128  22318.025989    -26.983605
PR09  10903.783859   4403.835508  22661.158687     32.019946
PR10  19317.778642 -12368.938671  11231.522198     16.504507
PR11  15338.637444 -19471.723132  -6087.718879     11.412596
PR12    647.763925 -14844.405537 -20796.013623 999999.999999
PR13 -12739.375874  -1441.668039 -22060.606438      4.501010
PR14 -19346.744248  13343.559688  -9832.103792    406.390326
PR15 -16165.969802  19316.788114   4350.686079      7.606548
PR16  -2100.920064  15782.474292  19951.425628     50.543172
PR17 -10491.537012   2594.769368  23111.330413     10.187412
PR18  -3020.955120  18570.881626  17204.388995    128.056298
PR19   6266.704290  24724.202659    560.508101   -169.022037
PR20  11840.092137  15442.453906 -16462.376122   -263.520631
PR21  10488.574226  -2296.131912 -23139.520297     91.179110
PR22   2404.981266 -19405.096247 -16453.225900    218.475473
PR23  -7335.476092 -24408.225175    982.441700     21.223402
PR24 -12075.522263 -15661.013413  16089.292980   -143.519272
PR26  12292.218602  13824.524079 -17566.308776     64.354571
PE01  24312.004774 -16123.316024   5043.069133     78.405947
PE02 -24300.223460  16143.597540  -5008.881013     -1.026910
PE08  -2998.136233  16918.936628 -24103.241919   3054.529180
PE09 -17849.538389 -17964.305070  15320.587153   3112.486510
PE11 -10209.391561 -26600.380862   8034.173480   1540.583790
PE12   1605.375133 -28031.805247  -9377.561279    227.875003
PE14  11557.671669  21424.115833   3338.293947   3206.864550
PE18  -6679.727469 -28561.669458 -12457.139190   3651.287920
PE19  23315.347099  -4564.629451  17647.645596      3.764488
PE22 -13204.839208  14197.735215  22360.338887   1864.768200
PE24  -5833.859063 -15658.265749 -24429.601186  -1069.444680
PE26  17138.246709   9086.627777 -22363.572384   4114.727620
PE30 -13061.117708  22575.589259  14004.886824   3369.734130
PC06 -14399.733779  20783.053640 -33600.234452   -409.778714
PC07 -22552.230148  33501.065472  11568.142651    -33.979948
PC08  -8348.285885  33662.875768  24161.607032   -696.876246
PC09   2037.711171  25912.009417 -33052.131658    -24.331733
PC10 -10384.941430  33800.139204  22857.881279   -242.892870
PC11 -14260.669872   6285.222599  23189.887000    317.009687
PC12 -18604.104501 -14303.368200  15050.947263    852.911809
PC13   1300.922674  40760.712188  11147.510001    655.868499
PC14 -25607.175445   5535.985214  -9668.061530    270.711201
PJ01 -34740.807532  19829.508051  -8710.390313   -228.671226
*  2016 11 21 20  0  0.00000000
PG01 -14018.197755  19733.254022  10540.598763     41.230151
PG02  15238.772286   2255.576739 -21153.415262    522.052215
PG03 -19887.086302  12946.830132 -11925.293339    -99.379698
PG04  19943.651596  12680.719819  12570.460742     18.091447
PG05  25887.394750  -1412.058028  -6323.152794    -76.677258
PG06   9844.841676  14593.271892 -19876.312295    276.067739
PG07  -5724.456280  25414.622057   4000.939472    408.877208
PG08 -15534.837203   4731.042536  21082.975218    -39.757933
PG09   2230.416351  20192.937487 -17129.610752    249.034345
PG10 -11446.567482 -12252.720055  20630.697113   -114.882427
PG11 -12119.387457  16086.813383  16758.836785   -672.053805
PG12  21550.812830 -10843.229236 -11003.389577    389.506701
PG13  19050.243621   6114.050400  17314.739412    -56.088673
PG14 -18950.188265 -17749.415812  -5702.202017    -46.075274
PG15  16032.869493  -5636.350704  20336.645321   -335.069803
PG16 -25995.791302   -532.549177  -6461.971848     16.463514
PG17  15357.799909  21626.679417   3041.029124   -198.712661
PG18    826.397360 -16702.361251  21158.557020    577.915823
PG19  18065.638631  18733.802210  -4632.944316   -519.603065
PG20  20826.902558 -13720.105351   9001.169556    447.105402
PG21   1280.415779 -25503.534326   7692.378135   -530.930641
PG22 -23667.024447  10633.159547  -5675.597898    183.712315
PG23  -9595.615743  12253.039107 -21279.817289   -197.437698
PG24  14762.647801 -17647.060458  13010.550670    -26.417394
PG25   9556.604897 -15473.797887 -19409.883176   -286.158183
PG26 -20922.071400  -6099.879250 -15214.190151   -503.426132
PG27 -20944.272361  -8726.361489  13916.148825    168.696291
PG28   7655.290297  13621.690710  22122.995435    568.712751
PG29   1113.848140 -18665.894717 -18871.006163    642.439809
PG30   1911.459481  22510.519366  13876.917878    157.622363
PG31 -10139.481114 -13367.742456 -20398.027618    235.404035
PG32 -15732.149214 -21048.939042   3959.522261   -208.391559
PR01  -6668.649310 -11732.575810  21637.800957   -137.989554
PR02 -22558.792560  -8192.574357   8730.739944    221.698626
PR03 -23902.273441     90.246169  -8923.456107     85.629102
PR04 -10859.789573   8482.963492 -21459.165814    193.273241
PR05   7884.260724  11737.435184 -21245.800375    -50.905025
PR06  23000.275135   7685.278475  -7881.999081    100.227359
PR07  23747.130652   -280.498722   9298.658490     20.250748
PR08  11412.713345  -8290.996632  21298.457950    -26.984139
PR09   8961.433907   6438.650384  23018.062381     32.021659
PR10  18138.093743 -11341.952637  13944.457446     16.504543
PR11  15609.126361 -19984.431314  -2938.365536     11.411675
PR12   2227.438325 -16732.160401 -19205.071175 999999.999999
PR13 -10862.633891  -3477.923955 -22825.222169      4.501356
PR14 -18281.204551  12434.569275 -12665.226116    406.396074
PR15 -16243.167886  19702.911091   1143.851150      7.606334
PR16  -3602.179965  17593.648286  18150.255903     50.544026
PR17 -11351.929597   -106.812349  22845.173089     10.189186
PR18  -3598.046723  16396.257566  19194.378231    128.057730
PR19   6373.488642  24412.258582   3778.722158   -169.022914
PR20  12515.870089  17208.667338 -14028.379040   -263.522543
PR21  11364.254362    403.517165 -22837.036619     91.180472
PR22   2933.222463 -17308.931460 -18560.033709    218.476396
PR23  -7489.271683 -24278.680467  -2246.823614     21.223576
PR24 -12766.438063 -17370.977827  13614.678413   -143.519910
PR26  13033.275118  15719.272965 -15295.383430     64.355644
PE01  23780.993418 -15851.467852   7726.965132     78.397226
PE02 -23770.243538  15872.198901  -7693.862647     -1.026742
PE08  -5071.124410  16236.052642 -24225.055265   3054.887900
PE09 -16459.161347 -17474.287776  17315.353167   3112.851840
PE11 -10408.607352 -27179.806848   5413.586145   1540.596980
PE12   1730.795295 -27078.715362 -11832.964988    227.950884
PE14  10293.135844  21023.404932   6125.351400   3207.174580
PE18  -6364.853269 -27939.143359 -14432.897924   3651.636540
PE19  24753.758124  -4116.184863  15690.230877      3.764863
PE22 -13590.474692  12169.569809  23303.528327   1864.979030
PE24  -4224.481789 -17131.107741 -23762.460852  -1069.504960
PE26  17559.850329  11006.040758 -21142.070371   4115.101430
PE30 -13844.160088  23440.623621  11630.298882   3370.093040
PC06 -15557.811613  20694.063280 -33150.730664   -409.810508
PC07 -22047.218542  34475.204782   9447.998501    -33.986905
PC08  -7671.835972  32569.648763  25822.375815   -696.896929
PC09   1040.928094  25304.501942 -33575.881795    -24.373962
PC10 -10280.910904  34904.241501  21162.323591   -242.909980
PC11 -15369.941689   4197.016731  22943.446954    317.002991
PC12 -19238.687744 -15586.782132  12794.996963    852.936856
PC13   2285.168405  40072.209359  13270.153734    655.894836
PC14 -26470.553903   5404.333954  -7087.675331    270.720996
PJ01 -34979.795643  20491.816728  -6980.238691   -228.644765
*  2016 11 21 20 15  0.00000000
PG01 -13855.377249  18358.249716  12962.466294     41.231147
PG02  14679.164006   4720.232455 -21175.781824    522.046959
PG03 -21127.427302  13028.766972  -9441.725839    -99.381346
PG04  20572.069237  13788.986550  10129.358495     18.094394
PG05  25124.432417   -934.771169  -8955.268471    -76.675235
PG06   9146.855789  16680.710452 -18522.061890    276.072160
PG07  -6068.781650  25601.886657   1133.119466    408.874398
PG08 -17133.752077   3014.112133  20140.656247    -39.759459
PG09    676.919615  18848.138100 -18722.563033    249.040949
PG10  -9140.246952 -12914.960401  21356.971975   -114.883376
PG11 -12586.838264  14003.923764  18174.699625   -672.054835
PG12  22655.901454 -10892.080753  -8372.663643    389.506732
PG13  20086.547444   7706.443091  15411.905416    -56.090574
PG14 -19104.008917 -18298.618494  -2906.664983    -46.076899
PG15  17677.338050  -4019.775251  19374.230282   -335.070979
PG16 -25162.348476   -812.731247  -9168.147095     16.464966
PG17  14910.718557  21400.152823   5861.757837   -198.712099
PG18   3044.246551 -17265.439303  20453.176258    577.918851
PG19  18098.247600  19144.513470  -1759.965634   -519.602327
PG20  21790.209045 -13710.857159   6408.364377    447.107275
PG21   1735.752242 -26056.561421   4997.358385   -530.929904
PG22 -24266.464354  10446.155613  -2961.444737    183.702365
PG23 -11366.751203  10498.542765 -21383.460448   -197.438628
PG24  14595.963266 -16006.130058  15155.009886    -26.418123
PG25  11632.282726 -15878.702567 -17861.522927   -286.164323
PG26 -19178.317408  -6739.205834 -17116.738352   -503.429902
PG27 -21847.249686  -9881.173711  11581.076916    168.700997
PG28   5283.478060  14051.865009  22553.578301    568.715669
PG29   2649.729891 -17045.809824 -20201.511064    642.438528
PG30   1203.263124  23812.337033  11584.957368    157.623105
PG31  -9339.918891 -15519.322986 -19193.512546    235.401847
PG32 -15125.068192 -20791.991721   6722.864786   -208.406392
PR01  -3973.551897 -11339.920741  22494.100030   -137.989673
PR02 -21341.301301  -7880.183557  11610.160914    221.699968
PR03 -24829.435396     91.752840  -5888.919264     85.629915
PR04 -13408.069599   8181.225489 -20093.544447    193.274787
PR05   5233.086145  11347.165877 -22252.344768    -50.908087
PR06  21873.586647   7426.087834 -10804.790980    100.227760
PR07  24713.969532   -272.362769   6278.692982     20.248659
PR08  13925.484293  -7993.329601  19867.106275    -26.983662
PR09   7161.008735   8622.219368  22928.920122     32.023209
PR10  16841.741997  -9981.148886  16387.400443     16.504158
PR11  15595.166561 -20212.113130    267.945277     11.410954
PR12   3529.610321 -18558.222623 -17243.762466 999999.999999
PR13  -9101.522993  -5700.673939 -23147.007023      4.501297
PR14 -17079.276402  11187.388710 -15251.515541    406.401219
PR15 -16045.450971  19784.963733  -2085.066164      7.605769
PR16  -4816.739199  19317.859442  15997.592158     50.545318
PR17 -12387.302133  -2682.175198  22135.489408     10.190685
PR18  -4416.737832  14064.710720  20811.188185    128.059137
PR19   6318.248495  23727.287913   6923.559683   -169.023942
PR20  13210.514668  18623.305469 -11321.209286   -263.524263
PR21  12414.083101   2970.509619 -22091.244193     91.181965
PR22   3704.346650 -15037.576602 -20308.020082    218.477944
PR23  -7487.711185 -23771.220712  -5432.434250     21.223760
PR24 -13465.090322 -18726.041871  10875.252324   -143.520629
PR26  13803.953882  17276.740440 -12727.527426     64.354738
PE01  23105.796903 -15371.287692  10314.802370     78.388536
PE02 -23095.933749  15392.303450 -10283.135997     -1.026603
PE08  -7183.182168  15695.967865 -24045.608827   3055.246620
PE09 -14873.734027 -17037.442174  19094.723692   3113.217200
PE11 -10583.053630 -27513.313529   2725.683200   1540.610160
PE12   1980.275865 -25929.677577 -14141.212502    228.026765
PE14   8772.731429  20417.339318   8772.659233   3207.484660
PE18  -5926.415656 -27213.081274 -16267.665049   3651.985190
PE19  26039.711025  -3813.231294  13537.564729      3.765218
PE22 -14134.410950  10103.283452  23956.753264   1865.189750
PE24  -2778.296420 -18665.149822 -22799.710389  -1069.565190
PE26  18080.852794  12773.908169 -19657.763343   4115.475210
PE30 -14407.486344  24203.251717   9111.103454   3370.451970
PC06 -16717.139828  20756.737832 -32557.452115   -409.841680
PC07 -21418.046828  35373.033465   7286.690017    -33.993724
PC08  -7144.462012  31398.323008  27372.760370   -696.917592
PC09    -26.881890  24831.852548 -33953.950513    -24.416304
PC10 -10033.097183  35984.459980  19375.183008   -242.927150
PC11 -16585.024744   2217.473331  22357.552103    316.997297
PC12 -19821.687987 -16624.763087  10348.442880    852.961818
PC13   3170.998965  39262.140446  15336.100366    655.921265
PC14 -27070.266406   5312.003496  -4402.369050    270.730741
PJ01 -35118.964557  21172.168698  -5217.699081   -228.618380
*  2016 11 21 20 30  0.00000000
PG01 -13707.154877  16719.713032  15157.208737     41.232202
PG02  14243.147387   7185.904469 -20818.370650    522.042069
PG03 -22085.267643  13086.631355  -6795.595208    -99.383012
PG04  21071.686773  14650.017598   7517.746492     18.098355
PG05  24114.021278   -329.077069 -11435.473526    -76.673050
PG06   8596.064814  18634.307407 -16848.767933    276.076652
PG07  -6327.216216  25486.362754  -1754.685370    408.871337
PG08 -18727.407000   1468.360775  18853.856220    -39.760944
PG09  -1063.827206  17476.750127 -19993.884982    249.047418
PG10  -6812.255782 -13715.324451  21716.552088   -114.884408
PG11 -13163.632856  11797.733440  19263.635410   -672.055477
PG12  23459.871883 -10924.208767  -5596.803182    389.506439
PG13  21053.444447   9066.116082  13240.970488    -56.092239
PG14 -19068.992157 -18605.282188    -61.369270    -46.078556
PG15  19294.225824  -2565.346928  18077.400147   -335.072215
PG16 -24059.266246  -1210.039557 -11720.593314     16.466200
PG17  14233.119993  20977.930402   8583.566037   -198.711374
PG18   5146.070565 -17901.577143  19410.448310    577.921783
PG19  17929.198588  19310.735348   1143.817762   -519.601629
PG20  22476.307105 -13631.927544   3704.877623    447.108597
PG21   2114.438655 -26328.878399   2216.666658   -530.928749
PG22 -24582.762787  10184.746088   -196.437537    183.692816
PG23 -13211.441849   8842.546476 -21112.214852   -197.439761
PG24  14467.881090 -14135.023438  17035.012123    -26.419460
PG25  13501.197691 -16338.193796 -16006.480616   -286.170486
PG26 -17281.225265  -7530.885793 -18725.206020   -503.433701
PG27 -22606.934728 -10800.258447   9048.201233    168.705699
PG28   2914.630478  14625.964731  22618.486880    568.717724
PG29   4364.767487 -15419.199458 -21184.579165    642.436831
PG30    635.627115  24887.716455   9092.448991    157.623740
PG31  -8692.068129 -17560.233223 -17652.349413    235.400016
PG32 -14277.751368 -20362.413044   9370.699995   -208.421166
PR01  -1179.032675 -11136.191661  22913.268056   -137.989000
PR02 -19765.317858  -7632.606004  14264.918787    221.701244
PR03 -25374.550777    188.633609  -2740.110540     85.630303
PR04 -15779.730596   8078.867744 -18337.492418    193.276245
PR05   2463.661357  11141.652660 -22827.387379    -50.911180
PR06  20385.053570   7226.176409 -13517.540490    100.228612
PR07  25300.596475   -362.198082   3136.647525     20.247265
PR08  16254.631422  -7893.494276  18051.539499    -26.983256
PR09   5545.588448  10899.989644  22395.217629     32.024949
PR10  15491.373870  -8295.731416  18512.878182     16.504254
PR11  15337.040005 -20116.722820   3469.066731     11.410472
PR12   4547.118779 -20258.589566 -14950.235340 999999.999999
PR13  -7503.794541  -8057.973799 -23019.760145      4.500995
PR14 -15803.552030   9607.308169 -17540.747490    406.406104
PR15 -15617.953091  19528.452065  -5273.711210      7.605458
PR16  -5741.953352  20891.519363  13535.359421     50.546681
PR17 -13561.377282  -5071.697848  20995.888999     10.192161
PR18  -5480.850493  11643.761639  22023.610041    128.060868
PR19   6055.064178  22703.970515   9933.950408   -169.024971
PR20  13865.874259  19666.139827  -8393.538039   -263.525574
PR21  13600.896276   5345.559488 -20916.723982     91.183477
PR22   4725.348625 -12657.356344 -21663.042607    218.479251
PR23  -7283.221368 -22917.152220  -8512.507645     21.224082
PR24 -14113.146449 -19708.570418   7924.359577   -143.521060
PR26  14546.758428  18473.307242  -9912.641406     64.358059
PE01  22320.163519 -14669.966859  12774.421043     78.379844
PE02 -22311.017452  14691.051420 -12744.482078     -1.026468
PE08  -9297.861941  15305.812548 -23567.119667   3055.605340
PE09 -13115.008205 -16681.555985  20636.584764   3113.582560
PE11 -10699.169681 -27603.657870      3.887984   1540.623360
PE12   2375.759530 -24611.794737 -16273.594044    228.102652
PE14   6991.602994  19633.210352  11212.430904   3207.794760
PE18  -5355.772908 -26408.449153 -17945.985399   3652.333840
PE19  27144.863213  -3636.334947  11216.430147      3.765572
PE22 -14834.739728   8036.391999  24311.853924   1865.400480
PE24  -1512.822220 -20225.265575 -21553.300954  -1069.625440
PE26  18675.413392  14364.480743 -17929.115949   4115.849040
PE30 -14762.224136  24829.105479   6478.620792   3370.810880
PC06 -17857.879967  20970.014559 -31823.094460   -409.872752
PC07 -20675.748933  36178.804208   5093.612670    -34.000440
PC08  -6775.084620  30169.014895  28806.107721   -696.938236
PC09  -1147.417345  24502.279273 -34184.791443    -24.458305
PC10  -9645.844605  37022.036227  17504.129010   -242.944345
PC11 -17876.514996    379.346928  21440.605716    316.990977
PC12 -20314.287591 -17415.422945   7747.603518    852.986941
PC13   3943.371067  38344.357535  17336.504890    655.947846
PC14 -27397.284765   5224.752749  -1651.924459    270.740454
PJ01 -35159.045844  21858.694954  -3431.295396   -228.592009
*  2016 11 21 20 45  0.00000000
PG01 -13608.513648  14843.665184  17086.470119     41.233284
PG02  13934.505561   9602.922288 -20088.991059    522.037096
PG03 -22753.839596  13082.059391  -4032.442087    -99.384691
PG04  21403.676798  15272.067508   4779.378708     18.102571
PG05  22887.414356    427.812639 -13721.722516    -76.671101
PG06   8179.134003  20410.313667 -14885.261701    276.081191
PG07  -6536.428967  25059.837466  -4611.435791    408.868550
PG08 -20271.817266    110.029076  17244.603435    -39.761961
PG09  -2970.180626  16119.712382 -20921.805129    249.053927
PG10  -4509.966248 -14643.066840  21703.003500   -114.885409
PG11 -13854.493642   9512.561779  20005.084655   -672.056272
PG12  23956.231660 -10898.775875  -2723.721675    389.506228
PG13  21907.568713  10187.333446  10839.874562    -56.094314
PG14 -18816.324776 -18693.215585   2784.998061    -46.079956
PG15  20841.543905  -1285.710918  16469.604590   -335.073164
PG16 -22717.450721  -1752.916315 -14076.444536     16.467477
PG17  13311.148900  20397.791026  11161.014573   -198.710975
PG18   7097.982947 -18584.308610  18046.257319    577.924560
PG19  17529.238246  19257.616068   4027.473662   -519.601032
PG20  22888.441328 -13448.548276    937.512677    447.110842
PG21   2449.187620 -26304.870731   -602.336611   -530.927907
PG22 -24624.957697   9816.164053   2571.954700    183.683061
PG23 -15091.230610   7314.724825 -20472.240994   -197.440697
PG24  14408.472299 -12065.650712  18618.015913    -26.419415
PG25  15133.903635 -16816.597885 -13875.986580   -286.176638
PG26 -15275.622624  -8481.861045 -20011.821758   -503.437378
PG27 -23183.684794 -11493.491973   6360.948275    168.710462
PG28    595.256748  15333.680676  22316.651327    568.720801
PG29   6234.830450 -13828.994182 -21803.241532    642.435454
PG30    184.133577  25705.565137   6442.465000    157.624466
PG31  -8186.559218 -19443.443110 -15800.923179    235.398002
PG32 -13180.936134 -19797.956616  11857.546102   -208.435994
PR01   1646.947370 -11133.109282  22887.222179   -137.988994
PR02 -17866.388278  -7498.390658  16643.698948    221.702918
PR03 -25520.549054    328.084526    461.845517     85.631236
PR04 -17914.344404   8150.272014 -16225.171167    193.277766
PR05   -356.935166  11135.133949 -22959.771419    -50.913574
PR06  18568.376436   7133.978812 -15967.614130    100.230164
PR07  25488.468337   -497.442596    -66.410876     20.245310
PR08  18340.701197  -7964.894901  15886.743097    -26.983192
PR09   4147.893191  13210.946531  21427.047438     32.026719
PR10  14148.398412  -6307.981973  20279.500960     16.504396
PR11  14883.001376 -19670.898198   6602.993056     11.409662
PR12   5285.395320 -21771.033047 -12368.912430 999999.999999
PR13  -6107.386590 -10490.215833 -22445.976674      4.500532
PR14 -14516.167792   7712.852527 -19488.559452    406.411819
PR15 -15013.016435  18910.341771  -8360.467489      7.604974
PR16  -6387.739786  22253.806521  10811.385711     50.547776
PR17 -14828.457099  -7223.922507  19448.341476     10.194074
PR18  -6781.568621   9201.906241  22808.324185    128.062406
PR19   5546.420976  21387.594983  12751.433512   -169.025222
PR20  14422.625469  20330.326785  -5302.362963   -263.527002
PR21  14878.221770   7477.802569 -19336.358476     91.185400
PR22   5990.582846 -10236.385410 -22598.476312    218.480774
PR23  -6836.142012 -21758.767882 -11427.231727     21.224278
PR24 -14651.617860 -20314.313077   4819.428030   -143.521124
PR26  15202.376394  19298.499554  -6905.396965     64.354725
PE01  21460.002459 -13741.073006  15075.259930     78.371175
PE02 -21451.393455  13761.965208 -15047.269281     -1.026326
PE08 -11378.152015  15066.667231 -22795.522830   3055.964030
PE09 -11209.544639 -16430.581137  21921.780236   3113.947920
PE11 -10724.647092 -27459.906530  -2717.956957   1540.636510
PE12   2934.178413 -23156.100935 -18203.585814    228.178601
PE14   4958.325249  18706.636947  13379.587930   3208.104820
PE18  -4647.863061 -25550.096773 -19453.634512   3652.682540
PE19  28045.196698  -3561.593364   8755.709543      3.765935
PE22 -15683.387477   6005.765960  24364.380110   1865.611420
PE24   -439.352639 -21774.219184 -20038.715624  -1069.685680
PE26  19314.040581  15757.089777 -15977.625561   4116.222880
PE30 -14925.521791  25286.788704   3765.581449   3371.169780
PC06 -18960.514289  21330.243225 -30950.962903   -409.903459
PC07 -19833.339258  36878.358431   2878.314651    -34.007355
PC08  -6569.919741  28902.832298  30116.258908   -696.958694
PC09  -2301.463495  24321.530915 -34267.502388    -24.500206
PC10  -9125.922041  37998.940334  15557.208695   -242.961630
PC11 -19210.228466  -1290.230037  20205.918670    316.984702
PC12 -20678.891872 -17964.519130   5031.168096    853.012153
PC13   4589.177281  37334.556230  19262.795285    655.974476
PC14 -27449.987789   5107.582889   1122.953391    270.750177
PJ01 -35102.336327  22539.807108  -1629.420374   -228.565401
*  2016 11 21 21  0  0.00000000
PG01 -13589.938761  12763.630871  18716.663118     41.234351
PG02  13748.943698  11922.747109 -19002.250641    522.031949
PG03 -23135.129741  12977.184080  -1199.838619    -99.386370
PG04  21532.767610  15671.137234   1960.271111     18.106019
PG05  21481.082405   1352.319866 -15775.215272    -76.669029
PG06   7875.544186  21969.509968 -12665.374325    276.085655
PG07  -6734.257151  24323.398074  -7386.484139    408.865655
PG08 -21722.003335  -1052.895612  15340.406820    -39.762912
PG09  -5013.222925  14814.436035 -21490.444325    249.060475
PG10  -2278.549776 -15679.687222  21316.286209   -114.886458
PG11 -14656.786008   7194.321240  20384.960093   -672.057230
PG12  24147.867296 -10775.492028    196.759513    389.506296
PG13  22606.946796  11073.156101   8250.529988    -56.096018
PG14 -18323.438012 -18592.367456   5584.037447    -46.081792
PG15  22277.238531   -185.568431  14579.462692   -335.074638
PG16 -21173.964021  -2463.500296 -16196.004014     16.469022
PG17  12138.998746  19700.590421  13551.332873   -198.710148
PG18   8871.389540 -19282.191656  16381.774381    577.927377
PG19  16876.052960  19016.724227   6840.125389   -519.600247
PG20  23037.870135 -13128.255752  -1845.998144    447.112083
PG21   2774.681251 -25977.165912  -3410.740129   -530.927047
PG22 -24409.689542   9310.659091   5296.465394    183.673286
PG23 -16964.074918   5937.588270 -19476.157900   -197.441832
PG24  14442.356772  -9836.110458  19876.783929    -26.420042
PG25  16508.798171 -17274.602667 -11506.164569   -286.182838
PG26 -13208.140723  -9590.990018 -20954.316249   -503.441054
PG27 -23541.974831 -11978.578384   3565.266796    168.715182
PG28  -1630.597451  16156.912241  21652.594852    568.723361
PG29   8228.401330 -12314.003269 -22046.788356    642.433921
PG30   -180.771592  26241.731694   3680.861002    157.625149
PG31  -7806.293001 -21125.738325 -13671.295916    235.396000
PG32 -11833.690384 -19138.776100  14140.688307   -208.450842
PR01   4435.217423 -11330.339879  22416.529921   -137.989124
PR02 -15690.800604  -7518.987457  18700.522518    221.704027
PR03 -25263.463795    455.277564   3654.853705     85.631969
PR04 -19759.114663   8359.746153 -13797.656093    193.278852
PR05  -3159.763990  11329.892044 -22646.905369    -50.916242
PR06  16468.129273   7191.152202 -18107.525601    100.230290
PR07  25272.164021   -623.268477  -3268.172812     20.243115
PR08  20131.990364  -8171.037681  13414.462658    -26.983309
PR09   2989.092294  15489.971046  20042.934629     32.028667
PR10  12870.387008  -4052.606744  21652.773300     16.504531
PR11  14287.054122 -18859.267270   9609.052495     11.409043
PR12   5761.959689 -23037.625597  -9549.639031 999999.999999
PR13  -4938.996422 -12932.409478 -21436.797668      4.500040
PR14 -13276.145510   5535.245316 -21057.303728    406.416766
PR15 -14287.830302  17920.207338 -11285.630613      7.605065
PR16  -6775.883273  23349.169833   7878.473491     50.549091
PR17 -16135.312540  -9097.453524  17522.763688     10.195778
PR18  -8297.626497   6805.924996  23150.334107    128.064200
PR19   4765.045974  19832.146770  15321.293161   -169.026360
PR20  14822.944466  20622.498746  -2107.890256   -263.528354
PR21  16192.210879   9326.656010 -17380.883103     91.186874
PR22   7481.772087  -7841.898578 -23095.752831    218.481983
PR23  -6116.648853 -20347.534274 -14120.026864     21.224554
PR24 -15023.510085 -20552.373423   1620.843762   -143.521339
PR26  15712.317643  19755.207285  -3764.174671     64.356538
PE01  20562.235636 -12584.810180  17188.735144     78.362491
PE02 -20553.987291  12605.213121 -17162.835413     -1.026202
PE08 -13387.573755  14973.551855 -21740.398497   3056.322760
PE09  -9187.940651 -16303.857156  22934.348709   3114.313270
PE11 -10629.501795 -27097.126566  -5406.010698   1540.649710
PE12   3666.861697 -21596.611083 -19907.179914    228.254488
PE14   2695.415681  17679.846319  15215.896438   3208.414840
PE18  -3801.225080 -24662.278033 -20777.501351   3653.031220
PE19  28721.748900  -3561.446719   6186.024787      3.766267
PE22 -16666.337811   4046.533787  24113.648091   1865.822340
PE24    437.339648 -23273.807282 -18274.778091  -1069.745950
PE26  19964.538274  16936.732225 -13827.555276   4116.596690
PE30 -14919.952085  25548.885390   1005.719430   3371.528700
PC06 -20006.181748  21831.251862 -29944.955523   -409.934203
PC07 -18905.587449  37459.374448    650.453984    -34.013916
PC08  -6532.371904  27621.513390  31297.575293   -696.979108
PC09  -3469.224497  24292.789492 -34201.827583    -24.542052
PC10  -8482.407710  38898.183916  13542.812297   -242.979025
PC11 -20548.354735  -2770.588285  18671.529827    316.978151
PC12 -20880.523123 -18285.155182   2239.616800    853.037221
PC13   5097.470535  36250.007880  21106.708722    656.000870
PC14 -27234.181107   4926.079437   3881.234202    270.759975
PJ01 -34952.616673  23204.392323    179.704767   -228.538924
*  2016 11 21 21 15  0.00000000
PG01 -13676.101825  10519.475682  20019.573305     41.235374
PG02  13674.407276  14099.714928 -17579.153804    522.026997
PG03 -23239.684998  12736.264672   1653.432186    -99.388094
PG04  21428.682130  15870.231880   -892.016294     18.110175
PG05  19935.376895   2453.683629 -17561.027814    -76.667050
PG06   7658.544317  23278.597284 -10227.352487    276.090080
PG07  -6957.984124  23287.483324 -10030.551878    408.862560
PG08 -23033.652816  -2020.796259  13173.795532    -39.764522
PG09  -7157.686434  13593.428717 -21690.082377    249.067009
PG10   -159.418570 -16799.558024  20562.773512   -114.887603
PG11 -15560.486528   4888.825944  20395.987688   -672.057945
PG12  24046.870127 -10516.378814   3113.794542    389.506065
PG13  23112.676307  11735.103946   5518.059150    -56.098181
PG14 -17574.966599 -18337.512387   8288.428797    -46.083380
PG15  23560.733408    738.258209  12440.207805   -335.075817
PG16 -19470.706262  -3356.610061 -18043.370538     16.470249
PG17  10719.252193  18928.643343  15715.049101   -198.709627
PG18  10443.903956 -19959.942801  14443.242932    577.930064
PG19  15955.365463  18624.691957   9531.914715   -519.599580
PG20  22943.286214 -12642.307281  -4597.822378    447.114261
PG21   3126.022220 -25347.105276  -6158.932432   -530.926205
PG22 -23960.449711   8642.806191   7930.817581    183.663366
PG23 -18785.887716   4725.821228 -18142.714210   -197.442978
PG24  14587.651783  -7489.364964  20789.850256    -26.420054
PG25  17612.815631 -17670.855223  -8937.448475   -286.188971
PG26 -11125.548151 -10848.930918 -21536.313420   -503.444835
PG27 -23651.802911 -12280.171407    708.856926    168.719882
PG28  -3722.754777  17070.363137  20636.397094    568.725892
PG29  10307.614806 -10907.511466 -21910.957169    642.432197
PG30   -492.425522  26479.920591    855.468749    157.625824
PG31  -7527.258246 -22569.322755 -11300.643110    235.393773
PG32 -10243.633406 -18425.797443  16180.908448   -208.465673
PR01   7118.027374 -11715.515236  21510.393458   -137.989121
PR02 -13293.832201  -7726.826714  20395.621436    221.706669
PR03 -24612.574909    515.921232   6777.048501     85.632826
PR04 -21270.889340   8663.201434 -11102.136151    193.279697
PR05  -5876.638673  11716.145363 -21894.814694    -50.919626
PR06  14138.053615   7430.629448 -19895.849658    100.231048
PR07  24659.609812   -685.153995  -6406.305875     20.241101
PR08  21586.516674  -8467.226692  10682.417226    -26.983287
PR09   2078.107168  17670.389004  18269.499699     32.030484
PR10  11708.651544  -1575.564500  22605.776582     16.505180
PR11  13606.502276 -17679.268265  12429.071865     11.408496
PR12   6005.418406 -24007.103522  -6546.737780 999999.999999
PR13  -4013.137947 -15316.698831 -20011.794733      4.500213
PR14 -12136.890950   3117.342627 -22216.762941    406.421229
PR15 -13501.879898  16560.873330 -13992.549801      7.604524
PR16  -6938.850259  24129.627843   4793.382255     50.550184
PR17 -17423.411651 -10662.436119  15256.450936     10.197291
PR18  -9996.031528   4518.283383  23043.237804    128.065550
PR19   3695.315802  18098.051219  17593.620855   -169.027151
PR20  15013.130455  20562.299318   1127.648746   -263.529914
PR21  17483.896377  10863.246846 -15088.287525     91.188358
PR22   9168.555781  -5537.622910 -23144.750556    218.483886
PR23  -5106.264645 -18741.914486 -16538.642867     21.224422
PR24 -15176.400335 -20444.630633  -1609.229113   -143.521498
PR26  16021.531772  19859.355025   -549.931547     64.358806
PE01  19663.620888 -11208.072181  19088.594028     78.353803
PE02 -19655.572864  11227.665864 -19064.845252     -1.026072
PE08 -15291.263537  15015.607457 -20414.853898   3056.681480
PE09  -7083.932732 -16315.482008  23661.720598   3114.678620
PE11 -10387.074278 -26535.891035  -8026.854633   1540.662930
PE12   4579.119771 -19969.279927 -21363.182959    228.330420
PE14    238.472103  16599.109448  16673.875117   3208.724910
PE18  -2817.967704 -23768.178928 -21905.497769   3653.379930
PE19  29161.187828  -3605.604838   3539.355326      3.766581
PE22 -17764.043099   2191.040770  23562.750583   1866.033070
PE24   1119.092365 -24686.034295 -16283.419546  -1069.806210
PE26  20593.039406  17894.479683 -11505.632742   4116.970470
PE30 -14772.747266  25592.846173  -1766.647316   3371.887590
PC06 -20977.002079  22464.455939 -28809.544066   -409.965281
PC07 -17908.762180  37911.583864  -1580.245097    -34.020603
PC08  -6662.975446  26347.054520  32344.962777   -696.999744
PC09  -4630.665373  24416.617216 -33988.157050    -24.584194
PC10  -7726.533710  39704.115535  11469.636938   -242.996356
PC11 -21850.747280  -4048.137021  16859.955609    316.971581
PC12 -20888.130928 -18397.223394   -585.390265    853.062289
PC13   5459.651869  35109.264750  22860.326603    656.027271
PC14 -26762.865201   4647.733566   6582.163152    270.769697
PJ01 -34715.047431  23841.992802   1988.065308   -228.512640
*  2016 11 21 21 30  0.00000000
PG01 -13884.793532   8155.999984  20972.854683     41.236441
PG02  13691.728888  16092.638785 -15846.575140    522.021893
PG03 -23086.097771  12327.241921   4478.219154    -99.389782
PG04  21067.412512  15898.358196  -3729.133857     18.115564
PG05  18293.059487   3733.415055 -19048.684879    -76.664935
PG06   7496.353096  24311.368610  -7613.197692    276.094563
PG07  -7242.637747  21971.561287 -12496.686469    408.859817
PG08 -24164.770338  -2802.220561  10781.775773    -39.765108
PG09  -9363.126003  12483.120375 -21517.320489    249.073620
PG10   1811.186974 -17970.841457  19455.161914   -114.888680
PG11 -16548.483283   2640.102300  20037.886831   -672.058857
PG12  23674.006333 -10087.459302   5976.429097    389.505938
PG13  23390.490875  12192.489109   2689.978747    -56.099935
PG14 -16563.436934 -17966.778705  10852.687506    -46.084851
PG15  24654.411311   1496.457201  10089.070169   -335.076984
PG16 -17652.928059  -4438.995633 -19587.016701     16.471433
PG17   9062.917810  18124.080348  17616.559244   -198.709075
PG18  11800.055164 -20579.742705  12261.685834    577.933306
PG19  14761.720323  18121.649342  12054.962549   -519.598777
PG20  22629.965632 -11966.951987  -7270.845760    447.115535
PG21   3537.120709 -24424.890885  -8797.528333   -530.925397
PG22 -23306.589200   7792.643602  10430.478430    183.654076
PG23 -20512.148674   3685.945025 -16496.355565   -197.443995
PG24  14855.194891  -5071.734367  21341.874935    -26.420390
PG25  18441.798469 -17963.663432  -6213.911681   -286.195164
PG26  -9073.086789 -12238.350180 -21747.622281   -503.448592
PG27 -23489.895100 -12428.740434  -2159.623411    168.724595
PG28  -5646.184853  18042.394737  19283.604059    568.728948
PG29  12429.549297  -9636.099682 -21398.010894    642.430567
PG30   -786.443344  26412.312551  -1984.749174    157.626523
PG31  -7319.643851 -23743.219414  -8730.578351    235.391805
PG32  -8426.832336 -17699.073985  17943.154740   -208.480555
PR01   9631.618604 -12264.776767  20186.466885   -137.989405
PR02 -10737.638878  -8143.787454  21696.195731    221.707991
PR03 -23590.017285    458.794751   9767.985560     85.634096
PR04 -22417.782152   9010.195572  -8190.994905    193.280389
PR05  -8442.708918  12272.464044 -20718.029163    -50.923012
PR06  11638.985924   7875.053961 -21298.014922    100.232133
PR07  23671.761494   -631.446322  -9419.678251     20.239740
PR08  22673.602794  -8802.617867   7743.396106    -26.983693
PR09   1411.437836  19686.606862  16140.963219     32.032144
PR10  10706.098594   1067.578190  23119.709382     16.505210
PR11  12899.381104 -16141.448971  15008.490954     11.407848
PR12   6054.010159 -24636.972029  -3417.986682 999999.999999
PR13  -3331.722163 -17575.013416 -18198.593358      4.500776
PR14 -11143.954298    512.082817 -22944.715912    406.426245
PR15 -12714.310588  14848.519236 -16428.715976      7.604106
PR16  -6918.163486  24556.769580   1615.741375     50.551526
PR17 -18631.393666 -11901.553433  12693.362036     10.199057
PR18 -11833.290359   2394.730662  22489.333080    128.067150
PR19   2334.174986  16249.666279  19524.283948   -169.028356
PR20  14946.068708  20181.382772   4341.222151   -263.531880
PR21  18691.682874  12071.351729 -12503.078345     91.190098
PR22  11009.559503  -3381.300717 -22744.026182    218.484694
PR23  -3798.894099 -17004.918657 -18636.169780     21.224677
PR24 -15064.833221 -20024.639805  -4808.060342   -143.522024
PR26  16080.894650  19639.040909   2674.979992     64.359780
PE01  18799.583449  -9624.287610  20751.239901     78.345100
PE02 -18791.601492   9642.743886 -20729.619108     -1.025949
PE08 -17057.005612  15176.464774 -18835.361373   3057.040200
PE09  -4933.402248 -16473.850058  24094.872984   3115.043980
PE11  -9974.926544 -25801.615046 -10547.907785   1540.676120
PE12   5670.017994 -18310.903084 -22553.479663    228.406351
PE14  -2366.032955  15511.590931  17719.846614   3209.034970
PE18  -1703.689883 -22889.453638 -22826.495978   3653.728670
PE19  29356.213544  -3662.060731    848.639211      3.766954
PE22 -18952.012443    467.896096  22718.519620   1866.243880
PE24   1614.235088 -25974.284466 -14089.406548  -1069.866420
PE26  21165.094427  18627.698615  -9040.718508   4117.344290
PE30 -14514.889344  25401.725019  -4517.043775   3372.246470
PC06 -21856.382370  23219.008945 -27549.752331   -409.996149
PC07 -16860.348402  38226.952342  -3804.036265    -34.027372
PC08  -6959.384746  25101.333496  33253.893856   -697.020409
PC09  -5765.857608  24690.948838 -33627.523054    -24.625981
PC10  -6871.492882  40402.693328   9346.648767   -243.013730
PC11 -23076.306261  -5116.731285  14797.871431    316.965437
PC12 -20675.771242 -18326.608839  -3401.645669    853.087299
PC13   5669.618256  33931.843104  24516.108279    656.053793
PC14 -26055.760272   4243.196591   9185.855780    270.779550
PJ01 -34396.045382  24442.967439   3787.882844   -228.486147
*  2016 11 21 21 45  0.00000000
PG01 -14226.147584   5721.347436  21560.407515     41.237515
PG02  13775.566633  17866.206676 -13836.629102    522.016779
PG03 -22700.190416  11723.158015   7225.852923    -99.391474
PG04  20432.281287  15789.295722  -6502.724388     18.118283
PG05  16597.751457   5185.045056 -20212.666198    -76.662992
PG06   7353.562331  25049.617218  -4867.940557    276.099054
PG07  -7619.383783  20403.445430 -14741.172982    408.856888
PG08 -25077.253108  -3413.360938   8205.212940    -39.766014
PG09 -11585.295480  11502.935297 -20975.137132    249.080322
PG10   3603.410818 -19156.661963  18012.271771   -114.889623
PG11 -17597.196836    488.778918  19317.382090   -672.059395
PG12  23057.849469  -9460.302991   8734.530329    389.505987
PG13  23412.149517  12471.449620   -184.652495    -56.101848
PG14 -15289.662957 -17520.075399  13233.875554    -46.086457
PG15  25524.980648   2106.575938   7566.610537   -335.078311
PG16 -15767.624826  -5708.887499 -20800.311917     16.472881
PG17   7189.165829  17327.236675  19224.632425   -198.708696
PG18  12931.756930 -21102.672560   9872.529219    577.935877
PG19  13298.919728  17549.514655  14364.303370   -519.597885
PG20  22128.681547 -11084.508343  -9819.466397    447.117221
PG21   4039.084801 -23229.384076 -11278.352839   -530.924222
PG22 -22482.128063   6746.599053  12753.371042    183.644050
PG23 -22099.521039   2816.310565 -14566.703222   -197.445038
PG24  15248.070669  -2631.270607  21523.880933    -26.421312
PG25  19000.529102 -18112.735108  -3382.518582   -286.201366
PG26  -7092.873447 -13734.449588 -21584.423852   -503.452359
PG27 -23040.665407 -12459.224768  -4991.362921    168.729360
PG28  -7372.116234  19036.113804  17615.081705    568.731469
PG29  14547.722280  -8518.734814 -20516.704113    642.429153
PG30  -1099.121857  26039.865581  -4790.566603    157.627203
PG31  -7149.200227 -24624.409483  -6006.380350    235.389762
PG32  -6407.377494 -16996.187928  19397.140540   -208.495424
PR01  11918.629100 -12943.820543  18470.510239   -137.988241
PR02  -8088.872011  -8780.118557  22577.039680    221.709469
PR03 -22229.873527    238.149028  12569.801814     85.635127
PR04 -23180.335936   9346.254577  -5120.790895    193.281681
PR05 -10798.907086  12966.691909 -19139.307584    -50.926129
PR06   9036.505152   8535.661737 -22286.961401    100.232773
PR07  22341.755610   -415.805075 -12249.561474     20.238157
PR08  23375.007293  -9122.545963   4654.254691    -26.983709
PR09    973.521202  21476.725061  13698.499937     32.033637
PR10   9895.450189   3813.699239  23184.273997     16.505252
PR11  12221.874234 -14269.232756  17297.406185     11.407224
PR12   5953.759073 -24895.268182   -223.537832 999999.999999
PR13  -2884.177199 -19641.742983 -16032.341771      4.499593
PR14 -10333.145455  -2219.482235 -23227.344829    406.431378
PR15 -11981.317043  12812.241012 -18546.776217      7.603687
PR16  -6762.406303  24603.375641  -1593.086795     50.552730
PR17 -19697.685334 -12810.500143   9883.271126     10.200580
PR18 -13757.086722    482.194981  21499.556277    128.068563
PR19    691.525130  14352.629998  21075.781690   -169.028488
PR20  14583.427284  19521.921107   7470.238056   -263.533365
PR21  19753.965418  12947.810495  -9675.417250     91.191716
PR22  12953.945188  -1422.466409 -21900.880603    218.486192
PR23  -2201.338550 -15201.485319 -20371.943225     21.224965
PR24 -14652.433231 -19336.059108  -7913.573053   -143.521906
PR26  15849.459188  19133.180775   5848.018817     64.363733
PE01  18003.092219  -7853.061369  22156.023710     78.336423
PE02 -17995.075121   7870.060178 -22136.428286     -1.025797
PE08 -18656.183712  15434.788229 -17021.554512   3057.398890
PE09  -2773.315203 -16781.371550  24228.440434   3115.409290
PE11  -9375.607603 -24923.743152 -12937.831546   1540.689320
PE12   6932.347324 -16657.994444 -23463.258173    228.482271
PE14  -5063.992231  14462.026061  18335.643090   3209.345030
PE18   -467.355835 -22045.769645 -23530.295709   3654.077320
PE19  29305.773331  -3698.158677  -1852.637941      3.767295
PE22 -20201.557726  -1098.862127  21591.442721   1866.454700
PE24   1937.266296 -27104.453835 -11720.033225  -1069.926690
PE26  21646.780620  19140.075058  -6463.447973   4117.718090
PE30 -14180.084285  24964.742974  -7211.266810   3372.605370
PC06 -22629.300927  24081.991646 -26171.132274   -410.027406
PC07 -15778.742989  38399.821499  -6011.195487    -34.034422
PC08  -7416.413674  23905.734669  34020.427393   -697.041207
PC09  -6855.322471  25111.129373 -33121.593720    -24.668108
PC10  -5932.211283  40981.730035   7183.043659   -243.030867
PC11 -24184.405683  -5977.777613  12515.728692    316.959378
PC12 -20223.611190 -18104.183001  -6167.038513    853.112375
PC13   5723.867889  32737.889606  26066.923336    656.080410
PC14 -25138.604906   3687.423980  11653.878738    270.789366
PJ01 -34003.143258  24998.633723   5571.640245   -228.459731
*  2016 11 21 22  0  0.00000000
PG01 -14702.185829   3265.293449  21772.632664     41.238559
PG02  13895.585663  19392.123700 -11585.958923    522.011863
PG03 -22113.930920  10903.385163   9848.988125    -99.393144
PG04  19514.746292  15580.184337  -9165.222911     18.123480
PG05  14892.359528   6794.175584 -21032.839131    -76.660913
PG06   7192.686836  25483.746588  -2038.862811    276.103495
PG07  -8114.084784  18618.277324 -16724.376987    408.853797
PG08 -25738.332495  -3877.240131   5488.148416    -39.766908
PG09 -13777.676253  10664.645301 -20072.836559    249.086895
PG10   5194.746862 -20316.490017  16258.740684   -114.890734
PG11 -18677.493878  -1529.370539  18248.045736   -672.060709
PG12  22233.608433  -8613.360497  11339.710904    389.505660
PG13  23156.596210  12603.724699  -3056.105586    -56.103588
PG14 -13762.839112 -17037.476821  15392.260243    -46.087877
PG15  26144.678406   2592.116746   4916.017608   -335.079480
PG16 -13861.868651  -7155.862284 -21661.982724     16.474459
PG17   5124.775130  16575.128209  20512.850497   -198.708060
PG18  13838.515172 -21490.234134   7315.139160    577.938545
PG19  11580.086295  16950.212865  16418.769172   -519.597367
PG20  21474.426694  -9984.208515 -12200.352261    447.119129
PG21   4658.687128 -21787.546953 -13555.458170   -530.923643
PG22 -21524.412276   5498.172313  14860.534973    183.634427
PG23 -23507.411625   2107.412360 -12387.959418   -197.446091
PG24  15761.457934   -216.076158  21333.371555    -26.421568
PG25  19302.417424 -18080.885451   -492.310302   -286.207532
PG26  -5222.428402 -15305.793129 -21049.349241   -503.456116
PG27 -22296.895670 -12409.527496  -7738.200447    168.734067
PG28  -8878.944524  20010.664609  15656.809092    568.734446
PG29  16613.732559  -7566.163624 -19282.137746    642.427447
PG30  -1465.816158  25372.284438  -7513.366237    157.627857
PG31  -6978.792574 -25198.660157  -3176.139616    235.387699
PG32  -4216.652109 -16350.759818  20517.862173   -208.510291
PR01  13930.233904 -13709.398994  16395.887013   -137.987958
PR02  -5416.120746  -9633.858035  23021.025774    221.711230
PR03 -20576.789685   -184.126338  15128.322504     85.635300
PR04 -23552.180168   9615.374745  -1951.157254    193.283504
PR05 -12894.157700  13757.336722 -17189.204582    -50.928543
PR06   6398.398314   9411.657097 -22843.651248    100.233516
PR07  20713.564917      0.578764 -14840.787589     20.236471
PR08  23685.554817  -9371.027553   1474.827182    -26.984020
PR09    737.606904  22985.019649  10989.453165     32.035489
PR10   9297.906912   6594.497999  22797.900175     16.505077
PR11  11625.825165 -12098.160575  19251.524507     11.406332
PR12   5756.312122 -24761.911010   2975.205134 999999.999999
PR13  -2648.102082 -21456.325884 -13555.034953      4.499660
PR14  -9729.081324  -5010.491653 -23059.477929    406.437004
PR15 -11353.666115  10493.084581 -20305.455355      7.603759
PR16  -6524.940718  24254.593672  -4771.172935     50.553692
PR17 -20563.149140 -13397.912724   6880.802028     10.202145
PR18 -15708.340960  -1182.939904  20093.256857    128.070057
PR19  -1209.932643  12471.173771  22217.972450   -169.028839
PR20  13897.492989  18634.683175  10453.775427   -263.535095
PR21  20611.766865  13502.397917  -6660.150973     91.193421
PR22  14943.381121    299.429149 -20631.254985    218.487639
PR23   -333.268128 -13395.803301 -21712.327284     21.225305
PR24 -13913.644837 -18430.671619 -10865.546882   -143.522348
PR26  15296.375421  18389.715610   8907.664090     64.364094
PE01  17303.615973  -5919.623802  23285.499098     78.327739
PE02 -17295.499100   5934.869577 -23267.753769     -1.025675
PE08 -20064.621660  15764.978261 -14995.984796   3057.757600
PE09   -640.629097 -17234.382363  24060.780525   3115.774640
PE11  -8577.263431 -23934.813576 -15166.918835   1540.702460
PE12   8352.792844 -15045.675029 -24081.194376    228.558201
PE14  -7797.431895  13489.688544  18518.761213   3209.655090
PE18    878.872955 -21254.363385 -24007.623465   3654.426000
PE19  29015.083817  -3681.683141  -4530.860831      3.767629
PE22 -21480.674469  -2490.457799  20195.533297   1866.665470
PE24   2108.336180 -28046.006637  -9204.781548  -1069.986920
PE26  22005.797501  19441.443162  -3805.851317   4118.091890
PE30 -13803.652354  24277.661233  -9815.810763   3372.964310
PC06 -23282.563581  25038.636653 -24679.737974   -410.058616
PC07 -14682.934134  38427.009349  -8192.065470    -34.041197
PC08  -8026.123646  22780.782232  34641.226046   -697.061595
PC09  -7880.366108  25669.996463 -32472.663878    -24.710117
PC10  -4925.090213  41431.106100   4988.206642   -243.048035
PC11 -25136.314944  -6640.073439  10047.312179    316.953151
PC12 -19518.722691 -17764.623001  -8840.198881    853.137379
PC13   5621.561098  31547.836657  27506.082288    656.107019
PC14 -24042.253167   2960.669196  13949.808390    270.799072
PJ01 -33544.835922  25501.388447   7332.102115   -228.433355
*  2016 11 21 22 15  0.00000000
PG01 -15306.700677    837.483088  21606.559897     41.239681
PG02  14017.826123  20649.960682  -9134.967949    522.006866
PG03 -21364.122228   9854.614279  12302.422855    -99.394836
PG04  18314.914733  15309.978638 -11670.662633     18.127300
PG05  13217.535693   8538.834662 -21494.810808    -76.658711
PG06   6975.799991  25613.058818    825.319370    276.107953
PG07  -8746.087298  16657.219829 -18411.497475    408.850952
PG08 -26121.826718  -4222.633443   2677.061393    -39.768152
PG09 -15893.100160   9972.028320 -18825.890855    249.093532
PG10   6570.719830 -21407.684651  14224.613607   -114.891768
PG11 -19755.850642  -3384.665837  16849.977122   -672.060751
PG12  21241.697187  -7533.030722  13746.226773    389.505582
PG13  22610.845361  12625.222713  -5874.855467    -56.105384
PG14 -12000.330407 -16557.623967  17291.914507    -46.089787
PG15  26492.268076   2981.417926   2182.381319   -335.080674
PG16 -11981.136566  -8761.034034 -22156.502658     16.475647
PG17   2903.312450  15900.065678  21459.980427   -198.707409
PG18  14527.357103 -21705.900483   4632.268994    577.941396
PG19   9627.346483  16363.899180  18181.799486   -519.597023
PG20  20704.995221  -8662.779145 -14373.150800    447.120565
PG21   5416.982198 -20133.535321 -15586.144033   -530.922511
PG22 -20472.669031   4048.351440  16716.728354    183.624744
PG23 -24699.416062   1542.503375  -9998.255027   -197.447439
PG24  16382.800799   2127.366220  20774.329015    -26.421509
PG25  19368.853153 -17835.643465   2406.461062   -286.213707
PG26  -3493.387423 -16915.402992 -20151.446692   -503.459917
PG27 -21260.110447 -12318.905838 -10353.416031    168.738892
PG28 -10152.903735  20922.688901  13439.606113    568.736848
PG29  18578.986847  -6780.633886 -17715.504213    642.425752
PG30  -1919.354665  24427.659773 -10106.000313    157.628532
PG31  -6770.079803 -25461.005611   -289.844912    235.385715
PG32  -1892.323669 -15791.123442  21286.027278   -208.525200
PR01  15627.932906 -14511.215902  14002.914849   -137.987675
PR02  -2787.283338 -10690.775415  23019.437763    221.712581
PR03 -18684.172321   -836.660669  17394.094803     85.636311
PR04 -23540.155981   9762.598585   1256.357795    193.285458
PR05 -14687.259044  14595.371104 -14905.486936    -50.931265
PR06   3792.048943  10490.107844 -22957.424248    100.234129
PR07  18840.214404    647.084500 -17142.836802     20.234629
PR08  23613.237912  -9493.335096  -1733.223915    -26.984130
PR09    667.114611  24164.187551   8066.423380     32.037129
PR10   8922.310897   9339.099952  21967.800019     16.504989
PR11  11156.446829  -9674.639694  20833.010215     11.405770
PR12   5516.549281 -24229.584310   6116.732278 999999.999999
PR13  -2590.426190 -22965.643822 -10814.706204      4.499263
PR14  -9344.223571  -7790.819824 -22444.665106    406.442553
PR15 -10874.457317   7942.588265 -21670.366812      7.603583
PR16  -6261.434495  23508.620556  -7857.194961     50.554918
PR17 -21173.651125 -13684.759354   3744.363782     10.203865
PR18 -17623.565630  -2576.107146  18297.813081    128.071446
PR19  -3335.396654  10665.513522  22928.658289   -169.029375
PR20  12872.567700  17576.768566  13233.779954   -263.536930
PR21  21211.283696  13757.160499  -3515.751494     91.194718
PR22  16914.352263   1756.466777 -18959.456003    218.488678
PR23   1773.348129 -11648.686077 -22631.360455     21.225772
PR24 -12835.027051 -17366.086417 -13606.781278   -143.522688
PR26  14402.398961  17463.458318  11794.603230     64.365983
PE01  16726.192076  -3854.104618  24125.637819     78.319057
PE02 -16717.947428   3867.341715 -24109.504879     -1.025513
PE08 -21263.286721  16138.009974 -12783.841722   3058.116330
PE09   1428.799068 -17823.246796  23593.993299   3116.139980
PE11  -7574.072233 -22869.428644 -17207.462810   1540.715720
PE12   9912.295036 -13506.608043 -24399.592917    228.634139
PE14 -10508.250075  12626.039583  18281.090144   3209.965150
PE18   2319.847106 -20529.608618 -24250.167113   3654.774660
PE19  28495.459395  -3581.934220  -7152.703896      3.768001
PE22 -22755.029908  -3693.902055  18548.156862   1866.876250
PE24   2152.551477 -28772.922907  -6574.953964  -1070.047190
PE26  22212.513974  19547.422988  -1100.956134   4118.465710
PE30 -13421.369486  23342.951751 -12298.284365   3373.323260
PC06 -23805.028107  26072.584321 -23082.097613   -410.089503
PC07 -13592.170107  38307.867502 -10337.099889    -34.047943
PC08  -8777.958808  21745.787984  35113.571246   -697.082429
PC09  -8823.400636  26358.005847 -31683.643190    -24.752106
PC10  -3867.722197  41742.947040   2771.670260   -243.065363
PC11 -25896.564462  -7119.385008   7429.243834    316.946625
PC12 -18555.635660 -17345.098936 -11381.132051    853.162477
PC13   5364.535817  30382.052586  28827.365572    656.133662
PC14 -22801.601612   2049.292932  16039.759598    270.808838
PJ01 -33030.416123  25944.806256   9062.331127   -228.406948
*  2016 11 21 22 30  0.00000000
PG01 -16025.476552  -1514.311150  21065.850791     41.240819
PG02  14106.195711  21627.685883  -6527.015550    522.001803
PG03 -20490.916431   8571.564493  14543.880891    -99.396468
PG04  16841.741499  15017.825984 -13975.474329     18.132484
PG05  11610.227798  10390.124546 -21590.193522    -76.656529
PG06   6666.190723  25445.710760   3675.296359    276.112495
PG07  -9527.289483  14565.917699 -19773.211767    408.848222
PG08 -26209.156540  -4482.768750   -179.912860    -39.769333
PG09 -17885.405426   9420.845009 -17255.678019    249.100164
PG10   7725.254583 -22387.135351  11944.835619   -114.892827
PG11 -20795.710947  -5054.486061  15149.331522   -672.061991
PG12  20126.104093  -6214.414165  15911.828482    389.505494
PG13  21770.560315  12574.440499  -8592.441280    -56.107353
PG14 -10027.169786 -16116.199280  18901.253900    -46.091267
PG15  26553.799497   3306.364896   -588.046860   -335.081755
PG16 -10167.695211 -10497.569118 -22274.403847     16.476932
PG17    564.072758  15328.453191  22050.278191   -198.706530
PG18  15012.475316 -21716.639629   1869.417551    577.944256
PG19   7471.145596  15827.264884  19622.155993   -519.596059
PG20  19859.478798  -7124.738465 -16301.140930    447.122318
PG21   6328.146137 -18307.470120 -17331.947089   -530.921233
PG22 -19366.513927   2405.749750  18290.965785    183.614982
PG23 -25644.597863   1098.479582  -7438.954424   -197.448369
PG24  17092.293835   4355.788010  19857.097361    -26.422031
PG25  19228.246219 -17350.690792   5263.233265   -286.219823
PG26  -1930.446912 -18522.083480 -18906.037334   -503.463716
PG27 -19940.633084 -12226.318446 -12792.498340    168.743652
PG28 -11188.473264  21727.910807  10998.790367    568.739913
PG29  20396.444628  -6155.953356 -15843.727043    642.424216
PG30  -2488.556341  23231.791505 -12523.622934    157.629228
PG31  -6485.246944 -25415.860926   2601.568408    235.384010
PG32    522.905345 -15339.217179  21688.386521   -208.540059
PR01  16984.912698 -15294.134802  11338.081878   -137.987396
PR02   -266.974575 -11924.840903  22572.146467    221.714348
PR03 -16612.042148  -1737.161372  19323.329383     85.636927
PR04 -23163.904434   9736.555319   4439.486799    193.286970
PR05 -16148.359341  15426.369160 -12332.409797    -50.934808
PR06   1281.855929  11746.363887 -22626.192428    100.234618
PR07  16781.633094   1542.166269 -19110.833213     20.232935
PR08  23178.784799  -9438.533389  -4907.599892    -26.984606
PR09    717.415877  24977.260086   4986.247972     32.039081
PR10   8764.845596  11976.781966  20709.851127     16.505460
PR11  10850.324519  -7054.249928  22011.209470     11.405091
PR12   5290.063955 -23304.115968   9140.576375 999999.999999
PR13  -2669.025225 -24126.123550  -7864.501191      4.498703
PR14  -9178.444521 -10489.755241 -21395.086971    406.448041
PR15 -10577.215466   5220.891448 -22614.696485      7.603435
PR16  -6027.300098  22376.863612 -10791.599530     50.555621
PR17 -21482.438879 -13703.215521    535.008254     10.205155
PR18 -19437.419699  -3685.328201  16148.096723    128.072792
PR19  -5639.177137   8989.427553  23194.015855   -169.030758
PR20  11505.865137  16409.093595  15756.200513   -263.538692
PR21  21506.233656  13745.247339   -303.186686     91.196035
PR22  18800.716095   2933.216936 -16917.712679    218.489900
PR23   4075.331181 -10015.107791 -23111.252965     21.225973
PR24 -11416.048169 -16203.216532 -16084.196714   -143.522816
PR26  13160.924036  16413.670754  14452.876138     64.368033
PE01  16290.636784  -1690.654197  24666.002950     78.310396
PE02 -16282.269789   1701.680251 -24651.195208     -1.025384
PE08 -22238.833662  16522.381819 -10412.639809   3058.475070
PE09   3401.269663 -18532.650157  22833.894489   3116.505310
PE11  -6366.491303 -21763.163688 -19034.100601   1540.728870
PE12  11586.592625 -12070.013362 -24414.483192    228.710091
PE14 -13141.463173  11893.284916  17646.592543   3210.275170
PE18   3837.679048 -19882.600597 -24250.650211   3655.123320
PE19  27763.952386  -3370.755684  -9685.546928      3.768389
PE22 -23989.027359  -4702.336370  16669.815153   1867.087200
PE24   2099.124241 -29264.507504  -3863.282944  -1070.107460
PE26  22240.934419  19478.879010   1617.622335   4118.839520
PE30 -13068.296119  22169.759990 -14627.813734   3373.682160
PC06 -24187.792978  27166.165495 -21385.183620   -410.120639
PC07 -12525.623213  38044.294042 -12436.907179    -34.054925
PC08  -9658.926109  20818.519607  35435.375661   -697.102863
PC09  -9668.245718  27163.397674 -30758.041669    -24.793979
PC10  -2778.585879  41911.761937    543.072075   -243.082631
PC11 -26434.206717  -7437.777980   4700.439916    316.939935
PC12 -17336.630235 -16883.876798 -13751.831779    853.187578
PC13   4957.277280  29260.492611  30025.050677    656.160273
PC14 -21454.383395    946.359643  17892.877547    270.818696
PJ01 -32469.802870  26323.715462  10755.700623   -228.380427
*  2016 11 21 22 45  0.00000000
PG01 -16836.838178  -3745.843301  20160.679685     41.241944
PG02  14124.023287  22321.870631  -3807.597921    521.996809
PG03 -19536.211866   7057.385094  16534.742908    -99.398107
PG04  15112.897984  14741.429495 -16039.265169     18.136912
PG05  10102.374893  12313.141733 -21316.777817    -76.654723
PG06   6229.976856  24998.340029   6462.015675    276.116940
PG07 -10461.527945  12392.792559 -20786.198183    408.845088
PG08 -25990.084517  -4693.853962  -3033.796028    -39.770293
PG09 -19711.063008   8999.133819 -15389.120192    249.106783
PG10   8660.719059 -23212.939607   9458.655253   -114.893874
PG11 -21758.974859  -6523.923605  13177.716522   -672.062826
PG12  18932.627726  -4661.719191  17798.546759    389.505342
PG13  20640.304546  12490.797735 -11162.297356    -56.108798
PG14  -7875.282557 -15744.528456  20193.506307    -46.092888
PG15  26323.106506   3600.980991  -3348.596472   -335.082911
PG16  -8459.101272 -12331.511467 -22012.502425     16.478474
PG17  -1849.183232  14879.811141  22273.722804   -198.706014
PG18  15314.590554 -21494.350727   -925.898325    577.946933
PG19   5149.222512  15371.999289  20714.523147   -519.595644
PG20  18976.734182  -5382.400339 -17951.819118    447.124466
PG21   7398.603037 -16353.933236 -18759.563080   -530.920348
PG22 -18244.464199    586.460375  19556.987267    183.605056
PG23 -26318.557949    746.994379  -4753.931473   -197.449528
PG24  17863.659239   6430.593179  18598.155121    -26.422356
PG25  18914.791758 -16607.072286   8028.051801   -286.226002
PG26   -550.582951 -20081.922549 -17334.461207   -503.467657
PG27 -18357.320516 -12168.791502 -15013.877606    168.748393
PG28 -11988.499387  22382.797773   8373.757755    568.742348
PG29  22022.314341  -5677.884022 -13699.000678    642.422568
PG30  -3196.909653  21817.223707 -14724.478195    157.629986
PG31  -6088.716575 -25076.765306   5447.184998    235.382256
PG32   2982.740418 -15009.734534  21717.963142   -208.554874
PR01  17986.926922 -16000.607671   8453.143720   -137.986868
PR02   2085.925161 -13299.203503  21687.624576    221.715503
PR03 -14424.633124  -2891.434849  20878.733212     85.637044
PR04 -22454.936228   9491.858166   7536.451792    193.288361
PR05 -17259.966516  16192.889563  -9519.865830    -50.937843
PR06  -1073.211577  13144.981702 -21856.471084    100.234574
PR07  14602.232356   2692.325548 -20706.428260     20.231200
PR08  22414.709720  -9161.870527  -7986.576647    -26.985209
PR09    837.965122  25399.102686   1808.891737     32.041016
PR10   8809.286638  14439.705106  19048.308329     16.505742
PR11  10733.795296  -4299.676113  22763.239477     11.404526
PR12   5130.616510 -22004.337269  11988.446620 999999.999999
PR13  -2834.725357 -24905.457978  -4761.651763      4.498534
PR14  -9219.136760 -13038.703891 -19931.300724    406.452729
PR15 -10484.396909   2394.484981 -23119.745470      7.603807
PR16  -5875.151659  20883.574069 -13517.730344     50.556722
PR17 -21452.227927 -13495.073377  -2684.767279     10.206809
PR18 -21085.355867  -4511.453491  13685.797187    128.073438
PR19  -8066.372898   7488.121776  23008.865498   -169.031627
PR20   9807.869635  15193.736992  17972.043374   -263.540136
PR21  21459.906750  13509.285120   2915.257083     91.197638
PR22  20536.397482   3827.165054 -14545.570868    218.491421
PR23   6519.855464  -8542.003108 -23142.726566     21.225884
PR24  -9669.347441 -15003.640192 -18249.853123   -143.523993
PR26  11578.497210  15301.473011  16830.953902     64.366330
PE01  16010.921739    533.560460  24899.877842     78.301735
PE02 -16002.465311   -524.884181 -24886.073648     -1.025242
PE08 -22983.972543  16885.144470  -7911.876340   3058.833800
PE09   5246.229371 -19342.071993  21789.942859   3116.870650
PE11  -4961.307639 -20651.448589 -20624.127852   1540.742100
PE12  13346.930169 -10760.792220 -24125.669136    228.786002
PE14 -15647.681913  11303.875365  16648.433525   3210.585250
PE18   5412.032702 -19320.760336 -24002.951645   3655.472000
PE19  26842.816305  -3023.483195 -12097.881682      3.768746
PE22 -25146.913493  -5515.182882  14583.890776   1867.297900
PE24   1980.391407 -29506.035082  -1103.522379  -1070.167710
PE26  22069.553397  19261.216362   4316.098322   4119.213330
PE30 -12777.630310  20773.660879 -16775.426446   3374.041110
PC06 -24424.347353  28300.706162 -19596.381122   -410.151445
PC07 -11502.054906  37640.701811 -14482.293672    -34.061429
PC08 -10653.817254  20014.895121  35605.193084   -697.123101
PC09 -10400.405523  28072.400706 -29699.952656    -24.835915
PC10  -1676.725136  41934.540535  -1687.888519   -243.099853
PC11 -26723.927357  -7622.723876   1901.529509    316.933694
PC12 -15871.757036 -16418.887590 -15916.862343    853.212634
PC13   4406.842355  28202.356565  31093.937346    656.186943
PC14 -20039.871124   -347.999409  19481.785960    270.828451
PJ01 -31873.365426  26634.250920  12405.903931   -228.353978
*  2016 11 21 23  0  0.00000000
PG01 -17712.500346  -5817.896014  18907.498728     41.242984
PG02  14035.611064  22737.572947  -1023.531671    521.991696
PG03 -18541.995642   5323.733561  18240.713803    -99.399973
PG04  13154.309961  14515.459655 -17825.561868     18.139156
PG05   8719.796758  14268.137320 -20678.608494    -76.652585
PG06   5637.611584  24295.375821   9137.527249    276.121413
PG07 -11544.307526  10187.245833 -21433.526535    408.842048
PG08 -25463.148557  -4893.488384  -5835.597994    -39.771684
PG09 -21330.711608   8687.812911 -13258.227726    249.113424
PG10   9387.638671 -23846.050439   6808.948252   -114.894957
PG11 -22607.549013  -7786.103347  10971.478486   -672.063635
PG12  17707.052035  -2888.302950  19373.394613    389.505610
PG13  19233.458294  12412.952394 -13540.540783    -56.108500
PG14  -5582.466369 -15468.357698  21147.110991    -46.094465
PG15  25802.027787   3899.950440  -6052.914196   -335.084147
PG16  -6886.874509 -14222.893391 -21374.030088     16.479682
PG17  -4289.652306  14566.056491  22126.178822   -198.705155
PG18  15460.048435 -21017.151639  -3704.949687    577.949785
PG19   2705.287906  15023.474359  21439.979898   -519.594943
PG20  18093.879536  -3455.586657 -19297.412540    447.125834
PG21   8626.489702 -14320.251094 -19841.664864   -530.919430
PG22 -17142.511108  -1386.365016  20493.654301    183.595379
PG23 -26704.260234    455.756305  -1988.829377   -197.450614
PG24  18665.182800   8319.125872  17019.784939    -26.423034
PG25  18467.008411 -15594.126369  10652.485531   -286.232187
PG26    637.425412 -21549.913374 -15463.717204   -503.471522
PG27 -16536.985995 -12179.864783 -16979.613615    168.753106
PG28 -12564.017771  22846.243302   5607.482114    568.745224
PG29  23417.635559  -5324.856098 -11318.238098    642.420819
PG30  -4061.466024  20222.029769 -16670.629337    157.630747
PG31  -5548.766233 -24465.767564   8197.067666    235.380017
PG32   5438.877233 -14809.566663  21374.176325   -208.569749
PR01  18632.659558 -16573.221522   5404.118585   -137.986285
PR02   4220.479042 -14767.639309  20382.799185    221.716965
PR03 -12187.835969  -4292.910234  22030.218894     85.638657
PR04 -21455.222834   8991.256747  10487.162157    193.289697
PR05 -18017.449717  16837.005134  -6522.422983    -50.940707
PR06  -3221.823345  14641.116145 -20663.246395    100.235299
PR07  12368.313169   4091.596592 -21898.553941     20.229562
PR08  21363.884309  -8626.920913 -10910.210319    -26.985182
PR09    974.688891  25417.435949  -1403.729764     32.042794
PR10   9027.794760  16665.540713  17015.347867     16.505392
PR11  10821.771500  -1478.350774  23074.431584     11.403612
PR12   5087.665135 -20361.426092  14605.327830 999999.999999
PR13  -3033.610839 -25283.874678  -1566.369051      4.498754
PR14  -9441.859539 -15373.806688 -18081.828991    406.457557
PR15 -10606.373988   -466.305771 -23175.319617      7.603490
PR16  -5852.385302  19064.967343 -15982.903262     50.557815
PR17 -21056.906844 -13109.753002  -5852.248180     10.208336
PR18 -22506.251804  -5067.864418  10958.617844    128.074462
PR19 -10554.943445   6196.471006  22376.773465   -169.032551
PR20   7802.141612  13991.258440  19838.323325   -263.541839
PR21  21046.833375  13099.366238   6077.177777     91.199291
PR22  22058.108754   4448.584238 -11889.135269    218.492575
PR23   9046.422755  -7266.421825 -22725.190828     21.225848
PR24  -7620.452779 -13826.956094 -20061.866720   -143.524064
PR26   9674.789520  14187.193650  18882.731583     64.366158
PE01  15894.736103   2779.453877  24824.349276     78.293091
PE02 -15886.242675  -2773.195848 -24811.208860     -1.025121
PE08 -23497.648672  17192.977587  -5312.664107   3059.192520
PE09   6937.161378 -20226.425146  20475.122552   3117.235960
PE11  -3371.490692 -19568.456985 -21957.780196   1540.755290
PE12  15160.908346  -9598.789446 -23536.732186    228.861933
PE14 -17984.735768  10860.830148  15326.025222   3210.895270
PE18   7020.453467 -18847.465003 -23502.277468   3655.820610
PE19  25758.809147  -2519.782858 -14359.704278      3.769104
PE22 -26193.893721  -6138.097207  12316.355572   1867.508530
PE24   1830.736032 -29489.210678   1669.973982  -1070.227990
PE26  21682.072169  18923.536889   6960.934778   4119.587110
PE30 -12579.621151  19176.215597 -18714.411841   3374.399980
PC06 -24510.679797  29456.848730 -17723.454886   -410.182135
PC07 -10539.487925  37103.942649 -16464.305804    -34.068261
PC08 -11745.468760  19348.708795  35622.225682   -697.143688
PC09 -11007.316283  29069.470784 -28514.033390    -24.878036
PC10   -581.417999  41810.807198  -3911.493899   -243.117210
PC11 -26746.966095  -7706.013698   -925.756683    316.927765
PC12 -14178.584483 -15986.314486 -17843.899546    853.237784
PC13   3722.739808  27225.759224  32029.370668    656.213620
PC14 -18597.533155  -1826.469365  20782.985651    270.838118
PJ01 -31251.745753  26873.884166  14006.960760   -228.327711
*  2016 11 21 23 15  0.00000000
PG01 -18618.682233  -7697.574553  17328.695186     41.244095
PG02  13807.726444  22887.915261   1777.844837    521.986461
PG03 -17548.696189   3390.525887  19632.414544    -99.401651
PG04  10999.375867  14370.078139 -19302.502459     18.142516
PG05   7481.320514  16211.876995 -19685.959792    -76.650461
PG06   4865.223967  23368.061667  11655.808636    276.125845
PG07 -12762.882063   7997.845871 -21704.910984    408.838909
PG08 -24635.771969  -5119.019245  -8537.152673    -39.773314
PG09 -22710.543029   8461.565492 -10899.556340    249.120082
PG10   9924.093116 -24251.828933   4041.473356   -114.896024
PG11 -23304.888740  -8842.161164   8570.904424   -672.064208
PG12  16493.336389   -916.344323  20608.970472    389.505410
PG13  17571.806408  12377.163074 -15686.702986    -56.113255
PG14  -3191.162871 -15306.848650  21746.044135    -46.096127
PG15  25000.345833   4237.127320  -8655.685247   -335.085115
PG16  -5475.395442 -16127.096205 -20368.664651     16.481220
PG17  -6709.025711  14391.065603  21609.485293   -198.704911
PG18  15479.677554 -20270.459012  -6418.668375    577.952691
PG19    187.463256  14799.707982  21786.331994   -519.594377
PG20  17244.875031  -1371.059947 -20315.313668    447.127346
PG21  10001.494036 -12254.644008 -20557.582005   -530.919217
PG22 -16092.801937  -3483.197582  21085.270005    183.585603
PG23 -26792.588620    189.958714    809.684385   -197.451566
PG24  19460.965948   9995.701675  15149.648927    -26.424056
PG25  17926.108825 -14310.094464  13090.520252   -286.238302
PG26   1633.150147 -22881.633409 -13326.002478   -503.475377
PG27 -14513.530081 -12288.176063 -18656.028740    168.757831
PG28 -12933.772619  23081.212899   2745.930617    568.748025
PG29  24549.686083  -5068.973684  -8742.435534    642.419223
PG30  -5091.991702  18488.396398 -18328.615690    157.631489
PG31  -4838.983616 -23612.482626  10803.184559    235.378129
PG32   7842.663464 -14737.558503  20662.856104   -208.584604
PR01  18933.557221 -16957.255421   2250.199923   -137.985757
PR02   6095.570594 -16276.411753  18682.743552    221.718596
PR03  -9966.590986  -5922.686477  22755.478194     85.639678
PR04 -20215.368932   8207.453326  13234.378274    193.290798
PR05 -18429.011894  17302.872406  -3398.268947    -50.943450
PR06  -5122.171595  16182.321912 -19069.682544    100.236263
PR07  10145.411770   5721.567799 -22664.030778     20.227655
PR08  20077.688941  -7807.387695 -13621.513606    -26.984785
PR09   1072.530876  25033.333360  -4588.970087     32.044416
PR10   9382.218484  18599.879229  14650.451415     16.505475
PR11  11117.057755   1340.097277  22938.620045     11.402763
PR12   5204.075714 -18417.758253  16940.526204 999999.999999
PR13  -3209.537412 -25254.898569   1659.322986      4.498131
PR14  -9811.493073 -17438.364556 -15882.600263    406.462965
PR15 -10940.942903  -3290.002642 -22779.956598      7.603327
PR16  -5998.983183  16967.865202 -18139.409217     50.559003
PR17 -20282.787610 -12602.000899  -8905.735955     10.209854
PR18 -23644.916834  -5379.651002   8019.359508    128.075778
PR19 -13038.091357   5137.709139  21309.985156   -169.033115
PR20   5524.577863  12858.103714  21318.893411   -263.543258
PR21  20253.999246  12570.735147   9121.262922     91.200827
PR22  23307.978862   4819.859171  -9000.172604    218.493309
PR23  11589.165427  -6214.114207 -21866.752945     21.226383
PR24  -5306.966041 -12728.243152 -21485.208640   -143.524618
PR26   7482.027181  13127.771843  20568.416484     64.369893
PE01  15943.248001   5007.180255  24440.343839     78.284408
PE02 -15934.780423  -5003.336232 -24427.526163     -1.024957
PE08 -23785.029133  17413.280573  -2647.343754   3059.551190
PE09   8452.349216 -21156.840668  18905.781900   3117.601330
PE11  -1615.851733 -18546.037864 -23018.478243   1540.768570
PE12  16993.450479  -8598.216254 -22654.987342    228.937892
PE14 -20118.516021  10558.673022  13722.335020   3211.205310
PE18   8638.739761 -18461.712849 -22745.393154   3656.169230
PE19  24542.358643  -1844.353676 -16442.888509      3.769462
PE22 -27097.220659  -6582.725362   9895.446338   1867.719260
PE24   1685.444283 -29212.431422   4422.681686  -1070.288260
PE26  21067.954515  18497.681525   9519.259582   4119.960910
PE30 -12500.576635  17404.342987 -20420.653132   3374.758890
PC06 -24445.344022  30614.884378 -15774.514901   -410.213335
PC07  -9654.891278  36443.188891 -18374.271185    -34.075175
PC08 -12915.055743  18831.393248  35486.328556   -697.164470
PC09 -11478.560320  30137.559404 -27205.483266    -24.920206
PC10    488.158817  41542.630721  -6118.052049   -243.134247
PC11 -26491.813720  -7722.517278  -3739.217702    316.921409
PC12 -12281.682138 -15619.249169 -19504.221801    853.262929
PC13   2916.768442  26347.418920  32827.261993    656.240252
PC14 -17165.689572  -3474.685666  21777.198023    270.847823
PJ01 -30615.682106  27041.431307  15553.221089   -228.301254
*  2016 11 21 23 30  0.00000000
PG01 -19517.439536  -9359.345847  15452.150891     41.245163
PG02  13410.980025  22793.382465   4549.440369    521.981276
PG03 -16593.609850   1285.368149  20685.888346    -99.403257
PG04   8687.889953  14329.634831 -20443.460654     18.144403
PG05   6398.179033  18099.151869 -18355.207168    -76.648389
PG06   3895.740898  22253.228324  13973.555909    276.130312
PG07 -14096.678406   5870.574492 -21596.824231    408.835882
PG08 -23524.044361  -5405.907065 -11091.944491    -39.774389
PG09 -23823.485070   8289.974229  -8353.586020    249.126744
PG10  10294.819209 -24401.440180   1204.073349   -114.897105
PG11 -23817.465058  -9700.892468   6019.365863   -672.064827
PG12  15331.895203   1223.837925  21483.949587    389.505313
PG13  15684.815633  12415.761146 -17564.394429    -56.115319
PG14   -747.063657 -15271.825848  21980.068236    -46.097608
PG15  23935.448357   4644.083884 -11113.332504   -335.086296
PG16  -4241.073007 -17996.414452 -19012.453380     16.482459
PG17  -9059.088944  14350.536272  20731.468704   -198.703475
PG18  15407.448535 -19247.807169  -9018.570965    577.955749
PG19  -2353.451830  14710.648548  21748.298976   -519.593582
PG20  16459.239491    838.302133 -20988.431753    447.128842
PG21  11505.082441 -10204.329422 -20893.812542   -530.917823
PG22 -15122.477906  -5669.048438  21321.820625    183.576002
PG23 -26582.620669    -86.212748   3594.658212   -197.452644
PG24  20212.343563  11442.366434  13020.279685    -26.424739
PG25  17334.268956 -12762.381996  15299.410488   -286.244462
PG26   2444.339576 -24034.915753 -10958.158823   -503.479247
PG27 -12326.810805 -12516.237428 -20014.276560    168.762510
PG28 -13123.438316  23056.291706   -162.606170    568.750593
PG29  25393.159521  -4877.272572  -6015.965117    642.417448
PG30  -6290.411354  16661.062696 -19670.025896    157.632271
PG31  -3939.499461 -22552.861879  13220.284555    235.376269
PG32  10146.777292 -14784.588116  19596.149225   -208.599416
PR01  18913.138722 -17103.139974   -947.392287   -137.984790
PR02   7681.370767 -17766.468237  16620.212268    221.721072
PR03  -7822.336850  -7750.101932  23040.409684     85.640736
PR04 -18792.443473   7124.505815  15724.818482    193.293127
PR05 -18515.134790  17539.232519   -208.082462    -50.946182
PR06  -6743.452585  17710.690144 -17106.673999    100.238421
PR07   7995.695533   7551.939047 -22988.018654     20.225212
PR08  18613.821111  -6688.485903 -16067.578858    -26.984487
PR09   1078.042989  24261.173345  -7684.689749     32.046183
PR10   9825.852071  20198.319738  11999.640903     16.505792
PR11  11610.190674   4086.484700  22358.270698     11.401901
PR12   5514.105926 -16225.310873  18948.643096 999999.999999
PR13  -3306.744983 -24825.576542   4852.790949      4.498715
PR14 -10283.851154 -19184.972954 -13376.251959    406.467886
PR15 -11473.378414  -6006.710841 -21940.983908      7.603229
PR16  -6345.632696  14647.914132 -19945.427058     50.559539
PR17 -19129.347050 -12029.374606 -11785.761807     10.211220
PR18 -24454.370630  -5482.300788   4924.907927    128.077099
PR19 -15446.856672   4322.622310  19829.190484   -169.034415
PR20   3022.157853  11844.205873  22385.137783   -263.544876
PR21  19081.555590  11981.270627  11988.474110     91.202370
PR22  24235.978226   4974.288996  -5935.093230    218.494825
PR23  14079.384449  -5398.605040 -20584.060972     21.226143
PR24  -2777.249343 -11755.730310 -22492.371247   -143.525155
PR26   5043.903385  12174.319974  21855.295373     64.367598
PE01  16151.072710   7177.315685  23752.617056     78.275716
PE02 -16142.694973  -7175.810548 -23739.796349     -1.024836
PE08 -23857.296353  17515.242960     50.919451   3059.909870
PE09   9775.490519 -22101.574075  17101.430614   3117.966620
PE11    281.479641 -17612.722945 -23793.033129   1540.781700
PE12  18807.855193  -7767.251581 -21491.392850    229.013836
PE14 -22023.191522  10384.749712  11881.656460   3211.515390
PE18  10241.358445 -18157.834374 -21730.925530   3656.517820
PE19  23226.615715   -987.471798 -18321.535410      3.769821
PE22 -27827.221414  -6866.272542   7351.311945   1867.930010
PE24   1579.534253 -28680.841123   7120.336894  -1070.348520
PE26  20222.804354  18017.189037  11959.273561   4120.334710
PE30 -12561.997147  15489.525200 -21872.927203   3375.117790
PC06 -24229.480647  31755.090769 -13757.980745   -410.244408
PC07  -8863.883651  35669.774203 -20203.838330    -34.081681
PC08 -14142.414459  18471.821827  35198.011583   -697.184783
PC09 -11806.042941  31258.407698 -25780.019893    -24.962241
PC10   1513.263884  41134.589752  -8297.940404   -243.151121
PC11 -25954.659478  -7708.832717  -6496.823712    316.914842
PC12 -10211.858680 -15346.465821 -20873.143337    853.288020
PC13   2002.815796  25582.369765  33484.107559    656.266947
PC14 -15780.214061  -5271.614530  22449.648778    270.857594
PJ01 -29975.836329  27137.039384  17039.366941   -228.274792
*  2016 11 21 23 45  0.00000000
PG01 -20368.160087 -10785.786568  13310.715060     41.246248
PG02  12821.043289  22480.874901   7245.140744    521.976159
PG03 -15709.462601   -957.309309  21383.012530    -99.404907
PG04   6264.707477  14411.593666 -21227.586984     18.147127
PG05   5473.706291  19884.384741 -16708.594562    -76.646180
PG06   2719.746561  20991.864632  16050.926576    276.134773
PG07 -15518.041172   3847.203681 -21112.476012    408.833145
PG08 -22152.180346  -5786.163628 -13455.911279    -39.775943
PG09 -24650.136640   8138.860824  -5664.031805    249.133387
PG10  10530.055171 -24273.036890  -1654.164004   -114.898227
PG11 -24116.095873 -10378.096281   3362.431191   -672.065693
PG12  14258.037631   3494.793371  21983.453969    389.505394
PG13  13608.631077  12555.790470 -19141.893206    -56.116915
PG14   1702.401469 -15367.303228  21844.902819    -46.099033
PG15  22631.725590   5148.749633 -13384.686402   -335.087553
PG16  -3191.818693 -19781.768219 -17327.624285     16.483902
PG17 -11293.330732  14432.156503  19505.877144   -198.702935
PG18  15278.984842 -17951.360669 -11457.713358    577.958467
PG19  -4865.809443  14757.808286  21327.554692   -519.592760
PG20  15760.949554   3134.559694 -21305.457711    447.130821
PG21  13111.109820  -8213.671955 -20844.344799   -530.917291
PG22 -14252.708893  -7904.589384  21199.136181    183.566172
PG23 -26081.613048   -408.049880   6319.583155   -197.453887
PG24  20879.411768  12649.357399  10668.497796    -26.425121
PG25  16732.867513 -10967.458298  17240.470425   -286.250547
PG26   3086.422017 -24971.447618  -8401.035449   -503.483096
PG27 -10021.293542 -12879.450329 -21030.837073    168.767145
PG28 -13164.560761  22747.071238  -3068.267514    568.753388
PG29  25931.067654  -4713.180768  -3185.807785    642.415810
PG30  -7650.564794  14785.675941 -20671.977810    157.632979
PG31  -2837.948807 -21327.731907  15406.702374    235.374284
PG32  12306.858898 -14933.966445  18192.317096   -208.614214
PR01  18605.811953 -16968.715337  -4126.599150   -137.985025
PR02   8960.334260 -19175.883124  14235.026965    221.722903
PR03  -5810.619651  -9733.804304  22879.392857     85.641193
PR04 -17247.560734   5738.757940  17910.188059    193.294871
PR05 -18307.519887  17501.737263   2986.146534    -50.949293
PR06  -8066.886484  19165.231786 -14812.251257    100.238845
PR07   5975.518508   9541.592153 -22864.301917     20.223753
PR08  17033.852831  -5267.845078 -18200.624735    -26.984797
PR09    941.910463  23128.046868 -10630.486038     32.048071
PR10  10305.574304  21428.151098   9114.578637     16.505519
PR11  12279.809034   6694.698020  21344.446469     11.401197
PR12   6041.748527 -13843.679883  20590.458756 999999.999999
PR13  -3272.458673 -24016.154285   7952.008784      4.498331
PR14 -10807.683942 -20577.279622 -10611.309345    406.473592
PR15 -12177.035888  -8550.796057 -20674.404427      7.603029
PR16  -6912.239699  12167.451406 -21365.829713     50.560618
PR17 -17609.427085 -11449.621413 -14436.255212     10.212906
PR18 -24897.799735  -5419.954725   1735.143974    128.078636
PR19 -17712.815932   3749.278135  17963.125552   -169.035155
PR20    351.228694  10990.883067  23016.515142   -263.546252
PR21  17542.994056  11388.870067  14623.188001     91.203864
PR22  24802.033797   4954.420037  -2753.831941    218.496098
PR23  16448.217680  -4820.794090 -18901.983414     21.226632
PR24    -88.666282 -10948.772873 -23063.890450   -143.525465
PR26   2414.015186  11369.948433  22718.366358     64.370607
PE01  16506.448628   9252.027615  22769.695392     78.267035
PE02 -16498.217365  -9252.721327 -22756.576547     -1.024734
PE08 -23731.255202  17470.860747   2748.549250   3060.268580
PE09  10896.141623 -23027.004586  15084.497861   3118.331960
PE11   2291.745569 -16792.840866 -24271.810099   1540.794960
PE12  20566.902323  -7107.834424 -20060.414560    229.089781
PE14 -23680.974514  10320.721228   9847.910666   3211.825440
PE18  11801.907601 -17925.265977 -20459.744180   3656.866390
PE19  21846.425893     54.640525 -19972.294724      3.770165
PE22 -28358.231373  -7010.897381   4715.636375   1868.140800
PE24   1546.593527 -27906.176014   9729.364294  -1070.408810
PE26  19148.553272  17516.203769  14250.645204   4120.708470
PE30 -12779.861763  13466.872404 -23053.168377   3375.476730
PC06 -23866.794708  32858.069346 -11682.544948   -410.275232
PC07  -8180.460432  34796.996575 -21945.014790    -34.088374
PC08 -15406.388086  18276.154753  34758.438504   -697.205271
PC09 -11984.129219  32412.860732 -24243.853114    -25.004294
PC10   2475.917677  40593.694407 -10441.649453   -243.168276
PC11 -25139.572012  -7701.874438  -9157.356848    316.908105
PC12  -8005.182064 -15191.356755 -21930.382743    853.312858
PC13    996.620845  24943.702492  33997.004719    656.293646
PC14 -14473.326391  -7190.167448  22790.287853    270.867391
PJ01 -29342.627167  27162.152295  18460.412354   -228.248426
*  2016 11 22  0  0  0.00000000
PG01 -21129.163435 -11968.016193  10941.602526 999999.999999
PG02  12019.667326  21982.557283   9820.493331 999999.999999
PG03 -14923.162552  -3297.382287  21711.809139 999999.999999
PG04   3778.200720  14625.734927 -21640.251767 999999.999999
PG05   4703.343863  21523.271806 -14773.897697 999999.999999
PG06   1336.045589  19627.541771  17852.221941 999999.999999
PG07 -16993.262670   1963.865487 -20261.662538 999999.999999
PG08 -20551.675374  -6286.923929 -15588.209616 999999.999999
PG09 -25179.419195   7971.778737  -2877.097755 999999.999999
PG10  10664.172344 -23852.683216  -4483.769543 999999.999999
PG11 -24177.089703 -10895.653054    646.971325 999999.999999
PG12  13300.630358   5853.232526  22099.294542 999999.999999
PG13  11384.831551  12817.865301 -20392.650076 999999.999999
PG14   4109.642106 -15589.307235  21342.314025 999999.999999
PG15  21119.725341   5774.189143 -15431.619124 999999.999999
PG16  -2326.852909 -21434.500433 -15342.282399 999999.999999
PG17 -13368.506354  14616.077917  17952.232706 999999.999999
PG18  15129.985941 -16392.087045 -13691.651837 999999.999999
PG19  -7298.963010  14934.256596  20532.624687 999999.999999
PG20  15167.560951   5475.952524 -21261.039848 999999.999999
PG21  14786.784144  -6322.471561 -20410.776172 999999.999999
PG22 -13497.959165 -10147.438391  20718.968329 999999.999999
PG23 -25304.703431   -808.823239   8939.099132 999999.999999
PG24  21422.606670  13615.253166   8134.767139 999999.999999
PG25  16160.768483  -8950.398023  18879.786484 999999.999999
PG26   3581.707489 -25658.233279  -5698.779223 999999.999999
PG27  -7644.529302 -13385.397841 -21687.930263 999999.999999
PG28 -13093.247764  22137.314008  -5920.453269 999999.999999
PG29  26155.332585  -4538.124258   -300.739868 999999.999999
PG30  -9158.285759  12907.128376 -21317.497629 999999.999999
PG31  -1530.123978 -19981.164927  17325.077997 999999.999999
PG32  14283.032967 -15162.142307  16475.428754 999999.999999
PR01  18055.248851 -16521.192236  -7225.726231 999999.999999
PR02   9927.683269 -20442.446151  11573.322509 999999.999999
PR03  -3978.959808 -11823.278449  22275.403538 999999.999999
PR04 -15643.312901   4059.256731  19748.110775 999999.999999
PR05 -17847.570199  17155.001134   6122.324730 999999.999999
PR06  -9086.234764  20484.409090 -12230.850884 999999.999999
PR07   4133.238842  11640.129798 -22295.403679 999999.999999
PR08  15400.640106  -3555.890310 -19978.944696 999999.999999
PR09    621.301516  21672.645311 -13368.888897 999999.999999
PR10  10764.276648  22269.552788   6051.550470 999999.999999
PR11  13093.540324   9104.193386  19916.609319 999999.999999
PR12   6799.505088 -11337.789688  21833.709034 999999.999999
PR13  -3059.367606 -22859.218576  10896.764069 999999.999999
PR14 -11326.986990 -21591.294883  -7641.255496 999999.999999
PR15 -13014.477905 -10863.390573 -19004.609479 999999.999999
PR16  -7706.898934   9593.104641 -22372.868754 999999.999999
PR17 -15748.884642 -10918.063656 -16805.643650 999999.999999
PR18 -24950.110836  -5243.303504  -1488.203410 999999.999999
PR19 -19770.774040   3403.301649  15748.017856 999999.999999
PR20  -2424.599527  10329.120438  23200.943461 999999.999999
PR21  15664.778024  10848.845982  16974.272001 999999.999999
PR22  24977.741772   4809.980355    481.348476 999999.999999
PR23  18629.328537  -4469.098776 -16853.130972 999999.999999
PR24   2694.550096 -10336.218885 -23188.715089 999999.999999
PR26   -346.111073  10747.943350  23140.823709 999999.999999
PE01  16991.615578  11196.195279  21503.771777 999999.999999
PE02 -16983.573207 -11198.892472 -21490.103856 999999.999999
PE08 -23428.766059  17255.866607   5411.977264 999999.999999
PE09  11809.979244 -23898.696132  12880.054128 999999.999999
PE11   4382.395174 -16105.765832 -24448.848172 999999.999999
PE12  22233.977568  -6615.653595 -18379.846613 999999.999999
PE14 -25081.597831  10344.076661   7663.454572 999999.999999
PE18  13293.631689 -17748.408269 -18935.431570 999999.999999
PE19  20437.250935   1279.632904 -21374.654340 999999.999999
PE22 -28669.405084  -7042.950930   2021.242420 999999.999999
PE24   1617.662209 -26906.406548  12217.296217 999999.999999
PE26  17853.451985  17028.366666  16364.887233 999999.999999
PE30 -13164.089811  11374.075726 -23946.692953 999999.999999
PC06 -23363.489445  33905.076457  -9557.135465 999999.999999
PC07  -7616.749204  33839.886949 -23590.203517 999999.999999
PC08 -16685.189874  18247.731706  34169.423243 999999.999999
PC09 -12009.738454  33581.196679 -22603.657085 999999.999999
PC10   3359.216101  39929.265403 -12539.825883 999999.999999
PC11 -24058.406715  -7737.450855 -11681.040978 999999.999999
PC12  -5701.817144 -15171.067626 -22660.361332 999999.999999
PC13    -84.495331  24442.338383  34363.665691 999999.999999
PC14 -13272.517151  -9198.029220  22793.942340 999999.999999
PJ01 -28726.071748  27119.457456  19811.701913 999999.999999
EOF
