
-----------------
Site : Svalbard
-----------------
Site : Svalbard
Anntenna : 0 nbContacts : 1655
	Sat 	StartTime 	EndTime 
0	37	0	925
1	37	925	1245
2	37	1245	2125
3	37	2125	2245
4	37	2245	3047
5	37	3047	3304
6	37	3304	3325
7	37	3325	3445
8	37	3445	4525
9	33	4545	5625
10	33	5625	5745
11	33	5745	6825
12	33	6825	6945
13	33	6945	8025
14	33	8025	8145
15	33	8145	9225
16	33	9225	9345
17	33	9345	10425
18	33	10425	10545
19	33	10545	11625
20	33	11625	11845
21	33	11845	12825
22	33	12825	12945
23	33	12945	14025
24	33	14025	14145
25	33	14145	15225
26	33	15225	15345
27	33	15345	16425
28	33	16425	16545
29	45	16725	16845
30	45	16845	17925
31	45	17925	18045
32	45	18045	19125
33	45	19125	19245
34	45	19245	19468
35	45	19468	20325
36	45	20325	20445
37	45	20445	21525
38	45	21525	21645
39	45	21645	22725
40	45	22725	22945
41	45	22945	23925
42	45	23925	24045
43	45	24045	25125
44	45	25125	25245
45	45	25245	26325
46	45	26325	26445
47	45	26445	27525
48	45	27525	27645
49	45	27645	28725
50	45	28725	28845
51	45	28845	29156
52	15	29175	29395
53	27	29475	29695
54	27	29695	29832
55	27	29832	30675
56	27	30675	30795
57	27	30795	31875
58	27	31875	31995
59	27	31995	32564
60	27	32564	33075
61	27	33075	33295
62	27	33295	34275
63	27	34275	34395
64	39	34575	34695
65	9	35025	35145
66	9	35145	36225
67	9	36225	36345
68	9	36345	36522
69	9	36522	37425
70	9	37425	37545
71	9	37545	38625
72	9	38625	38745
73	9	38745	39825
74	9	39825	39945
75	9	39945	41025
76	9	41025	41145
77	9	41145	42225
78	9	42225	42345
79	9	42345	43425
80	9	43425	43645
81	9	43645	44625
82	9	44625	44745
83	9	44745	45825
84	9	45825	45945
85	9	45945	47025
86	9	47025	47145
87	9	47145	47532
88	25	47545	47671
89	37	47725	47845
90	37	47845	48925
91	37	48925	49045
92	37	49045	50125
93	37	50125	50245
94	37	50245	51325
95	37	51325	51445
96	37	51445	52525
97	37	52525	52645
98	37	52645	53725
99	37	53725	53845
100	37	53845	54925
101	37	54925	55145
102	37	55145	56125
103	37	56125	56245
104	37	56245	57325
105	37	57325	57445
106	37	57445	58525
107	37	58525	58745
108	37	58745	59725
109	37	59725	59845
110	37	59845	60737
111	31	60775	60895
112	31	60895	61975
113	31	61975	62095
114	31	62095	63175
115	31	63175	63295
116	31	63295	64375
117	31	64375	64495
118	31	64495	65575
119	31	65575	65795
120	31	65795	66175
121	31	66175	66775
122	31	66775	66895
123	31	66895	67975
124	31	67975	68095
125	31	68095	69175
126	31	69175	69295
127	31	69295	70375
128	31	70375	70495
129	31	70495	71575
130	31	71575	71695
131	31	71695	72775
132	31	72775	72895
133	31	72895	73975
134	31	73975	74095
135	31	74095	75175
136	31	75175	75295
137	31	75295	76375
138	31	76375	76595
139	31	76595	77511
140	29	77525	77645
141	29	77645	78725
142	29	78725	78845
143	29	78845	79925
144	29	79925	80045
145	29	80045	81125
146	29	81125	81245
147	11	81507	81875
148	11	81875	81995
149	11	81995	82115
150	29	82325	82445
151	29	82445	83525
152	29	83525	83645
153	29	83645	84388
154	29	84388	84725
155	29	84725	84845
156	9	85047	85425
157	9	85425	85545
158	9	85545	86625
159	13	86725	87045
160	27	87075	87395
161	27	87395	87912
162	13	87925	88045
163	13	88045	89125
164	13	89125	89245
165	25	89329	89425
166	25	89425	89545
167	25	89545	90625
168	25	90625	90745
169	25	90745	91825
170	25	91825	91945
171	25	91945	93025
172	25	93025	93145
173	25	93145	94225
174	25	94225	94345
175	25	94345	94432
176	37	94525	94645
177	37	94645	95725
178	37	95725	95845
179	37	95845	96925
180	37	96925	97045
181	37	97045	98125
182	37	98125	98345
183	37	98345	99325
184	37	99325	99445
185	37	99445	100525
186	37	100525	100645
187	37	100645	101725
188	37	101725	101845
189	37	101845	102925
190	37	102925	103045
191	37	103045	104125
192	37	104125	104245
193	37	104245	105325
194	37	105325	105445
195	37	105445	106525
196	37	106525	106645
197	37	106645	107498
198	37	107725	107845
199	33	109871	110025
200	33	110025	110145
201	33	110145	111225
202	33	111225	111345
203	33	111345	112425
204	33	112425	112545
205	33	112545	113625
206	33	113625	113745
207	33	113745	114825
208	33	114825	114945
209	33	114945	116025
210	33	116025	116245
211	33	116245	117225
212	33	117225	117345
213	33	117345	117393
214	33	117393	118425
215	33	118425	118545
216	47	118775	118895
217	47	118895	119276
218	47	119276	119975
219	47	119975	120195
220	47	120195	121175
221	47	121175	121295
222	47	121295	122375
223	47	122375	122495
224	47	122495	123575
225	47	123575	123695
226	47	123695	124146
227	47	124146	124775
228	47	124775	124895
229	13	125125	125245
230	13	125245	125297
231	13	125297	126325
232	13	126325	126445
233	13	126445	127525
234	13	127525	127645
235	13	127645	128725
236	13	128725	128845
237	13	128845	129925
238	13	129925	130145
239	13	130145	131125
240	13	131125	131245
241	13	131245	132325
242	13	132325	132445
243	13	132445	133525
244	13	133525	133645
245	13	133645	134725
246	13	134725	134845
247	13	134845	135925
248	13	135925	136045
249	13	136045	137125
250	13	137125	137245
251	13	137245	137545
252	13	137545	138325
253	9	138345	139425
254	9	139425	139545
255	9	139545	139872
256	9	139872	140625
257	9	140625	140845
258	39	141088	141375
259	39	141375	141595
260	9	141825	141945
261	9	141945	143025
262	9	143025	143145
263	9	143145	144225
264	9	144225	144445
265	21	144525	144745
266	21	144745	145725
267	21	145725	145845
268	37	146125	146245
269	37	146245	147325
270	37	147325	147445
271	37	147445	148486
272	37	148486	148525
273	37	148525	148645
274	37	148645	149725
275	37	149725	149845
276	37	149845	150925
277	37	150925	151045
278	37	151045	152125
279	37	152125	152345
280	37	152345	152399
281	37	152399	153325
282	37	153325	153445
283	37	153445	154525
284	37	154525	154645
285	37	154645	155725
286	37	155725	155845
287	37	155845	156925
288	37	156925	157045
289	37	157045	158125
290	37	158125	158245
291	3	158475	158595
292	3	158595	159675
293	3	159675	159795
294	3	159795	160875
295	47	160895	161975
296	47	161975	162095
297	3	162295	163275
298	3	163275	163395
299	3	163395	164475
300	3	164475	164595
301	3	164595	165675
302	3	165675	165795
303	3	165795	166875
304	3	166875	166995
305	3	166995	168075
306	3	168075	168195
307	3	168195	169275
308	3	169275	169395
309	15	169575	169695
310	15	169695	170775
311	15	170775	170895
312	15	170895	171975
313	15	171975	172095
314	15	172095	172870
315	15	172870	173175
316	15	173175	173495
317	29	173525	173845
318	29	173845	174725
319	13	176845	177925
320	13	177925	178045
321	13	178045	178114
322	13	178114	179125
323	13	179125	179245
324	13	179245	180325
325	13	180325	180445
326	13	180445	181525
327	13	181525	181645
328	13	181645	182346
329	29	183125	183245
330	29	183245	183652
331	29	183652	184325
332	29	184325	184545
333	39	184575	184795
334	39	184795	185775
335	39	185775	185895
336	39	185895	186975
337	39	186975	187095
338	39	187095	187881
339	39	187881	188175
340	39	188175	188295
341	9	188379	188625
342	9	188625	188745
343	27	189075	189195
344	39	189197	189375
345	39	189375	189495
346	39	189495	190575
347	39	190575	190695
348	39	190695	191775
349	39	191775	191895
350	39	191895	192975
351	39	192975	193095
352	9	193425	193545
353	9	193545	194625
354	9	194625	194845
355	27	195075	195295
356	37	195325	195545
357	37	195545	196525
358	37	196525	196645
359	37	196645	197725
360	37	197725	197845
361	37	197845	198925
362	37	198925	199045
363	37	199045	199850
364	37	199850	200125
365	37	200125	200245
366	21	200630	200925
367	21	200925	201045
368	21	201045	202125
369	21	202125	202345
370	21	202345	202949
371	21	202949	203325
372	21	203325	203445
373	21	203445	204525
374	23	204575	204695
375	35	204875	204995
376	35	204995	206075
377	35	206075	206295
378	35	206295	207275
379	35	207275	207395
380	35	207395	208475
381	35	208475	208595
382	35	208595	209375
383	35	209375	209675
384	35	209675	209795
385	35	209795	210875
386	35	210875	210995
387	35	210995	212075
388	35	212075	212195
389	35	212195	213275
390	35	213275	213395
391	35	213395	213440
392	47	213575	213695
393	47	213695	214775
394	47	214775	214895
395	47	214895	215975
396	47	215975	216095
397	15	216375	216595
398	15	216595	216753
399	15	216753	217575
400	15	217575	217695
401	31	217705	217975
402	31	217975	218095
403	31	218095	219175
404	31	219175	219295
405	31	219295	220375
406	31	220375	220495
407	31	220495	221575
408	31	221575	221695
409	31	221695	222775
410	31	222775	222895
411	31	222895	223975
412	31	223975	224095
413	31	224095	225175
414	31	225175	225295
415	31	225295	225446
416	45	225525	225645
417	45	225645	226725
418	1	226825	227045
419	1	227045	227822
420	1	227822	227941
421	47	227975	228195
422	47	228195	229175
423	47	229175	229295
424	27	229374	229875
425	27	229875	229995
426	43	230275	230395
427	43	230395	231475
428	43	231475	231695
429	43	231695	232675
430	43	232675	232795
431	43	232795	232962
432	43	232962	233875
433	43	233875	233995
434	43	233995	235075
435	9	235425	235545
436	9	235545	236625
437	9	236625	236745
438	9	236745	237825
439	9	237825	238045
440	9	238045	239025
441	11	239075	239195
442	11	239195	239550
443	11	239550	240275
444	11	240275	240395
445	11	240395	241475
446	11	241475	241595
447	39	241651	242175
448	39	242175	242295
449	39	242295	243375
450	39	243375	243495
451	39	243495	244575
452	39	244575	244695
453	39	244695	245775
454	39	245775	245895
455	39	245895	246975
456	39	246975	247095
457	39	247095	248175
458	39	248175	248295
459	39	248295	248303
460	21	248925	249145
461	21	249145	249975
462	21	249975	250125
463	21	250125	250245
464	21	250245	251325
465	21	251325	251445
466	21	251445	252525
467	21	252525	252645
468	21	252645	253725
469	21	253725	253845
470	21	253845	254925
471	21	254925	255045
472	21	255045	256125
473	21	256125	256245
474	21	256245	257325
475	21	257325	257445
476	21	257445	258525
477	21	258525	258645
478	21	258645	259207
479	21	259207	259725
480	21	259725	260045
481	21	260045	260925
482	21	260925	261045
483	21	261045	262125
484	21	262125	262245
485	21	262245	263325
486	21	263325	263445
487	21	263445	264525
488	21	264525	264645
489	31	264775	264895
490	31	264895	265975
491	31	265975	266095
492	31	266095	267175
493	31	267175	267295
494	31	267295	268375
495	31	268375	268495
496	31	268495	269575
497	31	269575	269695
498	31	269695	270775
499	31	270775	270995
500	31	270995	271975
501	31	271975	272095
502	31	272095	273175
503	31	273175	273295
504	31	273295	274375
505	31	274375	274495
506	31	274495	275575
507	31	275575	275695
508	43	275875	275995
509	13	276050	276325
510	13	276325	276445
511	13	276445	277525
512	13	277525	277645
513	13	277645	278725
514	13	278725	278845
515	13	278845	279925
516	13	279925	280045
517	13	280045	281125
518	13	281125	281345
519	31	281575	281795
520	27	282021	282182
521	13	282325	282445
522	31	282775	282895
523	31	282895	283394
524	11	283475	283595
525	11	283595	284675
526	11	284675	284795
527	11	284795	285875
528	11	285875	285995
529	11	285995	287075
530	11	287075	287195
531	11	287195	288275
532	11	288275	288495
533	11	288495	289475
534	11	289475	289595
535	11	289595	290675
536	11	290675	290795
537	11	290795	291875
538	11	291875	292095
539	11	292095	292357
540	11	292357	293067
541	11	293067	293075
542	11	293075	293195
543	11	293195	294275
544	11	294275	294395
545	11	294395	295475
546	11	295475	295595
547	11	295595	295832
548	27	295875	295995
549	27	295995	296430
550	9	296625	296745
551	9	296745	297825
552	9	297825	297945
553	9	297945	299025
554	9	299025	299145
555	9	299145	299340
556	25	299425	299545
557	25	299545	300625
558	25	300625	300745
559	21	300797	301725
560	21	301725	301845
561	21	301845	302925
562	21	302925	303145
563	21	303145	304125
564	21	304125	304245
565	21	304245	305325
566	21	305325	305445
567	21	305445	306525
568	21	306525	306645
569	21	306645	307359
570	21	307359	307725
571	21	307725	307845
572	21	307845	308925
573	21	308925	309045
574	33	309225	309345
575	33	309345	310425
576	33	310425	310545
577	33	310545	311625
578	33	311625	311745
579	33	311745	311805
580	33	311805	312787
581	33	312787	312825
582	33	312825	312945
583	33	312945	314025
584	33	314025	314245
585	33	314245	315225
586	33	315225	315345
587	47	315422	315575
588	1	315625	315745
589	1	315745	316825
590	1	316825	317045
591	1	317045	318025
592	1	318025	318145
593	1	318145	319225
594	1	319225	319345
595	1	319345	319674
596	1	319674	320425
597	1	320425	320545
598	1	320545	321625
599	1	321625	321745
600	1	321745	322825
601	1	322825	322945
602	1	322945	324025
603	1	324025	324245
604	1	324245	324653
605	1	324653	325225
606	1	325225	325345
607	13	325525	325645
608	29	325925	326045
609	29	326045	327125
610	29	327125	327245
611	29	327245	328325
612	29	328325	328445
613	29	328445	329525
614	29	329525	329645
615	29	329645	330725
616	29	330725	330845
617	29	330845	331925
618	29	331925	332045
619	29	332045	333125
620	29	333125	333245
621	29	333245	334325
622	29	334325	334445
623	29	334445	335525
624	29	335525	335745
625	29	335745	336725
626	29	336725	336845
627	41	337025	337145
628	41	337145	338225
629	41	338225	338345
630	41	338345	339425
631	41	339425	339545
632	41	339545	340625
633	41	340625	340745
634	41	340745	341825
635	41	341825	341945
636	41	341945	343025
637	41	343025	343145
638	41	343145	344225
639	41	344225	344345
640	41	344345	344427
641	11	344675	344795
642	23	344975	345095
643	23	345095	346175
644	23	346175	346495
645	23	346495	347375
646	23	347375	347495
647	23	347495	348575
648	23	348575	348695
649	23	348695	349685
650	23	349685	349775
651	23	349775	349895
652	23	349895	350975
653	23	350975	351095
654	23	351095	352175
655	23	352175	352295
656	23	352295	353375
657	23	353375	353495
658	23	353495	354407
659	23	354407	354575
660	23	354575	354695
661	23	354695	355775
662	23	355775	355895
663	23	355895	356975
664	23	356975	357195
665	33	357225	357445
666	33	357445	358425
667	33	358425	358545
668	33	358545	359625
669	33	359625	359745
670	33	359745	359832
671	33	359832	360825
672	33	360825	360945
673	33	360945	362025
674	33	362025	362145
675	33	362145	363225
676	33	363225	363345
677	33	363345	364425
678	33	364425	364545
679	33	364545	365625
680	33	365625	365745
681	33	365745	366825
682	33	366825	366945
683	33	366945	368025
684	33	368025	368245
685	33	368245	369225
686	33	369225	369345
687	33	369345	370425
688	33	370425	370545
689	33	370545	371625
690	33	371625	371745
691	33	371745	372305
692	33	372305	372825
693	33	372825	372945
694	47	373175	373295
695	47	373295	374375
696	47	374375	374495
697	47	374495	375575
698	47	375575	375795
699	47	375795	376775
700	47	376775	376895
701	47	376895	377071
702	47	377071	377975
703	47	377975	378095
704	47	378095	379175
705	47	379175	379395
706	15	379575	379695
707	15	379695	380775
708	15	380775	380895
709	15	380895	381119
710	15	381119	381975
711	15	381975	382095
712	15	382095	382910
713	15	382910	383175
714	15	383175	383295
715	41	383825	383945
716	41	383945	385025
717	41	385025	385145
718	41	385145	386225
719	41	386225	386345
720	41	386345	387425
721	41	387425	387545
722	41	387545	388625
723	41	388625	388745
724	9	388837	389025
725	9	389025	389245
726	9	389245	390225
727	9	390225	390345
728	9	390345	391425
729	9	391425	391545
730	9	391545	392625
731	9	392625	392745
732	9	392745	393825
733	9	393825	393945
734	9	393945	395025
735	9	395025	395145
736	9	395145	396225
737	9	396225	396345
738	9	396345	397425
739	9	397425	397545
740	9	397545	398625
741	9	398625	398745
742	9	398745	399825
743	9	399825	400045
744	9	400045	401025
745	9	401025	401145
746	9	401145	401402
747	9	401402	402225
748	9	402225	402345
749	9	402345	403425
750	9	403425	403645
751	9	403645	404625
752	9	404625	404745
753	9	404745	405825
754	9	405825	405945
755	9	405945	406081
756	21	406125	406245
757	21	406245	407325
758	21	407325	407445
759	21	407445	408525
760	21	408525	408645
761	21	408645	409725
762	21	409725	409845
763	21	409845	410793
764	21	410793	410925
765	21	410925	411145
766	21	411145	412125
767	1	412161	412801
768	1	412801	412825
769	5	412925	413045
770	5	413045	413911
771	5	413911	414125
772	1	414145	415225
773	1	415225	415345
774	1	415345	416425
775	1	416425	416545
776	1	416545	417625
777	1	417745	418825
778	1	418825	418945
779	1	418945	420025
780	1	420025	420145
781	1	420145	421225
782	1	421225	421445
783	1	421445	422425
784	1	422425	422545
785	15	422772	422775
786	15	422775	422895
787	15	422895	423975
788	15	423975	424095
789	15	424095	425175
790	15	425175	425295
791	29	425525	425645
792	29	425645	426725
793	29	426725	426845
794	29	426845	427925
795	29	427925	428045
796	29	428045	429125
797	29	429125	429245
798	43	429475	429595
799	43	429595	429815
800	43	429815	430675
801	43	430675	430795
802	43	430795	431875
803	43	431875	431995
804	43	431995	433075
805	43	433075	433395
806	43	433395	434275
807	43	434275	434395
808	43	434395	435475
809	43	435475	435595
810	43	435595	436675
811	43	436675	436795
812	43	436795	437875
813	43	437875	437995
814	43	437995	439075
815	43	439075	439195
816	43	439195	440275
817	43	440275	440395
818	43	440395	440470
819	11	440675	440795
820	11	440795	441875
821	11	441875	441995
822	11	441995	442716
823	11	443075	443295
824	11	443295	444275
825	11	444275	444395
826	11	444395	445475
827	11	445475	445595
828	11	445595	446675
829	11	446675	446795
830	23	446975	447095
831	25	447145	448225
832	25	448225	448345
833	25	448345	449425
834	25	449425	449545
835	25	449545	450625
836	25	450625	450745
837	25	450745	451825
838	25	451825	451945
839	25	451945	453025
840	25	453025	453145
841	25	453145	453245
842	35	453275	453395
843	35	453395	454475
844	35	454475	454695
845	35	454695	455675
846	35	455675	455795
847	35	455795	456875
848	35	456875	456995
849	35	456995	458075
850	35	458075	458195
851	3	458475	458595
852	3	458595	459662
853	3	459662	459675
854	3	459675	459795
855	3	459795	460875
856	3	460875	461095
857	3	461095	462075
858	3	462075	462195
859	3	462195	463275
860	3	463275	463395
861	3	463395	464475
862	3	464475	464695
863	3	464695	465675
864	3	465675	465795
865	3	465795	466875
866	3	466875	466995
867	3	466995	468075
868	3	468075	468195
869	3	468195	469275
870	3	469275	469395
871	3	469395	470139
872	3	470139	470475
873	3	470475	470595
874	3	470595	471675
875	3	471675	471795
876	15	471975	472095
877	15	472095	473141
878	15	473141	473175
879	15	473175	473295
880	15	473295	474375
881	15	474375	474495
882	15	474495	475575
883	15	475575	475795
884	15	475795	476775
885	15	476775	476895
886	15	476895	477975
887	15	477975	478095
888	15	478095	479175
889	15	479175	479295
890	15	479295	480375
891	15	480375	480495
892	15	480495	481575
893	15	481575	481695
894	15	481695	482775
895	15	482775	482895
896	15	482895	483975
897	15	483975	484095
898	15	484095	485175
899	15	485175	485295
900	15	485295	486334
901	15	486334	486375
902	15	486375	486595
903	15	486595	487575
904	11	487595	488675
905	11	488675	488795
906	11	488795	489875
907	11	489875	490095
908	11	490095	490119
909	11	490119	491075
910	11	491075	491195
911	11	491195	492275
912	11	492275	492395
913	11	492395	493475
914	11	493475	493595
915	11	493595	494675
916	11	494675	494795
917	11	494795	495504
918	11	495504	495875
919	11	495875	495995
920	11	495995	497075
921	11	497075	497295
922	25	497425	497645
923	25	497645	498625
924	25	498625	498745
925	25	498745	499825
926	25	499825	499945
927	25	499945	501025
928	5	501194	501725
929	9	501825	501945
930	21	502125	502245
931	21	502245	502439
932	21	502439	503325
933	21	503325	503445
934	21	503445	504525
935	21	504525	504645
936	21	504645	505725
937	21	505725	505845
938	21	505845	506925
939	21	506925	507045
940	21	507045	508125
941	21	508125	508345
942	21	508345	509325
943	21	509325	509445
944	21	509445	510525
945	21	510525	510645
946	21	510645	511725
947	21	511725	511845
948	21	511845	512925
949	21	512925	513045
950	21	513045	514125
951	21	514125	514245
952	21	514245	515203
953	21	515203	515325
954	21	515325	515445
955	21	515445	516525
956	21	516525	516645
957	31	516775	516895
958	31	516895	517975
959	31	517975	518095
960	31	518095	519175
961	31	519175	519495
962	31	519495	520375
963	31	520375	520495
964	31	520495	521575
965	31	521575	521695
966	31	521695	522775
967	31	522775	522895
968	31	522895	523975
969	31	523975	524095
970	31	524095	525175
971	31	525175	525295
972	31	525295	526375
973	31	526375	526495
974	45	526525	526725
975	45	526725	526845
976	45	526845	527925
977	45	527925	528045
978	45	528045	529125
979	45	529125	529245
980	45	529245	530325
981	45	530325	530545
982	45	530545	531525
983	45	531525	531645
984	45	531645	532725
985	45	532725	532845
986	45	532845	533925
987	45	533925	534045
988	45	534045	535125
989	45	535125	535245
990	45	535245	536325
991	45	536325	536445
992	45	536445	537525
993	45	537525	537645
994	45	537645	538274
995	29	538325	538445
996	29	538445	539525
997	29	539525	539645
998	43	539875	539995
999	9	540225	540445
1000	9	540445	541425
1001	9	541425	541545
1002	9	541545	542625
1003	9	542625	542745
1004	9	542745	543825
1005	9	543825	543945
1006	9	543945	545025
1007	9	545025	545145
1008	9	545145	546225
1009	9	546225	546345
1010	9	546345	547425
1011	9	547425	547645
1012	23	547775	547995
1013	23	547995	548975
1014	23	548975	549095
1015	23	549095	549685
1016	23	549685	550175
1017	23	550175	550295
1018	23	550295	551375
1019	23	551375	551595
1020	23	551595	552575
1021	23	552575	552695
1022	23	552695	553230
1023	23	553230	553775
1024	23	553775	553895
1025	23	553895	554975
1026	23	554975	555095
1027	23	555095	556175
1028	23	556175	556295
1029	23	556295	557375
1030	23	557375	557495
1031	23	557495	558575
1032	23	558575	558695
1033	23	558695	559775
1034	23	559775	559895
1035	35	560075	560195
1036	35	560195	561275
1037	5	561725	561945
1038	5	561945	562925
1039	5	562925	563045
1040	5	563045	564125
1041	5	564125	564245
1042	5	564245	565325
1043	5	565325	565445
1044	5	565445	566525
1045	5	566525	566645
1046	5	566645	567725
1047	5	567725	567845
1048	5	567845	568319
1049	31	568375	568495
1050	31	568495	569575
1051	31	569575	569695
1052	31	569695	570403
1053	31	570403	570775
1054	31	570775	570895
1055	31	570895	571975
1056	31	571975	572095
1057	31	572095	573175
1058	31	573175	573395
1059	31	573395	574375
1060	31	574375	574495
1061	31	574495	575575
1062	31	575575	575695
1063	31	575695	576775
1064	31	576775	576995
1065	31	576995	577975
1066	31	577975	578095
1067	31	578095	579175
1068	31	579175	579295
1069	31	579295	580375
1070	31	580375	580495
1071	31	580495	581575
1072	31	581575	581695
1073	31	581695	581726
1074	1	582025	582145
1075	13	582325	582445
1076	13	582445	583525
1077	13	583525	583745
1078	27	583875	584095
1079	43	584121	584275
1080	43	584275	584495
1081	43	584495	585475
1082	43	585475	585595
1083	43	585595	586675
1084	43	586675	586795
1085	43	586795	587875
1086	43	587875	587995
1087	43	587995	589075
1088	43	589075	589195
1089	43	589195	590275
1090	43	590275	590395
1091	43	590395	591062
1092	23	591300	592175
1093	23	592175	592295
1094	23	592295	593375
1095	23	593375	593495
1096	41	593825	593945
1097	41	593945	595025
1098	41	595025	595245
1099	41	595245	596225
1100	41	596225	596345
1101	41	596345	596867
1102	25	597025	597145
1103	25	597145	598225
1104	25	598225	598345
1105	25	598345	599425
1106	25	599425	599545
1107	25	599545	600625
1108	25	600625	600745
1109	25	600745	601825
1110	25	601825	601945
1111	25	601945	602250
1112	35	602340	603275
1113	35	603275	603395
1114	35	603395	604475
1115	35	604475	604595
1116	35	604595	605675
1117	35	605675	605995
1118	35	605995	606875
1119	35	606875	606995
1120	35	606995	608075
1121	35	608075	608195
1122	35	608195	608523
1123	35	608523	609275
1124	35	609275	609395
1125	35	609395	610475
1126	35	610475	610595
1127	5	610925	611045
1128	5	611045	612125
1129	5	612125	612245
1130	5	612245	613124
1131	5	613124	613325
1132	5	613325	613445
1133	5	613445	614525
1134	5	614525	614645
1135	5	614645	615725
1136	5	615725	615945
1137	5	615945	616925
1138	47	616995	617975
1139	47	617975	618095
1140	47	618095	618695
1141	47	618695	619175
1142	47	619175	619295
1143	47	619295	619951
1144	47	619951	620375
1145	47	620375	620495
1146	47	620495	621575
1147	47	621575	621695
1148	47	621695	622775
1149	47	622775	622895
1150	47	622895	623975
1151	47	623975	624095
1152	47	624095	625175
1153	47	625175	625295
1154	47	625295	626375
1155	47	626375	626495
1156	47	626495	627575
1157	47	627575	627795
1158	47	627795	628775
1159	47	628775	628895
1160	47	628895	629975
1161	47	629975	630095
1162	47	630095	631175
1163	47	631175	631295
1164	47	631295	631449
1165	15	631575	631695
1166	15	631695	632775
1167	15	632775	632895
1168	15	632895	633975
1169	15	633975	634195
1170	15	634195	634285
1171	15	634285	634756
1172	47	634775	634995
1173	11	635075	635195
1174	11	635195	636275
1175	11	636275	636395
1176	27	636675	636795
1177	27	636795	637875
1178	27	637875	638095
1179	27	638095	638503
1180	27	638503	639075
1181	27	639075	639195
1182	27	639195	640275
1183	27	640275	640395
1184	27	640395	641475
1185	27	641475	641595
1186	27	641595	642675
1187	27	642675	642795
1188	27	642795	643134
1189	27	643134	643875
1190	27	643875	643995
1191	27	643995	645075
1192	27	645075	645195
1193	27	645195	646275
1194	27	646275	646395
1195	27	646395	647475
1196	23	648507	648575
1197	23	648575	648795
1198	23	648795	649775
1199	23	649775	649895
1200	23	649895	650975
1201	23	650975	651095
1202	23	651095	652175
1203	23	652175	652295
1204	23	652295	653375
1205	23	653375	653495
1206	23	653495	654575
1207	23	654575	654695
1208	23	654695	655775
1209	23	655775	655895
1210	23	655895	656233
1211	35	661116	662075
1212	35	662075	662195
1213	35	662195	663275
1214	35	663275	663495
1215	35	663495	663739
1216	35	663739	664475
1217	35	664475	664595
1218	35	664595	665675
1219	35	665675	665795
1220	35	665795	666875
1221	35	666875	666995
1222	35	666995	668075
1223	31	673909	673975
1224	31	673975	674095
1225	31	674095	675175
1226	31	675175	675295
1227	31	675295	676375
1228	31	676375	676495
1229	31	676495	677575
1230	31	677575	677695
1231	31	677695	678775
1232	31	678775	678895
1233	31	678895	679975
1234	31	679975	680095
1235	31	680095	681175
1236	31	681175	681395
1237	31	681395	682375
1238	31	682375	682495
1239	31	682495	683575
1240	31	683575	683695
1241	31	683695	684775
1242	31	684775	684895
1243	31	684895	685975
1244	31	685975	686095
1245	31	686095	687175
1246	31	687175	687295
1247	31	687295	687379
1248	31	687379	688375
1249	27	688395	689475
1250	27	689475	689595
1251	27	689595	690559
1252	27	690559	690675
1253	27	690675	690795
1254	11	690839	691475
1255	11	691475	691795
1256	11	691795	692675
1257	11	692675	692795
1258	11	692795	693692
1259	11	693692	693875
1260	11	693875	693995
1261	11	693995	695075
1262	11	695075	695195
1263	11	695195	696275
1264	11	696275	696395
1265	11	696395	697475
1266	11	697475	697595
1267	11	697595	698675
1268	11	698675	698795
1269	25	699025	699145
1270	25	699145	700225
1271	25	700225	700345
1272	25	700345	700653
1273	25	700653	701425
1274	25	701425	701545
1275	25	701545	702625
1276	25	702625	702845
1277	25	702845	703825
1278	25	703825	703945
1279	25	703945	705025
1280	35	705028	705275
1281	35	705275	705395
1282	35	705395	706475
1283	35	706475	706595
1284	5	706857	706925
1285	5	706925	707045
1286	5	707045	708125
1287	5	708125	708245
1288	5	708245	709325
1289	5	709325	709445
1290	5	709445	710525
1291	5	710525	710645
1292	5	710645	711725
1293	5	711725	711845
1294	5	711845	712925
1295	5	712925	713145
1296	5	713145	714125
1297	5	714125	714245
1298	5	714245	715325
1299	5	715325	715445
1300	5	715445	715663
1301	5	715663	716525
1302	5	716525	716645
1303	21	716925	717045
1304	21	717045	718125
1305	21	718125	718245
1306	21	718245	719325
1307	21	719325	719445
1308	33	719625	719745
1309	33	719745	720494
1310	33	720494	720825
1311	33	720825	721045
1312	33	721045	722025
1313	33	722025	722145
1314	33	722145	723225
1315	33	723225	723345
1316	33	723345	724425
1317	33	724425	724645
1318	33	724645	725625
1319	33	725625	725745
1320	33	725745	725767
1321	33	725767	726825
1322	33	726825	726945
1323	33	726945	728025
1324	33	728025	728145
1325	33	728145	729225
1326	33	729225	729345
1327	47	729575	729695
1328	47	729695	730775
1329	47	730775	730895
1330	47	730895	731159
1331	47	731159	731975
1332	47	731975	732095
1333	13	732325	732445
1334	13	732445	733525
1335	13	733525	733645
1336	13	733645	734725
1337	13	734725	734945
1338	13	734945	735925
1339	13	735925	736045
1340	13	736045	737125
1341	13	737125	737245
1342	13	737245	738325
1343	13	738325	738445
1344	13	738445	739525
1345	13	739525	739645
1346	13	739645	740725
1347	13	740725	740845
1348	11	740986	741875
1349	11	741875	741995
1350	11	741995	743075
1351	11	743075	743195
1352	11	743195	744275
1353	11	744275	744395
1354	11	744395	745475
1355	11	745475	745695
1356	11	745695	746675
1357	11	746675	746795
1358	11	746795	747875
1359	11	747875	747995
1360	11	747995	748806
1361	11	748806	749075
1362	11	749075	749295
1363	11	749295	750275
1364	11	750275	750395
1365	23	750575	750695
1366	23	750695	751775
1367	23	751775	751895
1368	23	751895	752975
1369	23	752975	753095
1370	23	753095	754175
1371	23	754175	754295
1372	23	754295	755375
1373	23	755375	755495
1374	37	755725	755845
1375	37	755845	755943
1376	37	755943	756925
1377	37	756925	757145
1378	37	757145	758125
1379	37	758125	758245
1380	37	758245	759325
1381	37	759325	759445
1382	37	759445	760525
1383	37	760525	760645
1384	37	760645	761725
1385	37	761725	761845
1386	37	761845	762856
1387	37	762856	762925
1388	37	762925	763045
1389	37	763045	763416
1390	37	763416	764125
1391	33	764145	764902
1392	33	764902	765225
1393	33	765225	765345
1394	33	765345	766425
1395	33	766425	766545
1396	33	766545	767625
1397	33	767625	767845
1398	33	767845	768825
1399	33	768825	768945
1400	33	768945	770025
1401	33	770025	770145
1402	33	770145	771225
1403	33	771225	771345
1404	33	771345	772425
1405	33	772425	772545
1406	33	772545	773625
1407	33	773625	773745
1408	33	773745	774825
1409	33	774825	774945
1410	33	774945	775212
1411	33	775212	776025
1412	33	776025	776145
1413	33	776145	776938
1414	33	776938	777225
1415	33	777225	777345
1416	45	777525	777645
1417	45	777645	778725
1418	45	778725	779045
1419	45	779045	779330
1420	45	779330	779925
1421	45	779925	780045
1422	45	780045	781125
1423	45	781125	781245
1424	45	781245	782325
1425	45	782325	782445
1426	45	782445	783525
1427	45	783525	783645
1428	45	783645	784725
1429	45	784725	784845
1430	45	784845	785925
1431	45	785925	786045
1432	45	786045	787125
1433	45	787125	787245
1434	45	787245	788325
1435	45	788325	788445
1436	45	788445	789525
1437	45	789525	789745
1438	11	789875	789995
1439	11	789995	790508
1440	11	790508	791075
1441	11	791075	791195
1442	11	791195	792275
1443	11	792275	792395
1444	11	792395	793475
1445	11	793475	793595
1446	11	793595	794675
1447	11	794675	794795
1448	11	794795	795875
1449	11	795875	795995
1450	11	795995	797075
1451	11	797075	797195
1452	11	797195	797384
1453	25	797425	797545
1454	39	797775	797895
1455	39	797895	798975
1456	39	798975	799095
1457	39	799095	800175
1458	39	800175	800395
1459	39	800395	801054
1460	39	801054	801375
1461	39	801375	801495
1462	39	801495	802575
1463	39	802575	802695
1464	39	802695	803775
1465	39	803775	803895
1466	39	803895	804975
1467	39	804975	805095
1468	39	805095	806175
1469	39	806175	806295
1470	39	806295	807375
1471	39	807375	807595
1472	39	807595	807863
1473	39	807863	808575
1474	39	808575	808695
1475	39	808695	809775
1476	39	809775	809895
1477	39	809895	810975
1478	39	810975	811195
1479	5	811325	811445
1480	5	811445	812525
1481	5	812525	812645
1482	5	812645	813725
1483	5	813725	813845
1484	5	813845	814925
1485	5	814925	815045
1486	5	815045	816125
1487	5	816125	816245
1488	5	816245	817325
1489	5	817325	817445
1490	5	817445	818525
1491	5	818525	818645
1492	5	818645	819477
1493	1	819625	819745
1494	1	819745	819875
1495	1	819875	820825
1496	1	820825	821045
1497	1	821045	822025
1498	1	822025	822145
1499	1	822145	823225
1500	1	823225	823345
1501	1	823345	824425
1502	1	824425	824545
1503	1	824545	825625
1504	1	825625	825745
1505	1	825745	826825
1506	1	826825	826945
1507	1	826945	828025
1508	1	828025	828145
1509	1	828145	829225
1510	1	829225	829345
1511	1	829345	830425
1512	1	830425	830545
1513	1	830545	831625
1514	1	831625	831845
1515	1	831845	832207
1516	33	832425	832645
1517	45	832725	832945
1518	45	832945	833925
1519	45	833925	834045
1520	45	834045	834100
1521	27	834675	834795
1522	27	834795	835875
1523	27	835875	836095
1524	27	838275	838395
1525	27	838395	838793
1526	27	838793	839475
1527	27	839475	839595
1528	27	839595	840675
1529	27	840675	840795
1530	27	840795	841875
1531	27	841875	841995
1532	27	841995	843075
1533	27	843075	843295
1534	27	844275	844395
1535	27	844395	845475
1536	27	845475	845595
1537	27	845595	846675
1538	27	846675	846795
1539	27	846795	847875
1540	27	847875	847995
1541	27	847995	849075
1542	27	849075	849195
1543	27	849195	849343
1544	41	849425	849545
1545	41	849545	850364
1546	41	850364	850625
1547	11	851075	851195
1548	37	851378	851725
1549	37	851725	851845
1550	37	851845	852925
1551	37	852925	853045
1552	37	853045	854125
1553	37	854125	854345
1554	37	854345	855325
1555	37	855325	855445
1556	37	855445	856525
1557	37	856525	856645
1558	37	856645	857725
1559	37	857725	857845
1560	37	857845	858925
1561	37	858925	859045
1562	37	859045	860125
1563	37	860125	860245
1564	37	860245	861325
1565	37	861325	861445
1566	37	861445	862525
1567	37	862525	862645
1568	37	862645	863725
1569	37	863725	863845
1570	37	863845	864612
1571	37	864612	864898
1572	37	864898	864925
1573	37	864925	865245
1574	5	865325	865445
1575	5	865445	866525
1576	5	866525	866645
1577	5	866645	867725
1578	5	867725	867845
1579	5	867845	868925
1580	5	868925	869045
1581	5	869045	870125
1582	1	870145	871225
1583	1	871225	871345
1584	1	871345	871554
1585	1	871554	872425
1586	1	872425	872545
1587	1	872545	873042
1588	1	873042	873625
1589	1	873625	873745
1590	1	873745	874825
1591	1	874825	875045
1592	1	875045	876025
1593	1	876025	876145
1594	1	876145	877225
1595	1	877225	877345
1596	45	877371	878325
1597	45	878325	878445
1598	15	878503	878775
1599	15	878775	878895
1600	15	878895	879975
1601	15	879975	880095
1602	15	880095	881175
1603	15	881175	881295
1604	15	881295	882375
1605	15	882375	882495
1606	15	882495	883575
1607	15	883575	883695
1608	15	883695	884775
1609	15	884775	884895
1610	15	884895	885975
1611	15	885975	886195
1612	15	886195	886458
1613	15	886458	887175
1614	15	887175	887295
1615	29	887525	887645
1616	41	887813	887825
1617	41	887825	887945
1618	41	887945	889025
1619	41	889025	889145
1620	41	889145	890225
1621	41	890225	890345
1622	11	890444	890675
1623	11	890675	890795
1624	43	890953	891475
1625	43	891475	891595
1626	43	891595	892675
1627	43	892675	892795
1628	43	892795	893875
1629	43	893875	894095
1630	43	894095	895075
1631	43	895075	895195
1632	43	895195	896275
1633	43	896275	896395
1634	43	896395	896662
1635	11	896675	896895
1636	11	896895	897875
1637	11	897875	897995
1638	11	897995	899075
1639	11	899075	899195
1640	11	899195	900275
1641	11	900275	900395
1642	11	900395	900926
1643	11	900926	901475
1644	11	901475	901595
1645	23	901895	902664
1646	23	902664	902975
1647	23	902975	903095
1648	23	903095	904175
1649	23	904175	904295
1650	23	904295	905375
1651	23	905375	905495
1652	23	905495	906575
1653	23	906575	906695
1654	23	906695	907200
Site : Svalbard
Anntenna : 1 nbContacts : 1641
	Sat 	StartTime 	EndTime 
0	35	0	875
1	35	875	1195
2	35	1195	2075
3	35	2075	2195
4	35	2195	3275
5	35	3275	3395
6	35	3395	4475
7	35	4475	4595
8	35	4595	5675
9	35	5675	5795
10	35	5795	6875
11	35	6875	6995
12	3	7045	7275
13	3	7275	7395
14	3	7395	8475
15	3	8475	8595
16	3	8595	9675
17	3	9675	9795
18	3	9795	10875
19	3	10875	11095
20	3	11095	11939
21	3	11939	12075
22	3	12075	12195
23	47	12195	12993
24	47	12993	13175
25	47	13175	13295
26	47	13295	14375
27	47	14375	14495
28	47	14495	15575
29	47	15575	15695
30	47	15695	16775
31	47	16775	16895
32	47	16895	17975
33	47	17975	18095
34	47	18095	19175
35	47	19175	19295
36	47	19295	20375
37	47	20375	20495
38	47	20495	21575
39	47	21575	21695
40	47	21695	22775
41	47	22775	22995
42	47	22995	23975
43	47	23975	24095
44	47	24095	25175
45	47	25175	25295
46	47	25295	26375
47	47	26375	26495
48	47	26495	26790
49	31	27175	27295
50	31	27295	28375
51	31	28375	28495
52	41	28745	29825
53	41	29825	30045
54	11	30275	30395
55	11	30395	31475
56	11	31475	31595
57	11	31595	32675
58	11	32675	32895
59	11	32895	33875
60	11	33875	33995
61	11	33995	35075
62	11	35075	35195
63	11	35195	36275
64	11	36275	36395
65	11	36395	37475
66	11	37475	37595
67	11	37595	38675
68	11	38675	38795
69	11	38795	39352
70	11	39352	39875
71	11	39875	39995
72	11	39995	41075
73	23	41081	41375
74	23	41375	41495
75	23	41495	42575
76	23	42575	42695
77	23	42695	43775
78	23	43775	43995
79	23	43995	44975
80	23	44975	45095
81	23	45095	46175
82	23	46175	46295
83	23	46295	47375
84	23	47375	47495
85	23	47495	47619
86	23	47619	48575
87	23	48575	48695
88	23	48695	49775
89	23	49775	49895
90	23	49895	50975
91	23	50975	51095
92	35	51275	51395
93	35	51395	51697
94	35	51697	52475
95	35	52475	52595
96	35	52595	53675
97	35	53675	53795
98	35	53795	54875
99	35	54875	55095
100	35	55095	56075
101	35	56075	56195
102	35	56195	57275
103	35	57275	57395
104	35	57395	58475
105	35	58475	58695
106	35	58695	59675
107	35	59675	59795
108	35	59795	60875
109	35	60875	60995
110	35	60995	62075
111	35	62075	62195
112	1	62425	62545
113	1	62545	63625
114	1	63625	63745
115	1	63745	64825
116	1	64825	65045
117	15	65175	65395
118	15	65395	66375
119	15	66375	66495
120	15	66495	67575
121	15	67575	67695
122	15	67695	68775
123	15	68775	68895
124	15	68895	69975
125	15	69975	70095
126	29	70325	70445
127	45	70599	70725
128	45	70725	70845
129	3	70875	70995
130	15	71175	71295
131	29	71525	71645
132	45	71925	72045
133	45	72045	73125
134	45	73125	73245
135	45	73245	74325
136	45	74325	74445
137	45	74445	75525
138	45	75525	75645
139	15	75975	76195
140	27	76275	76495
141	43	76675	76895
142	43	76895	77875
143	43	77875	77995
144	43	77995	79075
145	43	79075	79195
146	43	79195	80275
147	43	80275	80395
148	43	80395	81475
149	43	81475	81595
150	43	81595	82675
151	43	82675	82795
152	15	83175	83295
153	25	83425	83545
154	25	83545	84625
155	25	84625	84745
156	25	84745	85825
157	25	85825	85945
158	25	85945	87025
159	25	87025	87345
160	25	87345	88225
161	25	88225	88345
162	43	88675	88795
163	43	88795	88815
164	9	89025	89145
165	9	89145	89199
166	9	89199	90225
167	9	90225	90345
168	23	90575	90695
169	37	90925	91045
170	9	91425	91545
171	9	91545	92469
172	9	92469	92625
173	9	92625	92745
174	9	92745	93825
175	9	93825	93945
176	9	93945	95025
177	9	95025	95145
178	9	95145	96225
179	9	96225	96345
180	9	96345	97425
181	9	97425	97645
182	9	97645	98625
183	9	98625	98745
184	9	98745	99825
185	9	99825	99945
186	5	100124	100925
187	5	100925	101045
188	5	101045	102125
189	5	102125	102245
190	5	102245	103325
191	5	103325	103445
192	5	103445	104525
193	5	104525	104645
194	35	105275	105395
195	35	105395	106475
196	35	106475	106595
197	35	106595	107675
198	35	107675	107795
199	35	107795	108875
200	35	108875	109095
201	35	109095	110075
202	35	110075	110195
203	35	111275	111395
204	35	111395	112475
205	35	112475	112595
206	35	112595	113339
207	35	113339	113675
208	35	113675	113795
209	35	113795	114875
210	31	115006	115975
211	31	115975	116195
212	31	116195	117175
213	31	117175	117295
214	31	117295	118375
215	31	118375	118495
216	31	118495	118896
217	31	118896	119575
218	31	119575	119795
219	31	119795	120775
220	31	120775	120895
221	31	120895	121975
222	31	121975	122095
223	31	122095	122450
224	31	122450	123175
225	29	123245	124325
226	29	124325	124445
227	29	124445	125525
228	29	125525	125645
229	29	125645	126725
230	29	126725	126845
231	29	126845	127925
232	29	127925	128045
233	29	128045	129125
234	29	129125	129245
235	29	129245	130325
236	29	130325	130545
237	29	130545	131088
238	15	131175	131295
239	15	131295	131724
240	41	131825	131945
241	41	131945	132615
242	25	132625	132745
243	25	132745	133185
244	25	133185	133825
245	25	133825	133945
246	25	133945	135025
247	25	135025	135145
248	25	135145	136225
249	25	136225	136345
250	25	136345	137425
251	25	137425	137545
252	25	137545	138625
253	25	138625	138745
254	25	138745	139825
255	25	139825	139945
256	25	139945	141025
257	25	141025	141245
258	25	141245	142225
259	25	142225	142345
260	25	142345	143425
261	25	143425	143545
262	25	143545	143923
263	25	143923	144625
264	25	144625	144845
265	25	144845	145331
266	9	145425	145545
267	9	145545	146625
268	9	146625	146745
269	9	146745	146866
270	21	146925	147045
271	21	147045	148043
272	21	148043	148125
273	21	148125	148245
274	21	148245	149325
275	21	149325	149445
276	21	149445	150525
277	21	150525	150645
278	21	150645	151725
279	21	151725	151945
280	21	151945	152925
281	21	152925	153045
282	21	153045	154125
283	21	154125	154245
284	21	154245	155325
285	21	155325	155445
286	21	155445	156525
287	21	156525	156645
288	21	156645	157725
289	21	157725	157845
290	21	157845	158420
291	21	158420	158925
292	33	159002	159225
293	33	159225	159345
294	33	159345	160425
295	33	160425	160545
296	33	160545	161625
297	33	161625	161745
298	33	161745	162825
299	33	162825	163045
300	33	163045	164025
301	33	164025	164145
302	33	164145	165225
303	33	165225	165345
304	33	165345	166079
305	33	166079	166425
306	33	166425	166545
307	33	166545	167625
308	33	167625	167745
309	45	167925	168045
310	45	168045	169125
311	45	169125	169245
312	45	169245	169571
313	45	169571	170325
314	45	170325	170445
315	45	170445	171525
316	45	171525	171645
317	45	171645	172725
318	45	172725	172845
319	45	172845	173925
320	45	173925	174245
321	45	174245	175125
322	45	175125	175245
323	45	175245	176325
324	45	176325	176445
325	45	176445	177525
326	45	177525	177645
327	45	177645	178725
328	45	178725	178845
329	45	178845	179925
330	45	179925	180045
331	45	180045	180577
332	45	180577	181125
333	45	181125	181245
334	11	182413	182675
335	11	182675	182795
336	11	182795	183875
337	11	183875	184095
338	11	184095	185075
339	11	185075	185195
340	11	185195	186275
341	11	186275	186395
342	11	186395	187475
343	11	187475	187595
344	11	187595	188675
345	11	188675	188795
346	11	188795	189426
347	9	189825	189945
348	9	189945	191025
349	9	191025	191145
350	9	191145	192225
351	9	192225	192345
352	23	192469	192575
353	23	192575	192695
354	23	192695	193775
355	23	193775	193895
356	23	193895	194975
357	23	194975	195195
358	23	195195	196175
359	23	196175	196295
360	23	196295	197375
361	23	197375	197495
362	23	197495	198575
363	23	198575	198695
364	35	198875	198995
365	35	198995	200075
366	35	200075	200195
367	35	200195	201275
368	37	201325	201445
369	37	201445	202525
370	37	202525	202745
371	37	202745	203725
372	37	203725	203845
373	37	203845	204925
374	37	204925	205045
375	37	205045	206041
376	37	206041	206125
377	37	206125	206345
378	37	206345	207325
379	37	207325	207445
380	37	207445	208525
381	37	208525	208645
382	37	208645	209725
383	37	209725	209845
384	37	209845	210925
385	37	210925	211045
386	37	211045	212125
387	37	212125	212245
388	37	212245	212691
389	21	212925	213045
390	33	213225	213345
391	33	213345	214425
392	33	214425	214545
393	33	214545	215625
394	33	215625	215745
395	33	215745	216825
396	33	216825	217045
397	47	217175	217395
398	47	217395	218375
399	47	218375	218495
400	15	218775	218895
401	15	218895	219658
402	15	219658	219975
403	15	219975	220095
404	15	220095	221175
405	15	221175	221295
406	15	221295	222375
407	15	222375	222495
408	15	222495	223575
409	15	223575	223695
410	15	223695	224775
411	15	224775	224895
412	27	224956	225075
413	27	225075	225195
414	33	225225	225345
415	33	225345	225926
416	15	225975	226095
417	15	226095	227175
418	15	227175	227395
419	15	227395	228375
420	15	228375	228495
421	15	228495	229575
422	15	229575	229695
423	15	229695	229858
424	15	229858	230775
425	15	230775	230995
426	27	231075	231295
427	27	231295	232275
428	27	232275	232395
429	27	232395	233475
430	27	233475	233595
431	27	233595	234675
432	27	234675	234795
433	27	234795	235875
434	27	235875	235995
435	27	235995	237075
436	27	237075	237195
437	27	237195	238275
438	27	238275	238495
439	27	238495	239475
440	27	239475	239595
441	27	239595	239920
442	23	240575	240695
443	23	240695	241775
444	23	241775	241895
445	23	241895	242975
446	23	242975	243095
447	23	243095	243110
448	23	243110	244175
449	23	244175	244295
450	23	244295	245375
451	23	245375	245495
452	23	245495	246575
453	23	246575	246695
454	23	246695	247775
455	23	247775	247895
456	23	247895	248975
457	23	248975	249195
458	23	249195	250175
459	23	250175	250295
460	23	250295	251375
461	23	251375	251495
462	23	251495	252575
463	23	252575	252695
464	23	252695	253775
465	23	253775	253895
466	23	253895	254975
467	23	254975	255095
468	23	255095	256175
469	23	256175	256295
470	23	256295	256559
471	3	256875	256995
472	3	256995	258075
473	3	258075	258195
474	3	258195	259275
475	3	259275	259595
476	3	259595	260052
477	3	260052	260475
478	3	260475	260595
479	3	260595	261675
480	3	261675	261795
481	3	261795	262875
482	3	262875	262995
483	3	262995	264075
484	1	264145	265225
485	1	265225	265345
486	1	265345	266425
487	1	266425	266545
488	1	266545	266624
489	1	266624	267625
490	1	267625	267745
491	1	267745	268825
492	1	268825	268945
493	15	269175	269295
494	15	269295	270375
495	15	270375	270595
496	15	270595	271230
497	15	271230	271575
498	15	271575	271695
499	15	271695	272775
500	15	272775	272895
501	15	272895	273975
502	15	273975	274095
503	15	274095	275175
504	15	275175	275295
505	15	275295	276375
506	15	276375	276495
507	15	276495	277575
508	15	277575	277695
509	15	277695	277760
510	15	277760	278775
511	15	278775	278895
512	41	279039	279425
513	41	279425	279545
514	11	279824	279875
515	11	279875	279995
516	11	279995	281075
517	11	281075	281295
518	11	281295	282275
519	11	282275	282395
520	15	282495	283406
521	13	283525	283645
522	13	283645	284725
523	13	284725	284845
524	13	284845	284877
525	25	285025	285145
526	25	285145	285482
527	25	285482	286225
528	25	286225	286345
529	25	286345	287425
530	25	287425	287545
531	25	287545	288625
532	25	288625	288845
533	25	288845	289781
534	25	289781	289825
535	25	289825	289945
536	25	289945	291025
537	25	291025	291145
538	25	291145	292225
539	25	292225	292445
540	25	292445	292907
541	25	292907	293425
542	25	293425	293545
543	25	293545	294625
544	25	294625	294745
545	25	294745	295825
546	25	295825	295945
547	25	295945	297025
548	25	297025	297145
549	25	297145	298225
550	25	298225	298345
551	39	298575	298695
552	39	298695	299775
553	39	299775	299895
554	39	299895	300409
555	39	300409	300975
556	39	300975	301095
557	39	301095	302175
558	39	302175	302295
559	39	302295	302998
560	39	302998	303375
561	39	303375	303595
562	39	303595	304575
563	39	304575	304695
564	3	304875	304995
565	3	304995	306075
566	3	306075	306195
567	3	306195	307275
568	3	307275	307395
569	3	307395	308475
570	3	308475	308595
571	3	308595	309675
572	3	309675	309795
573	3	309795	310212
574	3	310212	310875
575	3	310875	310995
576	3	310995	312075
577	3	312075	312195
578	3	312195	313275
579	3	313275	313495
580	3	313495	314475
581	3	314475	314595
582	3	314595	315675
583	3	315675	315795
584	3	315795	316875
585	3	316875	317095
586	3	317095	318012
587	3	318012	318075
588	3	318075	318195
589	47	318195	319175
590	47	319175	319295
591	47	319295	319415
592	47	319415	320375
593	47	320375	320495
594	47	320495	321575
595	47	321575	321695
596	47	321695	322775
597	47	322775	322895
598	47	322895	323975
599	47	323975	324095
600	47	324095	325175
601	47	325175	325395
602	47	325395	326375
603	1	326425	326545
604	13	326725	326845
605	13	326845	327925
606	13	327925	328045
607	13	328045	329125
608	13	329125	329245
609	13	329245	330325
610	13	330325	330445
611	13	330445	331525
612	15	331575	331695
613	15	331695	331811
614	27	331875	331995
615	27	331995	333075
616	27	333075	333195
617	27	333195	334275
618	27	334275	334395
619	27	334395	335475
620	27	335475	335695
621	27	335695	336675
622	27	336675	336795
623	27	336795	337875
624	27	337875	337995
625	27	337995	339075
626	27	339075	339195
627	27	339195	340275
628	27	340275	340395
629	27	340395	341475
630	27	341475	341595
631	27	341595	342675
632	27	342675	342795
633	27	342795	343226
634	27	343226	343875
635	27	343875	343995
636	37	344125	344245
637	37	344245	345325
638	21	345538	346125
639	21	346125	346445
640	37	346525	346845
641	37	346845	347725
642	37	347725	347845
643	37	347845	348544
644	37	348544	348925
645	37	348925	349045
646	37	349045	350125
647	37	350125	350245
648	37	350245	351325
649	37	351325	351445
650	37	351445	352525
651	37	352525	352645
652	37	352645	353725
653	37	353725	353845
654	37	353845	354925
655	37	354925	355045
656	37	355045	356125
657	37	356125	356245
658	37	356245	357325
659	37	357325	357545
660	37	357545	358525
661	37	358525	358645
662	37	358645	358906
663	3	358995	359711
664	3	359711	360075
665	3	360075	360195
666	3	360195	361275
667	3	361275	361395
668	3	361395	362475
669	3	362475	362595
670	3	362595	363675
671	3	363675	363795
672	3	363795	364875
673	3	364875	364995
674	3	364995	366075
675	3	366075	366195
676	3	366195	366595
677	3	366595	367275
678	3	367275	367495
679	3	367495	368475
680	3	368475	368595
681	3	368595	369675
682	15	369972	369975
683	15	369975	370095
684	15	370095	371175
685	15	371175	371295
686	31	371393	371575
687	31	371575	371695
688	31	371695	372775
689	31	372775	372895
690	31	372895	373234
691	13	373525	373645
692	33	374025	374145
693	33	374145	375225
694	33	375225	375445
695	45	375525	375745
696	45	375745	376725
697	45	376725	376845
698	45	376845	377925
699	45	377925	378045
700	45	378045	379125
701	45	379125	379345
702	45	379345	379665
703	45	379665	380325
704	45	380325	380445
705	45	380445	381525
706	45	381525	381645
707	45	381645	382725
708	45	382725	382845
709	45	382845	383925
710	45	383925	384045
711	45	384045	384156
712	11	384275	384395
713	11	384395	384956
714	11	384956	385475
715	11	385475	385595
716	11	385595	386675
717	11	386675	386795
718	11	386795	387875
719	11	387875	387995
720	11	387995	389075
721	11	389075	389295
722	11	389295	390275
723	11	390275	390395
724	11	390395	391475
725	11	391475	391595
726	11	391595	392675
727	11	392675	392795
728	11	392795	393875
729	11	393875	393995
730	11	393995	395075
731	11	395075	395195
732	11	395195	396275
733	11	396275	396395
734	11	396395	397475
735	11	397475	397595
736	11	397595	398171
737	41	398225	398345
738	41	398345	399425
739	41	399425	399545
740	21	399937	400125
741	21	400125	400345
742	21	400345	401325
743	21	401325	401445
744	21	401445	402525
745	21	402525	402645
746	21	402645	403725
747	21	403725	403945
748	21	403945	404925
749	21	404925	405045
750	35	405045	405275
751	35	405275	405395
752	35	405395	406475
753	35	406475	406595
754	35	406595	407675
755	35	407675	407795
756	35	407795	408271
757	35	408271	408875
758	35	408875	408995
759	35	408995	410075
760	35	410075	410195
761	35	410195	411275
762	35	411275	411495
763	35	411495	412475
764	35	412475	412595
765	35	412595	412739
766	35	412739	413675
767	35	413675	413795
768	35	413795	414875
769	35	414875	414995
770	35	414995	416075
771	35	416075	416195
772	47	416375	416495
773	47	416495	417575
774	47	417575	417695
775	47	417695	418421
776	47	418421	418775
777	47	418775	418895
778	47	418895	419975
779	47	419975	420095
780	47	420095	421175
781	47	421175	421295
782	47	421295	422375
783	47	422375	422595
784	47	422595	423575
785	47	423575	423695
786	47	423695	424775
787	47	424775	424895
788	47	424895	425975
789	47	425975	426095
790	1	426145	427225
791	1	427225	427345
792	1	427345	428425
793	1	428425	428545
794	1	428545	429625
795	1	429625	429745
796	15	429975	430095
797	29	430235	430325
798	29	430325	430445
799	29	430445	431525
800	29	431525	431645
801	45	431925	432045
802	15	432375	432695
803	29	432725	433045
804	29	433045	433925
805	29	433925	434045
806	29	434045	435125
807	29	435125	435245
808	29	435245	436234
809	29	436234	436325
810	29	436325	436445
811	29	436445	437525
812	29	437525	437645
813	11	437839	438275
814	11	438275	438395
815	11	438395	439475
816	11	439475	439595
817	27	439869	439875
818	27	439875	439995
819	27	439995	441075
820	27	441075	441195
821	27	441195	442275
822	27	442275	442395
823	27	442395	443475
824	27	443475	443695
825	27	443695	443744
826	39	443775	443995
827	39	443995	444975
828	39	444975	445095
829	39	445095	446175
830	39	446175	446295
831	39	446295	447375
832	39	447375	447495
833	39	447495	448575
834	39	448575	448695
835	39	448695	449775
836	39	449775	449895
837	39	449895	450975
838	39	450975	451095
839	39	451095	452175
840	39	452175	452295
841	39	452295	453375
842	39	453375	453495
843	39	453495	454575
844	39	454575	454795
845	39	454795	455775
846	39	455775	455895
847	39	455895	456975
848	39	456975	457095
849	39	457095	457611
850	23	457775	457895
851	23	457895	458975
852	23	458975	459095
853	33	459225	459345
854	35	459395	460174
855	35	460174	460475
856	35	460475	460595
857	35	460595	461675
858	35	461675	461895
859	35	461895	462875
860	35	462875	462995
861	35	462995	464075
862	35	464075	464195
863	35	464195	465275
864	35	465275	465495
865	35	465495	465873
866	35	465873	466475
867	35	466475	466595
868	35	466595	467675
869	35	467675	467795
870	35	467795	468875
871	35	468875	468995
872	35	468995	470075
873	35	470075	470195
874	1	470425	470545
875	1	470545	471625
876	1	471625	471745
877	1	471745	472825
878	1	472825	472945
879	1	472945	474025
880	1	474025	474145
881	1	474145	475225
882	1	475225	475445
883	1	475445	476425
884	1	476425	476545
885	47	476595	477575
886	47	477575	477695
887	13	477925	478045
888	13	478045	479125
889	13	479125	479245
890	13	479245	480325
891	13	480325	480445
892	13	480445	481525
893	13	481525	481645
894	13	481645	482725
895	13	482725	482845
896	13	482845	483925
897	13	483925	484045
898	13	484045	485125
899	13	485125	485245
900	13	485245	486325
901	13	486325	486545
902	13	486545	487525
903	13	487525	487645
904	25	487825	487945
905	25	487945	489025
906	25	489025	489145
907	25	489145	489517
908	25	489517	490225
909	25	490225	490445
910	25	490445	491425
911	25	491425	491545
912	25	491545	492625
913	25	492625	492745
914	25	492745	493825
915	25	493825	493945
916	25	493945	495025
917	25	495025	495145
918	25	495145	496225
919	25	496225	496345
920	39	496575	496695
921	39	496695	497775
922	39	497775	497995
923	39	497995	498975
924	39	498975	499095
925	39	499095	500175
926	39	500175	500295
927	39	500295	501375
928	39	501375	501495
929	39	501495	502575
930	39	502575	502695
931	39	502695	502812
932	9	503025	503145
933	9	503145	503422
934	9	503422	504225
935	9	504225	504345
936	23	504575	504695
937	23	504695	505775
938	23	505775	505895
939	35	505983	506075
940	35	506075	506195
941	35	506195	507275
942	35	507275	507395
943	35	507395	508475
944	35	508475	508695
945	35	508695	509675
946	35	509675	509795
947	35	509795	510875
948	35	510875	510995
949	35	510995	512075
950	35	512075	512195
951	35	512195	513275
952	35	513275	513395
953	35	513395	514475
954	35	514475	514595
955	35	514595	515176
956	35	515176	515675
957	35	515675	515795
958	47	515975	516095
959	47	516095	517175
960	47	517175	517295
961	47	517295	518375
962	47	518375	518495
963	47	518495	519293
964	47	519293	519575
965	47	519575	519895
966	47	519895	520775
967	47	520775	520895
968	47	520895	521975
969	47	521975	522095
970	47	522095	523175
971	47	523175	523295
972	47	523295	524375
973	47	524375	524495
974	47	524495	525575
975	47	525575	525695
976	47	525695	526775
977	47	526775	526895
978	47	526895	527975
979	47	527975	528095
980	47	528095	529175
981	47	529175	529295
982	47	529295	529634
983	47	529634	530375
984	1	530425	530545
985	1	530545	531625
986	1	531625	531745
987	15	531975	532095
988	31	532375	532495
989	31	532495	533356
990	27	533426	533475
991	27	533475	533595
992	43	533875	533995
993	43	533995	535075
994	43	535075	535195
995	43	535195	536275
996	43	536275	536395
997	43	536395	537475
998	43	537475	537595
999	43	537595	538675
1000	43	538675	538795
1001	13	539125	539245
1002	25	539425	539545
1003	25	539545	540625
1004	29	540725	540945
1005	43	541075	541295
1006	43	541295	542275
1007	43	542275	542395
1008	11	542675	542795
1009	11	542795	543875
1010	11	543875	543995
1011	11	543995	544904
1012	11	544904	545075
1013	11	545075	545195
1014	11	545195	546275
1015	11	546275	546395
1016	11	546395	546890
1017	39	546975	547095
1018	39	547095	548175
1019	39	548175	548395
1020	9	548625	548745
1021	9	548745	549825
1022	9	549825	549945
1023	25	550225	550345
1024	25	550345	551425
1025	25	551425	551645
1026	25	551645	552625
1027	25	552625	552745
1028	25	552745	553825
1029	25	553825	553945
1030	25	553945	555025
1031	25	555025	555145
1032	21	555181	556125
1033	21	556125	556245
1034	21	556245	557325
1035	21	557325	557445
1036	21	557445	558525
1037	21	558525	558645
1038	21	558645	559725
1039	21	559725	559845
1040	21	559845	560925
1041	21	560925	561045
1042	21	561045	561897
1043	21	561897	562125
1044	33	562645	563393
1045	33	563393	563625
1046	33	563625	563745
1047	33	563745	564825
1048	33	564825	564945
1049	35	564995	566075
1050	35	566075	566195
1051	35	566195	567275
1052	35	567275	567395
1053	35	567395	568475
1054	35	568475	568595
1055	35	568595	569675
1056	35	569675	569795
1057	47	569975	570095
1058	47	570095	571175
1059	47	571175	571295
1060	47	571295	571873
1061	47	571873	572375
1062	47	572375	572495
1063	29	572891	573125
1064	29	573125	573345
1065	35	573495	574197
1066	29	574325	574445
1067	29	574445	575525
1068	29	575525	575645
1069	29	575645	576725
1070	29	576725	576945
1071	29	576945	577925
1072	29	577925	578045
1073	29	578045	578829
1074	29	578829	579125
1075	29	579125	579245
1076	45	579276	579525
1077	45	579525	579645
1078	45	579645	580725
1079	45	580725	580845
1080	45	580845	581925
1081	45	581925	582045
1082	45	582045	583125
1083	45	583125	583245
1084	45	583245	584325
1085	47	584375	584595
1086	11	584675	584795
1087	13	584845	585925
1088	13	585925	586045
1089	13	586045	587125
1090	13	587125	587245
1091	13	587245	588325
1092	13	588325	588445
1093	13	588445	589525
1094	13	589525	589645
1095	27	589875	589995
1096	27	589995	591075
1097	27	591075	591195
1098	27	591195	592275
1099	27	592275	592395
1100	27	592395	593475
1101	27	593475	593595
1102	27	593595	594675
1103	27	594675	594895
1104	27	594895	595875
1105	27	595875	595995
1106	27	595995	597075
1107	27	597075	597195
1108	27	597195	598275
1109	27	598275	598395
1110	27	598395	598482
1111	37	598525	598645
1112	37	598645	599725
1113	37	599725	599845
1114	37	599845	600350
1115	37	600350	600925
1116	37	600925	601045
1117	37	601045	602125
1118	37	602125	602245
1119	37	602245	603325
1120	37	603325	603445
1121	37	603445	604525
1122	37	604525	604645
1123	37	604645	605725
1124	37	605725	606045
1125	37	606045	606925
1126	37	606925	607045
1127	37	607045	608125
1128	37	608125	608245
1129	37	608245	609325
1130	37	609325	609445
1131	37	609445	610525
1132	37	610525	610645
1133	37	610645	611366
1134	37	611366	611725
1135	37	611725	611845
1136	37	611845	612925
1137	37	612925	613045
1138	3	613202	613275
1139	3	613275	613395
1140	3	613395	614475
1141	3	614475	614595
1142	3	614595	615675
1143	3	615675	615895
1144	3	615895	616875
1145	3	616875	616995
1146	3	616995	618075
1147	3	618075	618195
1148	3	618195	619275
1149	3	619275	619395
1150	3	619395	620226
1151	3	620226	620475
1152	3	620475	620595
1153	15	620901	621614
1154	15	621614	621975
1155	15	621975	622095
1156	15	622095	623175
1157	15	623175	623295
1158	15	623295	624375
1159	15	624375	624495
1160	15	624495	625575
1161	15	625575	625695
1162	15	625695	626775
1163	15	626775	626995
1164	15	626995	627975
1165	15	627975	628095
1166	15	628095	629175
1167	15	629175	629295
1168	15	629295	630375
1169	15	630375	630495
1170	29	630725	630845
1171	29	630845	631416
1172	29	631416	631925
1173	29	631925	632045
1174	29	632045	633125
1175	29	633125	633245
1176	29	633245	633725
1177	29	633725	634325
1178	29	634325	634545
1179	29	634545	635525
1180	29	635525	635645
1181	29	635645	636725
1182	29	636725	636845
1183	29	636845	637925
1184	29	637925	638145
1185	29	638145	639125
1186	29	639125	639245
1187	29	639245	640325
1188	25	640345	641425
1189	25	641425	641545
1190	25	641545	641835
1191	25	641835	642625
1192	25	642625	642745
1193	25	642745	642868
1194	25	642868	643825
1195	25	643825	643945
1196	25	643945	645025
1197	25	645025	645145
1198	25	645145	646225
1199	25	646225	646345
1200	25	646345	647425
1201	25	647425	647545
1202	25	647545	648625
1203	25	648625	648845
1204	25	648845	649607
1205	25	649607	649825
1206	25	649825	649945
1207	25	649945	651025
1208	25	651025	651145
1209	5	660245	660575
1210	5	660575	661325
1211	5	661325	661445
1212	5	661445	662525
1213	5	662525	662745
1214	5	662745	663725
1215	5	663725	663845
1216	5	663845	664925
1217	5	664925	665045
1218	5	665045	666125
1219	5	666125	666245
1220	5	666245	666416
1221	5	666416	667325
1222	47	671975	672095
1223	47	672095	672442
1224	47	672442	673175
1225	47	673175	673295
1226	47	673295	674375
1227	47	674375	674495
1228	47	674495	675575
1229	47	675575	675695
1230	15	675975	676095
1231	29	676325	676445
1232	29	676445	677525
1233	29	677525	677645
1234	45	677690	677925
1235	45	677925	678045
1236	45	678045	679125
1237	45	679125	679245
1238	45	679245	680325
1239	45	680325	680445
1240	45	680445	681525
1241	45	681525	681745
1242	45	681745	682725
1243	45	682725	682845
1244	45	682845	683925
1245	45	683925	684045
1246	45	684045	685125
1247	45	685125	685245
1248	45	685245	685962
1249	43	686275	686395
1250	43	686395	687475
1251	43	687475	687595
1252	43	687595	688675
1253	43	688675	688795
1254	43	688795	689875
1255	43	689875	689995
1256	43	689995	691075
1257	43	691075	691195
1258	43	691195	692275
1259	43	692275	692595
1260	43	692595	693475
1261	43	693475	693595
1262	43	693595	693679
1263	13	693925	694045
1264	13	694045	695125
1265	13	695125	695245
1266	27	695475	695595
1267	27	695595	696090
1268	13	696325	696445
1269	23	696575	696695
1270	23	696695	697775
1271	23	697775	697895
1272	41	698225	698345
1273	41	698345	699425
1274	41	699425	699545
1275	41	699545	700418
1276	39	700575	700695
1277	39	700695	701775
1278	39	701775	701895
1279	39	701895	702975
1280	39	702975	703195
1281	39	703195	704175
1282	39	704175	704295
1283	39	704295	705375
1284	39	705375	705495
1285	39	705495	706575
1286	39	706575	706695
1287	39	706695	707775
1288	39	707775	707895
1289	39	707895	708686
1290	23	708695	709775
1291	23	709775	709895
1292	35	710075	710195
1293	35	710195	710915
1294	35	710915	711275
1295	35	711275	711395
1296	35	711395	712475
1297	35	712475	712595
1298	35	712595	713675
1299	35	713675	713895
1300	35	713895	714875
1301	35	714875	714995
1302	35	714995	716075
1303	35	716075	716195
1304	35	716195	717275
1305	35	717275	717395
1306	35	717395	718475
1307	35	718475	718595
1308	35	718595	719408
1309	35	719408	719675
1310	35	719675	719795
1311	35	719795	720875
1312	35	720875	721095
1313	35	721095	722075
1314	31	722095	723175
1315	31	723175	723295
1316	31	723295	724375
1317	31	724375	724595
1318	31	724595	724691
1319	31	724691	725575
1320	31	725575	725695
1321	31	725695	726775
1322	31	726775	726895
1323	31	726895	727975
1324	31	727975	728095
1325	31	728095	729175
1326	31	729175	729295
1327	31	729295	730375
1328	31	730375	730495
1329	31	730495	731575
1330	31	731575	731695
1331	31	731695	732775
1332	31	732775	732895
1333	31	732895	733274
1334	31	733274	733904
1335	29	733925	734045
1336	29	734045	735125
1337	29	735125	735345
1338	29	735345	736325
1339	29	736325	736445
1340	47	736775	736895
1341	47	736895	737975
1342	47	737975	738095
1343	47	738095	739083
1344	41	739145	740225
1345	41	740225	740345
1346	41	740345	741425
1347	41	741425	741545
1348	13	741925	742045
1349	13	742045	743125
1350	13	743125	743245
1351	25	743425	743545
1352	25	743545	744625
1353	25	744625	744745
1354	25	744745	745825
1355	25	745825	746045
1356	25	746045	747025
1357	25	747025	747145
1358	25	747145	748225
1359	25	748225	748345
1360	25	748345	749425
1361	25	749425	749645
1362	25	749645	750625
1363	25	750625	750745
1364	25	750745	751825
1365	25	751825	751945
1366	25	751945	752728
1367	25	752728	753025
1368	21	753045	754125
1369	21	754125	754245
1370	21	754245	755325
1371	21	755325	755445
1372	21	755445	756525
1373	21	756525	756745
1374	21	756745	757725
1375	21	757725	757845
1376	21	757845	758925
1377	21	758925	759045
1378	21	759045	760125
1379	21	760125	760245
1380	21	760245	761325
1381	21	761325	761445
1382	21	761445	762525
1383	21	762525	762645
1384	21	762645	763725
1385	21	763725	763845
1386	21	763845	764925
1387	21	764925	765045
1388	21	765045	766125
1389	21	766125	766245
1390	21	766245	767325
1391	21	767325	767545
1392	21	767545	768525
1393	21	768525	768645
1394	21	768645	768697
1395	47	769175	769295
1396	47	769295	770375
1397	47	770375	770495
1398	47	770495	770780
1399	47	770780	771575
1400	47	771575	771695
1401	47	771695	772775
1402	47	772775	772895
1403	47	772895	773975
1404	47	773975	774095
1405	47	774095	775175
1406	47	775175	775295
1407	47	775295	776375
1408	47	776375	776495
1409	47	776495	777575
1410	47	777575	777695
1411	47	777695	778775
1412	47	778775	779095
1413	47	779095	779975
1414	47	779975	780095
1415	47	780095	781175
1416	47	781175	781295
1417	47	781295	782325
1418	47	782325	782375
1419	1	782425	782545
1420	1	782545	783625
1421	1	783625	783745
1422	1	783745	784825
1423	1	784825	784945
1424	13	785082	785125
1425	13	785125	785245
1426	13	785245	786325
1427	13	786325	786445
1428	13	786445	787525
1429	13	787525	787645
1430	13	787645	788725
1431	13	788725	788945
1432	13	788945	789925
1433	13	789925	790045
1434	13	790045	791125
1435	13	791125	791245
1436	13	791245	791816
1437	45	791925	792045
1438	45	792045	792757
1439	39	792975	793095
1440	9	793425	793545
1441	9	793545	793820
1442	9	793820	794625
1443	9	794625	794745
1444	9	794745	795825
1445	9	795825	795945
1446	9	795945	797025
1447	9	797025	797145
1448	9	797145	798225
1449	9	798225	798345
1450	9	798345	799425
1451	9	799425	799645
1452	23	799775	799995
1453	23	799995	800975
1454	23	800975	801095
1455	23	801095	802175
1456	23	802175	802295
1457	23	802295	803375
1458	23	803375	803495
1459	23	803495	804007
1460	5	804125	804245
1461	25	804745	805825
1462	25	805825	805945
1463	21	806003	806925
1464	23	806975	807195
1465	23	807195	808175
1466	23	808175	808295
1467	23	808295	809375
1468	23	809375	809495
1469	21	809531	810525
1470	21	810525	810745
1471	21	810745	811725
1472	21	811725	811845
1473	21	811845	812925
1474	21	812925	813045
1475	21	813045	813557
1476	21	813557	814125
1477	21	814125	814245
1478	21	814245	815325
1479	21	815325	815445
1480	21	815445	816525
1481	21	816525	816645
1482	21	816645	817725
1483	21	817725	817845
1484	21	817845	818925
1485	21	818925	819045
1486	33	819225	819345
1487	33	819345	820425
1488	33	820425	820545
1489	33	820545	821625
1490	33	821625	821845
1491	33	821845	822825
1492	33	822825	822945
1493	33	822945	824025
1494	33	824025	824145
1495	33	824145	825225
1496	33	825225	825345
1497	33	825345	826425
1498	33	826425	826545
1499	33	826545	827625
1500	33	827625	827745
1501	33	827745	828825
1502	29	828845	829925
1503	29	829925	830045
1504	29	830045	830717
1505	29	830717	831125
1506	29	831125	831245
1507	29	831245	832325
1508	29	832325	832545
1509	29	832545	833525
1510	29	833525	833645
1511	29	833645	834725
1512	29	834725	834845
1513	29	834845	835925
1514	29	835925	836145
1515	29	836145	837125
1516	29	837125	837245
1517	29	837245	838325
1518	29	838325	838445
1519	29	838445	839525
1520	29	839525	839645
1521	29	839645	840725
1522	29	840725	840845
1523	29	840845	841581
1524	41	843416	843425
1525	41	843425	843645
1526	41	843645	844625
1527	41	844625	844745
1528	41	844745	845825
1529	41	845825	845945
1530	41	845945	847025
1531	41	847025	847145
1532	41	847145	848225
1533	41	848225	848345
1534	23	848585	848975
1535	23	848975	849095
1536	23	849095	850175
1537	23	850175	850295
1538	23	850295	850612
1539	23	850612	851375
1540	23	851375	851495
1541	23	851495	852575
1542	23	852575	852695
1543	23	852695	853775
1544	23	853775	853995
1545	23	853995	854975
1546	23	854975	855095
1547	23	855095	856175
1548	23	856175	856295
1549	23	856295	857375
1550	23	857375	857495
1551	23	857495	858575
1552	23	858575	858695
1553	23	858695	859775
1554	23	859775	859895
1555	23	859895	860975
1556	23	860975	861095
1557	23	861095	861449
1558	23	861449	862175
1559	23	862175	862295
1560	35	862475	862595
1561	35	862595	863675
1562	35	863675	863795
1563	35	863795	864875
1564	35	864875	865195
1565	35	865195	866075
1566	35	866075	866195
1567	35	866195	867275
1568	35	867275	867395
1569	35	867395	868475
1570	35	868475	868595
1571	35	868595	869675
1572	35	869675	869795
1573	35	869795	870875
1574	35	870875	870995
1575	35	870995	871257
1576	35	871257	872075
1577	35	872075	872195
1578	35	872195	873275
1579	35	873275	873395
1580	47	873575	873695
1581	47	873695	874590
1582	47	874590	874775
1583	47	874775	874895
1584	47	874895	875975
1585	47	875975	876195
1586	47	876195	877175
1587	47	877175	877295
1588	47	877295	878375
1589	47	878375	878495
1590	47	878495	879575
1591	47	879575	879695
1592	47	879695	880775
1593	47	880775	880895
1594	47	880895	881975
1595	47	881975	882095
1596	47	882095	883175
1597	47	883175	883295
1598	47	883295	884375
1599	47	884375	884495
1600	47	884495	885575
1601	47	885575	885695
1602	47	885695	886775
1603	47	886775	886995
1604	47	886995	887975
1605	47	887975	888095
1606	47	888095	888432
1607	29	888725	888845
1608	29	888845	889925
1609	29	889925	890045
1610	29	890045	891125
1611	27	891195	891405
1612	27	891405	892275
1613	27	892275	892395
1614	27	892395	893475
1615	27	893475	893695
1616	27	893695	894120
1617	27	894120	894675
1618	27	894675	894795
1619	27	894795	895875
1620	27	895875	895995
1621	27	895995	897075
1622	27	897075	897295
1623	27	897295	898275
1624	27	898275	898395
1625	27	898395	899475
1626	27	899475	899595
1627	41	899825	899945
1628	41	899945	900816
1629	41	900816	901025
1630	41	901025	901145
1631	41	901145	902225
1632	41	902225	902345
1633	41	902345	903425
1634	41	903425	903545
1635	41	903545	904355
1636	41	904355	904625
1637	39	904695	905775
1638	39	905895	906975
1639	39	906975	907095
1640	39	907095	907200
Site : Svalbard
Anntenna : 2 nbContacts : 1618
	Sat 	StartTime 	EndTime 
0	5	0	125
1	5	125	445
2	5	445	1325
3	5	1325	1445
4	5	1445	2525
5	5	2525	2645
6	5	2645	3725
7	5	3725	3845
8	5	3845	4925
9	5	4925	5045
10	5	5045	6125
11	5	6125	6245
12	5	6245	7325
13	5	7325	7445
14	5	7445	8525
15	5	8525	8645
16	5	8645	9725
17	5	9725	9845
18	1	9908	10825
19	1	10825	11045
20	1	11045	11461
21	1	11461	12025
22	1	12025	12145
23	1	12145	13225
24	1	13225	13345
25	1	13345	14425
26	1	14425	14545
27	1	14545	15625
28	1	15625	15745
29	1	15745	16825
30	1	16825	16945
31	1	16945	18025
32	1	18025	18145
33	15	18375	18495
34	15	18495	19575
35	15	19575	19695
36	15	19695	20775
37	15	20775	20895
38	15	20895	21975
39	15	21975	22195
40	15	22195	23175
41	15	23175	23295
42	15	23295	24375
43	15	24375	24495
44	15	24495	24885
45	15	24885	25575
46	15	25575	25695
47	31	25975	26095
48	43	26275	26395
49	43	26395	27475
50	43	27475	27595
51	43	27595	28675
52	43	28675	28795
53	11	28879	29075
54	11	29075	29295
55	43	29395	29875
56	43	29875	30095
57	43	30095	31075
58	43	31075	31195
59	43	31195	32275
60	43	32275	32395
61	43	32395	33475
62	43	33475	33695
63	43	33695	34675
64	43	34675	34795
65	43	34795	35084
66	27	35475	35595
67	27	35595	36675
68	27	36675	36795
69	27	36795	37875
70	27	37875	37995
71	41	38225	38345
72	41	38345	39282
73	41	39282	39425
74	41	39425	39545
75	41	39545	40625
76	41	40625	40745
77	41	40745	41825
78	41	41825	41945
79	41	41945	42790
80	41	42790	43025
81	37	43045	44125
82	37	44125	44345
83	37	44345	45325
84	39	45375	45495
85	39	45495	46575
86	39	46575	46695
87	5	46925	47045
88	5	47045	48125
89	5	48125	48245
90	5	48245	49325
91	5	49325	49445
92	5	49445	49659
93	5	49659	50525
94	5	50525	50645
95	5	50645	51725
96	5	51725	51845
97	5	51845	52925
98	5	52925	53045
99	5	53045	54125
100	5	54125	54345
101	5	54345	55325
102	5	55325	55445
103	5	55445	56525
104	5	56525	56645
105	5	56645	57725
106	5	57725	57945
107	5	57945	58470
108	5	58470	58925
109	3	58995	59340
110	3	59340	60075
111	3	60075	60195
112	3	60195	61275
113	3	61275	61395
114	3	61395	62475
115	3	62475	62595
116	3	62595	63675
117	3	63675	63795
118	3	63795	64716
119	3	64716	64875
120	47	64895	65864
121	47	65864	65975
122	47	65975	66195
123	47	66195	67175
124	47	67175	67295
125	47	67295	68375
126	47	68375	68495
127	47	68495	69575
128	47	69575	69695
129	47	69695	70775
130	47	70775	70895
131	47	70895	71975
132	47	71975	72095
133	47	72095	73175
134	1	73225	73345
135	1	73345	74425
136	1	74425	74545
137	43	75174	75475
138	43	75475	75595
139	1	75625	75845
140	1	75845	76825
141	1	76825	76945
142	13	77125	77245
143	13	77245	78325
144	13	78325	78445
145	13	78445	79525
146	13	79525	79645
147	27	79813	79875
148	27	79875	79995
149	27	79995	81075
150	27	81075	81195
151	27	81195	82275
152	27	82275	82395
153	27	82395	83475
154	27	83475	83595
155	43	83875	83995
156	43	83995	84391
157	27	84675	84795
158	27	84795	85875
159	27	85875	85995
160	39	86175	86295
161	39	86295	87375
162	39	87375	87695
163	39	87695	88509
164	39	88509	88575
165	39	88575	88695
166	39	88695	89775
167	39	89775	89895
168	39	89895	90975
169	39	90975	91095
170	39	91095	92175
171	39	92175	92295
172	39	92295	93375
173	39	93375	93495
174	39	93495	94575
175	39	94575	94695
176	39	94695	95775
177	39	95775	95895
178	39	95895	96975
179	39	96975	97095
180	39	97095	98175
181	39	98175	98395
182	39	98395	98848
183	39	98848	99375
184	39	99375	99495
185	39	99495	100575
186	35	100786	101675
187	35	101675	101795
188	35	101795	102875
189	35	102875	102995
190	35	102995	104075
191	35	104075	104195
192	23	104975	105095
193	5	105725	105845
194	5	105845	106742
195	1	109225	109345
196	1	109345	109585
197	1	109585	110425
198	1	110425	110545
199	1	110545	111625
200	1	111625	111745
201	1	111745	112825
202	1	112825	112945
203	1	112945	114025
204	1	114025	114145
205	1	114145	115225
206	1	115225	115445
207	1	115445	116425
208	1	116425	116545
209	1	116545	117625
210	1	117625	117745
211	1	117745	118825
212	1	118825	119045
213	1	119045	120025
214	1	120025	120145
215	1	120145	121225
216	1	121225	121345
217	1	121345	122425
218	1	122425	122545
219	1	122545	122555
220	43	122564	123475
221	43	123475	123595
222	43	123595	124675
223	43	124675	124795
224	43	124795	125875
225	43	125875	125995
226	43	125995	127075
227	43	127075	127195
228	43	127195	128275
229	43	128275	128395
230	43	128395	129475
231	43	129475	129595
232	27	129625	130275
233	27	130275	130495
234	27	130495	131475
235	27	131475	131595
236	27	131595	132675
237	27	132675	132795
238	27	132795	133875
239	27	133875	133995
240	27	133995	135075
241	27	135075	135195
242	27	135195	136275
243	27	136275	136395
244	27	136395	136399
245	23	136634	137375
246	23	137375	137495
247	23	137495	138575
248	23	138575	138695
249	23	138695	139626
250	23	139626	139775
251	23	139775	139895
252	23	139895	140975
253	23	140975	141195
254	23	141195	142175
255	23	142175	142295
256	23	142295	143375
257	23	143375	143495
258	23	143495	144575
259	23	144575	144795
260	23	144795	145775
261	23	145775	145895
262	23	145895	146975
263	23	146975	147095
264	23	147095	148175
265	23	148175	148295
266	23	148295	149375
267	23	149375	149495
268	23	149495	150575
269	23	150575	150695
270	23	150695	150936
271	39	150975	151095
272	39	151095	152175
273	39	152175	152395
274	39	152395	153375
275	39	153375	153495
276	3	153675	153795
277	3	153795	154875
278	3	154875	154995
279	3	154995	156075
280	3	156075	156195
281	3	156195	157275
282	3	157275	157395
283	5	157445	158525
284	5	158525	158645
285	5	158645	159725
286	5	159725	159845
287	5	159845	160925
288	5	160925	161045
289	5	161045	162125
290	5	162125	162345
291	5	162345	162505
292	5	162505	163325
293	5	163325	163445
294	31	163975	164095
295	31	164095	165175
296	31	165175	165295
297	31	165295	166375
298	31	166375	166495
299	31	166495	167575
300	31	167575	167695
301	31	167695	168775
302	31	168775	168895
303	31	168895	169892
304	31	169892	169975
305	31	169975	170095
306	31	170095	171175
307	31	171175	171295
308	31	171295	172375
309	31	172375	172495
310	31	172495	173575
311	31	173575	173895
312	31	173895	174775
313	31	174775	174895
314	31	174895	175975
315	31	175975	176095
316	31	176095	176444
317	29	179328	179525
318	29	179525	179645
319	29	179645	180725
320	29	180725	180845
321	29	181925	182045
322	15	182775	182895
323	41	184279	184625
324	41	184625	184845
325	41	184845	185825
326	41	185825	185945
327	41	185945	187025
328	41	187025	187145
329	41	187145	188225
330	41	188225	188345
331	41	188345	189425
332	41	189425	189545
333	41	189545	190625
334	41	190625	190745
335	41	190745	191825
336	41	191825	191945
337	41	191945	193025
338	41	193025	193145
339	41	193145	194225
340	41	194225	194345
341	41	194345	195425
342	41	195425	195645
343	41	195645	196625
344	41	196625	196745
345	5	196925	197045
346	35	197119	197675
347	35	197675	197795
348	41	197825	197945
349	5	198125	198245
350	5	198245	199325
351	5	199325	199445
352	5	199445	199470
353	5	199470	200525
354	5	200525	200645
355	5	200645	201725
356	5	201725	201945
357	5	201945	202925
358	5	202925	203045
359	5	203045	204125
360	5	204125	204245
361	5	204245	205325
362	5	205325	205545
363	5	205545	206525
364	5	206525	206645
365	5	206645	207725
366	5	207725	207845
367	5	207845	208925
368	5	208925	209045
369	5	209045	210125
370	5	210125	210245
371	5	210245	211325
372	5	211325	211445
373	5	211445	212525
374	1	212545	213625
375	1	213625	213745
376	1	213745	214825
377	1	214825	214945
378	1	214945	216025
379	1	216025	216245
380	1	216245	217225
381	1	217225	217345
382	1	217345	218425
383	1	218425	218545
384	1	218545	219625
385	1	219625	219745
386	1	219745	220825
387	1	220825	220945
388	1	220945	222025
389	1	222025	222145
390	1	222145	223225
391	1	223225	223345
392	1	223345	224425
393	1	224425	224545
394	1	224545	225625
395	1	225625	225745
396	13	225925	226045
397	13	226045	227125
398	13	227125	227345
399	13	227345	228325
400	13	228325	228445
401	13	228445	229525
402	13	229525	229645
403	13	229645	229797
404	13	229797	230725
405	13	230725	230945
406	13	230945	231925
407	13	231925	232045
408	13	232045	233125
409	13	233125	233245
410	13	233245	234325
411	13	234325	234445
412	13	234445	235525
413	13	235525	235645
414	13	235645	236725
415	13	236725	236845
416	13	236845	237925
417	13	237925	238145
418	25	238225	238445
419	25	238445	239425
420	25	239425	239545
421	25	239545	240625
422	25	240625	240745
423	25	240745	241825
424	25	241825	241945
425	25	241945	243025
426	25	243025	243145
427	25	243145	244225
428	25	244225	244345
429	25	244345	245425
430	25	245425	245545
431	25	245545	246625
432	25	246625	246745
433	25	246745	247825
434	25	247825	247945
435	25	247945	247991
436	25	247991	249025
437	25	249025	249245
438	35	249495	249630
439	35	249630	250475
440	35	250475	250595
441	35	250595	251675
442	35	251675	251795
443	35	251795	252875
444	35	252875	252995
445	35	252995	254075
446	35	254075	254195
447	35	254195	255275
448	35	255275	255395
449	35	255395	256475
450	35	256475	256595
451	35	256595	257675
452	35	257675	257795
453	35	257795	258875
454	35	258875	258995
455	35	258995	260075
456	35	260075	260395
457	35	260395	261275
458	35	261275	261395
459	35	261395	262475
460	35	262475	262595
461	35	262595	262884
462	35	262884	263208
463	35	263208	263675
464	35	263675	263795
465	35	263795	264875
466	35	264875	264995
467	35	264995	266075
468	35	266075	266195
469	35	266195	266257
470	47	266375	266495
471	47	266495	266730
472	47	266730	267575
473	47	267575	267695
474	47	267695	268775
475	47	268775	268895
476	47	268895	269975
477	47	269975	270095
478	47	270095	271175
479	47	271175	271395
480	47	271395	272375
481	47	272375	272495
482	47	272495	273575
483	47	273575	273695
484	47	273695	274775
485	47	274775	274895
486	47	274895	275975
487	47	275975	276095
488	47	276095	277175
489	47	277175	277295
490	47	277295	277907
491	29	277925	278045
492	43	278275	278395
493	43	278395	279475
494	43	279475	279595
495	43	279595	280142
496	43	280142	280675
497	43	280675	280795
498	43	280795	281875
499	43	281875	282095
500	43	282095	283075
501	43	283075	283195
502	43	283195	284275
503	43	284275	284395
504	43	284395	285475
505	43	285475	285595
506	43	285595	286675
507	43	286675	286795
508	43	286795	287875
509	43	287875	287995
510	43	287995	288611
511	29	288725	288945
512	9	288999	289425
513	9	289425	289545
514	9	289545	290625
515	9	290625	290745
516	9	290745	291825
517	9	291825	292045
518	9	292045	293025
519	9	293025	293145
520	9	293145	294225
521	9	294225	294345
522	9	294345	295425
523	9	295425	295545
524	23	295775	295895
525	23	295895	295995
526	23	295995	296975
527	23	296975	297095
528	23	297095	298175
529	23	298175	298295
530	23	298295	299375
531	23	299375	299495
532	23	299495	300575
533	23	300575	300695
534	23	300695	301775
535	23	301775	301895
536	23	301895	302501
537	23	302501	302975
538	35	303019	303275
539	35	303275	303495
540	35	303495	304475
541	37	304525	304645
542	37	304645	305725
543	37	305725	305845
544	37	305845	306925
545	37	306925	307045
546	37	307045	308125
547	37	308125	308245
548	37	308245	309325
549	37	309325	309445
550	37	309445	310525
551	37	310525	310645
552	37	310645	311725
553	37	311725	311845
554	37	311845	312925
555	37	312925	313045
556	37	313045	313961
557	31	313975	314195
558	31	314195	315175
559	31	315175	315295
560	31	315295	316375
561	31	316375	316495
562	31	316495	317575
563	31	317575	317795
564	31	317795	318775
565	31	318775	318895
566	31	318895	319975
567	31	319975	320095
568	31	320095	321175
569	31	321175	321295
570	31	321295	322375
571	31	322375	322495
572	31	322495	323575
573	31	323575	323695
574	31	323695	324775
575	31	324775	324995
576	31	324995	325975
577	31	325975	326095
578	31	326095	327175
579	31	327175	327295
580	31	327295	328375
581	31	328375	328495
582	31	328495	329126
583	15	329175	329295
584	27	329475	329595
585	43	329875	329995
586	43	329995	330252
587	43	330252	331075
588	43	331075	331195
589	43	331195	332275
590	43	332275	332395
591	43	332395	333475
592	43	333475	333595
593	43	333595	334675
594	43	334675	334795
595	43	334795	335875
596	43	335875	336095
597	43	336095	337000
598	13	337525	337645
599	13	337645	338725
600	13	338725	338845
601	13	338845	339925
602	13	339925	340045
603	25	340225	340345
604	25	340345	341425
605	25	341425	341545
606	9	341590	342225
607	9	342225	342345
608	25	342625	342745
609	25	342745	343825
610	25	343825	343945
611	25	343945	345025
612	25	345025	345145
613	25	345145	346225
614	25	346225	346545
615	25	346545	347425
616	25	347425	347545
617	25	347545	348625
618	25	348625	348745
619	25	348745	349825
620	25	349825	349945
621	25	349945	351025
622	25	351025	351145
623	35	351275	351395
624	35	351395	352475
625	35	352475	352595
626	35	352595	353675
627	35	353675	353795
628	35	353795	354875
629	35	354875	354995
630	35	354995	355450
631	35	355450	356075
632	35	356075	356195
633	35	356195	357275
634	35	357275	357495
635	35	357495	358475
636	35	358475	358595
637	35	358595	359675
638	35	359675	359795
639	35	359795	360875
640	35	360875	360995
641	35	360995	362075
642	35	362075	362195
643	35	362195	363275
644	35	363275	363395
645	35	363395	364475
646	35	364475	364595
647	35	364595	365675
648	35	365675	365795
649	35	365795	366875
650	35	366875	366995
651	47	367175	367295
652	47	367295	368375
653	47	368375	368595
654	47	368595	369575
655	47	369575	369695
656	47	369695	370277
657	47	370277	370775
658	47	370775	370895
659	47	370895	371975
660	47	371975	372095
661	13	372197	372325
662	15	372375	372495
663	15	372495	373575
664	15	373575	373695
665	15	373695	374775
666	15	374775	374995
667	15	374995	375975
668	15	375975	376095
669	15	376095	377175
670	15	377175	377295
671	15	377295	378375
672	15	378375	378595
673	29	378725	378945
674	29	378945	379925
675	29	379925	380045
676	29	380045	381125
677	29	381125	381245
678	29	381245	382325
679	29	382325	382445
680	29	382445	382779
681	11	383075	383195
682	27	383247	383475
683	27	383475	383595
684	27	383595	384675
685	27	384675	384795
686	27	384795	385875
687	27	385875	385995
688	27	385995	387075
689	27	387075	387195
690	27	387195	388275
691	27	388275	388395
692	27	388395	389475
693	27	389475	389695
694	27	389695	390211
695	27	390211	390675
696	27	390675	390795
697	23	390812	391775
698	23	391775	391895
699	23	391895	392975
700	23	392975	393095
701	23	393095	394175
702	23	394175	394295
703	23	394295	395375
704	23	395375	395495
705	23	395495	396575
706	23	396575	396695
707	23	396695	397775
708	23	397775	397895
709	23	397895	398975
710	23	398975	399095
711	23	399095	400175
712	23	400175	400395
713	23	400395	401375
714	23	401375	401495
715	23	401495	402575
716	23	402575	402695
717	23	402695	403775
718	23	403775	403995
719	23	403995	404012
720	23	404012	404695
721	23	404695	404975
722	23	404975	405095
723	37	405325	405445
724	37	405445	406525
725	37	406525	406645
726	37	406645	407725
727	37	407725	407845
728	37	407845	408925
729	37	408925	409045
730	37	409045	410125
731	37	410125	410245
732	37	410245	411325
733	37	411325	411545
734	37	411545	412525
735	37	412525	412645
736	37	412645	413725
737	37	413725	413845
738	37	413845	414183
739	3	414195	415275
740	3	415275	415395
741	3	415395	416475
742	3	416475	416595
743	3	416595	417675
744	3	417675	417795
745	3	417795	418875
746	3	418875	418995
747	3	418995	420075
748	3	420075	420195
749	45	420230	420557
750	45	420557	421125
751	45	421125	421245
752	45	421245	422325
753	45	422325	422545
754	45	422545	423525
755	45	423525	423645
756	45	423645	424725
757	45	424725	424845
758	45	424845	425925
759	45	425925	426045
760	45	426045	427125
761	45	427125	427245
762	45	427245	428325
763	45	428325	428445
764	45	428445	429525
765	45	429525	429645
766	45	429645	430725
767	45	430725	430845
768	13	430863	431125
769	13	431125	431245
770	13	431245	432325
771	13	432325	432645
772	13	432645	433320
773	13	433320	433525
774	15	433575	433695
775	15	433695	434775
776	15	434775	434895
777	15	434895	435975
778	15	435975	436095
779	25	436225	436345
780	25	436345	437425
781	25	437425	437545
782	25	437545	438625
783	29	438725	438845
784	29	438845	439925
785	29	439925	440045
786	29	440045	441125
787	25	441145	442225
788	9	442252	443025
789	9	443025	443245
790	9	443245	444225
791	9	444225	444345
792	9	444345	445425
793	9	445425	445545
794	9	445545	446625
795	9	446625	446745
796	9	446745	447825
797	9	447825	447945
798	23	448175	448295
799	23	448295	449375
800	23	449375	449495
801	5	449841	450125
802	5	450125	450245
803	5	450245	451325
804	5	451325	451445
805	5	451445	452525
806	5	452525	452645
807	5	452645	453725
808	5	453725	453945
809	5	453945	454925
810	5	454925	455045
811	5	455045	456125
812	5	456125	456245
813	5	456245	457325
814	5	457325	457445
815	5	457445	458525
816	5	458525	458645
817	5	458645	459725
818	5	459725	459845
819	5	459845	460925
820	5	460925	461145
821	5	461145	462125
822	5	462125	462245
823	5	462245	463325
824	5	463325	463445
825	5	463445	463501
826	5	463501	463648
827	5	463648	464525
828	5	464525	464745
829	21	464925	465145
830	33	465225	465445
831	33	465445	466425
832	33	466425	466545
833	33	466545	467625
834	33	467625	467745
835	33	467745	468825
836	33	468825	468945
837	33	468945	470025
838	33	470025	470145
839	33	470145	471225
840	33	471225	471345
841	33	471345	472425
842	33	472425	472545
843	33	472545	473573
844	33	473573	473625
845	33	473625	473745
846	47	473975	474095
847	13	474325	474445
848	13	474445	475289
849	13	475289	475525
850	13	475525	475745
851	13	475745	476725
852	13	476725	476845
853	29	476918	477125
854	29	477125	477245
855	29	477245	478325
856	29	478325	478445
857	29	478445	479525
858	29	479525	479645
859	29	479645	480725
860	29	480725	480845
861	29	480845	481925
862	29	481925	482045
863	29	482045	483125
864	29	483125	483245
865	29	483245	484325
866	29	484325	484445
867	29	484445	485426
868	25	485545	486625
869	25	486625	486845
870	29	486945	487925
871	29	487925	488045
872	29	488045	488714
873	13	488725	488845
874	13	488845	489268
875	13	489268	489925
876	13	489925	490145
877	41	490288	490625
878	41	490625	490845
879	41	490845	491825
880	41	491825	491945
881	41	491945	493025
882	41	493025	493145
883	41	493145	493313
884	41	493313	494225
885	39	494295	494403
886	39	494403	495375
887	39	495375	495495
888	9	495825	495945
889	9	495945	497025
890	9	497025	497245
891	9	497245	498225
892	9	498225	498345
893	9	498345	499425
894	9	499425	499545
895	9	499545	500480
896	9	500480	500625
897	9	500625	500745
898	21	500925	501045
899	37	501325	501445
900	37	501445	502525
901	37	502525	502645
902	37	502645	503725
903	37	503725	503845
904	37	503845	504925
905	37	504925	505045
906	37	505045	506125
907	37	506125	506245
908	37	506245	507325
909	37	507325	507445
910	37	507445	507995
911	37	507995	508525
912	37	508525	508745
913	37	508745	509725
914	37	509725	509845
915	37	509845	510925
916	37	510925	511045
917	37	511045	512125
918	37	512125	512245
919	3	512290	512475
920	3	512475	512595
921	3	512595	512873
922	3	512873	513675
923	3	513675	513795
924	3	513795	514875
925	3	514875	514995
926	3	514995	516075
927	3	516075	516195
928	3	516195	517275
929	3	517275	517395
930	3	517395	518475
931	3	518475	518795
932	3	518795	519675
933	3	519675	519795
934	1	519987	520825
935	1	520825	520945
936	1	520945	522025
937	1	522025	522145
938	1	522145	523225
939	1	523225	523345
940	1	523345	524425
941	1	524425	524545
942	1	524545	525625
943	1	525625	525745
944	1	525745	526825
945	1	526825	526945
946	1	526945	528025
947	1	528025	528145
948	15	528375	528495
949	29	528725	528845
950	1	529225	529445
951	15	529575	529795
952	15	529795	530775
953	15	530775	530895
954	13	530918	531925
955	13	531925	532045
956	13	532045	533125
957	13	533125	533245
958	13	533245	534325
959	13	534325	534445
960	13	534445	535525
961	13	535525	535645
962	29	535925	536045
963	41	536225	536345
964	13	536725	536845
965	13	536845	537532
966	41	537545	538625
967	41	538625	538745
968	41	538745	539825
969	41	539825	539945
970	41	539945	540646
971	41	540646	541025
972	41	541025	541245
973	41	541245	542225
974	41	542225	542345
975	41	542345	543425
976	41	543425	543545
977	41	543545	544625
978	41	544625	544745
979	41	544745	545825
980	41	545825	545945
981	41	545945	547025
982	41	547025	547145
983	41	547145	548187
984	41	548187	548225
985	41	548225	548445
986	41	548445	549425
987	41	549425	549545
988	41	549545	550625
989	41	550625	550745
990	9	551025	551245
991	9	551245	552096
992	5	552125	552245
993	5	552245	553325
994	5	553325	553445
995	5	553445	554525
996	5	554525	554645
997	5	554645	555725
998	5	555725	555845
999	5	555845	556089
1000	5	556089	556925
1001	5	556925	557045
1002	5	557045	558125
1003	5	558125	558245
1004	5	558245	559325
1005	5	559325	559445
1006	5	559445	560525
1007	5	560525	560645
1008	3	560723	561675
1009	3	561675	561895
1010	3	561895	562875
1011	3	562875	562995
1012	3	562995	564075
1013	3	564075	564195
1014	3	564195	565275
1015	3	565275	565395
1016	3	565395	566475
1017	3	566475	566595
1018	3	566595	567675
1019	3	567675	567795
1020	3	567795	568875
1021	3	568875	568995
1022	3	568995	570075
1023	3	570075	570195
1024	3	570195	571275
1025	3	571275	571395
1026	3	571395	572475
1027	3	572475	572695
1028	3	572695	573125
1029	3	573125	573675
1030	3	573675	573795
1031	3	573795	574875
1032	3	574875	574995
1033	15	575175	575295
1034	15	575295	576375
1035	15	576375	576595
1036	15	576595	577575
1037	15	577575	577695
1038	15	577695	578775
1039	15	578775	578895
1040	15	578895	579975
1041	15	579975	580095
1042	29	580325	580445
1043	29	580445	581525
1044	29	581525	581645
1045	29	581645	582725
1046	29	582725	582845
1047	29	582845	583925
1048	29	583925	584145
1049	29	584145	585125
1050	29	585125	585245
1051	29	585245	586325
1052	29	586325	586445
1053	29	586445	587525
1054	29	587525	587645
1055	29	587645	588725
1056	29	588725	588845
1057	29	588845	589204
1058	41	589800	590225
1059	41	590225	590345
1060	41	590345	591425
1061	41	591425	591545
1062	41	591545	592625
1063	41	592625	592745
1064	39	592823	593775
1065	39	593775	593895
1066	39	593895	594975
1067	39	594975	595195
1068	11	595475	595595
1069	11	595595	596675
1070	11	596675	596795
1071	23	596975	597095
1072	23	597095	598175
1073	23	598175	598295
1074	23	598295	599375
1075	23	599375	599495
1076	23	599495	600575
1077	23	600575	600695
1078	23	600695	601775
1079	23	601775	601895
1080	23	601895	602975
1081	23	602975	603095
1082	23	603095	604175
1083	23	604175	604295
1084	23	604295	605375
1085	23	605375	605695
1086	23	605695	606575
1087	23	606575	606695
1088	23	606695	607236
1089	23	607236	607775
1090	23	607775	607895
1091	23	607895	608975
1092	23	608975	609095
1093	23	609095	610175
1094	23	610175	610295
1095	23	610295	611375
1096	23	611375	611495
1097	35	611675	611795
1098	35	611795	612875
1099	35	612875	612995
1100	35	612995	614075
1101	35	614075	614195
1102	35	614195	615275
1103	35	615275	615395
1104	35	615395	616475
1105	35	616475	616695
1106	35	616695	617675
1107	35	617675	617795
1108	35	617795	618875
1109	35	618875	618995
1110	35	618995	619021
1111	1	619178	619225
1112	1	619225	619345
1113	1	619345	620425
1114	1	620425	620545
1115	1	620545	621625
1116	1	621625	621745
1117	1	621745	622825
1118	1	622825	622945
1119	1	622945	624025
1120	1	624025	624145
1121	1	624145	625225
1122	1	625225	625345
1123	1	625345	626425
1124	1	626425	626645
1125	1	626645	627625
1126	1	627625	627745
1127	13	627925	628045
1128	13	628045	629125
1129	13	629125	629245
1130	13	629245	630251
1131	13	630251	630325
1132	13	630325	630445
1133	13	630445	631525
1134	13	631525	631645
1135	13	631645	632725
1136	13	632725	632845
1137	13	632845	633925
1138	13	633925	634145
1139	13	634145	635125
1140	13	635125	635245
1141	13	635245	636325
1142	13	636325	636445
1143	13	636445	637525
1144	13	637525	637745
1145	13	637745	638725
1146	13	638725	638845
1147	13	638845	639925
1148	13	639925	640045
1149	13	640045	640994
1150	11	641075	641195
1151	11	641195	642275
1152	11	642275	642395
1153	11	642395	643475
1154	11	643475	643595
1155	11	643595	644675
1156	11	644675	644795
1157	11	644795	645875
1158	11	645875	645995
1159	11	645995	647075
1160	11	647075	647195
1161	11	648275	648495
1162	11	648495	648855
1163	39	648975	649195
1164	41	649245	650225
1165	41	650225	650345
1166	21	650366	650925
1167	21	650925	651045
1168	21	651045	652125
1169	21	652125	652245
1170	21	652245	653325
1171	21	653325	653445
1172	21	653445	654525
1173	21	654525	654645
1174	21	654645	655725
1175	21	655725	655845
1176	21	655845	656925
1177	21	656925	657045
1178	21	657045	658125
1179	21	658125	658245
1180	21	658245	659325
1181	21	659325	659545
1182	21	659545	660525
1183	21	660525	660645
1184	21	660645	661725
1185	21	661725	661845
1186	21	661845	662925
1187	21	662925	663145
1188	21	663145	664125
1189	21	664125	664245
1190	3	669895	670319
1191	3	670319	670875
1192	3	670875	670995
1193	3	672075	672195
1194	3	672195	673275
1195	3	673275	673395
1196	3	673395	674022
1197	1	675745	676825
1198	1	676825	676945
1199	15	677175	677295
1200	15	677295	678375
1201	15	678495	679575
1202	15	679575	679695
1203	43	679782	680275
1204	43	680275	680395
1205	43	680395	680398
1206	43	680398	681475
1207	43	681475	681695
1208	43	681695	682675
1209	43	682675	682795
1210	1	682945	683739
1211	43	683875	683995
1212	43	683995	685075
1213	43	685075	685195
1214	1	685225	685345
1215	13	685525	685645
1216	13	685645	686725
1217	13	686725	686845
1218	13	686845	687925
1219	13	687925	688045
1220	13	688045	689125
1221	15	689175	689295
1222	25	689425	689545
1223	41	689825	689945
1224	41	689945	689980
1225	41	689980	691025
1226	41	691025	691145
1227	41	691145	692225
1228	41	692225	692545
1229	41	692545	693425
1230	41	693425	693545
1231	41	693545	694625
1232	41	694625	694745
1233	41	694745	695825
1234	41	695825	695945
1235	41	695945	697025
1236	41	697025	697145
1237	9	697422	697425
1238	9	697425	697545
1239	9	697545	698625
1240	9	698625	698745
1241	23	698975	699095
1242	23	699095	700175
1243	23	700175	700295
1244	23	700295	701375
1245	23	701375	701495
1246	23	701495	702575
1247	23	702575	702795
1248	23	702795	703775
1249	23	703775	703895
1250	23	703895	704975
1251	23	704975	705095
1252	23	705095	706175
1253	23	706175	706295
1254	23	706295	707375
1255	23	707375	707495
1256	35	707675	707795
1257	35	707795	708875
1258	35	708875	708995
1259	3	709208	709275
1260	3	709275	709395
1261	3	709395	710475
1262	3	710475	710595
1263	3	710595	711675
1264	3	711675	711795
1265	3	711795	712875
1266	3	712875	713095
1267	3	713095	714075
1268	3	714075	714195
1269	3	714195	715275
1270	3	715275	715395
1271	3	715395	716475
1272	3	716475	716595
1273	3	716595	717675
1274	3	717675	717795
1275	3	717795	718875
1276	3	718875	718995
1277	3	718995	720075
1278	3	720075	720295
1279	3	720295	721275
1280	3	721275	721395
1281	3	721395	722475
1282	3	722475	722595
1283	3	722595	723150
1284	3	723150	723675
1285	3	723675	723895
1286	15	723975	724195
1287	15	724195	725175
1288	15	725175	725295
1289	15	725295	726375
1290	15	726375	726495
1291	15	726495	727133
1292	15	727133	727575
1293	15	727575	727695
1294	15	727695	728775
1295	15	728775	728895
1296	15	728895	729975
1297	15	729975	730095
1298	29	730325	730445
1299	29	730445	731525
1300	29	731525	731645
1301	29	731645	732725
1302	29	732725	732845
1303	47	733175	733295
1304	47	733295	733778
1305	47	733778	734375
1306	47	734375	734495
1307	47	734495	735575
1308	47	735575	735795
1309	27	735957	736275
1310	27	736275	736395
1311	27	736395	737475
1312	27	737475	737595
1313	27	737595	738675
1314	27	738675	738795
1315	27	738795	739875
1316	27	739875	739995
1317	27	739995	741075
1318	27	741075	741195
1319	27	741195	742275
1320	27	742275	742395
1321	27	742395	743475
1322	27	743475	743595
1323	27	743595	744675
1324	27	744675	744795
1325	27	744795	745442
1326	27	745442	745875
1327	27	745875	746095
1328	27	746095	747075
1329	27	747075	747195
1330	39	747375	747495
1331	39	747495	748575
1332	39	748575	748695
1333	39	748695	749775
1334	39	749775	749995
1335	39	749995	750203
1336	39	750203	750975
1337	39	750975	751095
1338	39	751095	752175
1339	39	752175	752295
1340	39	752295	753375
1341	39	753375	753495
1342	39	753495	753636
1343	39	753636	754575
1344	39	754575	754695
1345	39	754695	755775
1346	39	755775	755895
1347	39	755895	756975
1348	39	756975	757195
1349	39	757195	758175
1350	39	758175	758295
1351	39	758295	759375
1352	39	759375	759495
1353	39	759495	760575
1354	39	760575	760695
1355	35	761047	761675
1356	35	761675	761795
1357	35	761795	762875
1358	35	762875	762995
1359	35	762995	764075
1360	35	764075	764195
1361	35	764195	765275
1362	35	765275	765395
1363	35	765395	766475
1364	35	766475	766595
1365	35	766595	767675
1366	35	767675	767895
1367	35	767895	768875
1368	35	768875	768995
1369	35	768995	770075
1370	35	770075	770195
1371	35	770195	771275
1372	31	771295	772375
1373	31	772375	772495
1374	31	772495	773575
1375	31	773575	773695
1376	31	773695	774775
1377	31	774775	774895
1378	31	774895	775975
1379	31	775975	776095
1380	31	776095	777175
1381	31	777175	777295
1382	31	777295	778375
1383	31	778375	778695
1384	31	778695	779575
1385	31	779575	779695
1386	31	779695	780462
1387	31	780462	780775
1388	31	780775	780895
1389	31	780895	781975
1390	31	781975	782095
1391	31	782095	783175
1392	31	783175	783295
1393	31	783295	784375
1394	31	784375	784495
1395	31	784495	785193
1396	31	785193	785575
1397	43	785875	785995
1398	43	785995	786243
1399	43	786243	787075
1400	43	787075	787195
1401	43	787195	788275
1402	43	788275	788395
1403	43	788395	789475
1404	43	789475	789695
1405	43	789695	790675
1406	43	790675	790795
1407	43	790795	791875
1408	43	791875	791995
1409	43	791995	793075
1410	43	793075	793195
1411	43	793195	794275
1412	43	794275	794395
1413	43	794395	795475
1414	43	795475	795595
1415	43	795595	796675
1416	43	796675	796795
1417	43	796795	797875
1418	43	797875	797995
1419	43	797995	798775
1420	37	798799	798925
1421	37	798925	799045
1422	37	799045	800125
1423	37	800125	800345
1424	9	800625	800745
1425	9	800745	801825
1426	9	801825	801945
1427	9	801945	803025
1428	9	803025	803145
1429	9	803145	804225
1430	9	804225	804345
1431	9	804345	804967
1432	37	805045	806125
1433	37	806125	806245
1434	37	806245	807325
1435	37	807325	807545
1436	37	807545	808525
1437	37	808525	808645
1438	37	808645	809725
1439	37	809725	809845
1440	37	809845	810441
1441	37	810441	810925
1442	37	810925	811145
1443	37	811145	812125
1444	37	812125	812245
1445	37	812245	813325
1446	37	813325	813445
1447	37	813445	814525
1448	37	814525	814645
1449	37	814645	814941
1450	37	814941	815725
1451	3	815751	816075
1452	3	816075	816195
1453	3	816195	817275
1454	3	817275	817395
1455	3	817395	818475
1456	3	818475	818595
1457	3	818595	819675
1458	3	819675	819795
1459	3	819795	820875
1460	3	820875	821095
1461	3	821095	822075
1462	3	822075	822195
1463	3	822195	823275
1464	3	823275	823395
1465	3	823395	824475
1466	3	824475	824595
1467	3	824595	825675
1468	3	825675	825795
1469	3	825795	826875
1470	3	826875	826995
1471	3	826995	828075
1472	3	828075	828195
1473	15	828375	828495
1474	15	828495	829575
1475	15	829575	829695
1476	15	829695	830775
1477	15	830775	830895
1478	15	830895	831019
1479	15	831019	831975
1480	15	831975	832195
1481	15	832195	833175
1482	15	833175	833295
1483	27	833475	833595
1484	15	834375	834495
1485	15	835575	835795
1486	15	835795	836775
1487	15	836775	836895
1488	15	836895	837395
1489	15	837395	837975
1490	15	837975	838095
1491	13	840445	840494
1492	13	840494	841525
1493	13	841525	841645
1494	13	841645	842725
1495	13	842725	842945
1496	13	842945	843925
1497	13	843925	844045
1498	13	844045	844695
1499	9	845025	845145
1500	25	845232	845425
1501	25	845425	845545
1502	25	845545	846625
1503	25	846625	846745
1504	25	846745	847825
1505	25	847825	847945
1506	25	847945	849025
1507	25	849025	849145
1508	25	849145	850225
1509	25	850225	850345
1510	25	850345	851425
1511	25	851425	851545
1512	25	851545	852625
1513	25	852625	852745
1514	25	852745	853825
1515	25	853825	854045
1516	25	854045	855025
1517	25	855025	855145
1518	25	855145	856225
1519	25	856225	856345
1520	35	856411	856475
1521	35	856475	856595
1522	35	856595	857675
1523	35	857675	857795
1524	35	857795	858875
1525	35	858875	858995
1526	35	858995	860075
1527	35	860075	860195
1528	35	860195	860596
1529	35	860596	861275
1530	35	861275	861395
1531	5	861649	861725
1532	5	861725	861845
1533	5	861845	862925
1534	5	862925	863045
1535	5	863045	864097
1536	5	864097	864125
1537	5	864125	864445
1538	23	864575	864895
1539	23	864895	865775
1540	23	865775	865895
1541	23	865895	866581
1542	3	866595	867675
1543	3	867675	867795
1544	3	867795	868633
1545	3	868633	868875
1546	3	868875	868995
1547	3	868995	870075
1548	3	870075	870195
1549	3	870195	871275
1550	3	871275	871395
1551	3	871395	872475
1552	3	872475	872595
1553	3	872595	873493
1554	3	873493	873675
1555	3	873675	873795
1556	31	873890	874375
1557	31	874375	874495
1558	31	874495	875575
1559	31	875575	875795
1560	31	875795	876775
1561	31	876775	876895
1562	31	876895	877975
1563	31	877975	878095
1564	31	878095	879175
1565	31	879175	879295
1566	45	879525	879645
1567	45	879645	880725
1568	45	880725	880845
1569	45	880845	881003
1570	45	881003	881925
1571	45	881925	882045
1572	45	882045	883125
1573	45	883125	883245
1574	45	883245	884325
1575	45	884325	884445
1576	45	884445	885525
1577	45	885525	885645
1578	45	885645	886725
1579	45	886725	886945
1580	45	886945	887925
1581	45	887925	888045
1582	45	888045	889125
1583	45	889125	889245
1584	45	889245	890325
1585	45	890325	890445
1586	45	890445	890756
1587	15	890775	890895
1588	15	890895	891288
1589	41	891425	891545
1590	11	891875	891995
1591	11	891995	893075
1592	11	893075	893295
1593	11	893295	894275
1594	11	894275	894395
1595	11	894395	895475
1596	11	895475	895595
1597	29	895925	896045
1598	39	896175	896295
1599	9	896625	896845
1600	9	896845	897825
1601	9	897825	897945
1602	9	897945	898101
1603	9	898101	899025
1604	9	899025	899145
1605	9	899145	900225
1606	9	900225	900345
1607	9	900345	901425
1608	9	901425	901545
1609	9	901545	902625
1610	9	902625	902745
1611	9	902745	903825
1612	9	903825	903945
1613	9	903945	905025
1614	9	905025	905145
1615	9	905145	906225
1616	9	906225	906345
1617	9	906345	907200
Site : Svalbard
Anntenna : 3 nbContacts : 1646
	Sat 	StartTime 	EndTime 
0	21	0	525
1	21	525	845
2	21	845	1725
3	21	1725	1845
4	21	1845	2925
5	21	2925	3045
6	21	3045	4125
7	21	4125	4245
8	21	4245	5325
9	21	5325	5445
10	21	5445	6525
11	21	6525	6645
12	21	6645	7725
13	21	7725	7845
14	35	8075	8195
15	35	8195	9275
16	35	9275	9395
17	35	9395	9682
18	35	9682	10475
19	47	10775	10895
20	5	10925	11145
21	5	11145	12125
22	5	12125	12245
23	35	12297	12875
24	35	12875	12995
25	45	13125	13245
26	3	13275	13395
27	3	13395	14475
28	3	14475	14595
29	3	14595	15675
30	3	15675	15795
31	3	15795	15912
32	15	16095	16896
33	15	16896	17175
34	15	17175	17295
35	33	17625	17745
36	33	17745	18825
37	33	18825	18945
38	13	19075	19525
39	13	19525	19645
40	13	19645	20725
41	13	20725	20845
42	13	20845	21925
43	13	21925	22145
44	13	22145	23125
45	13	23125	23245
46	13	23245	24325
47	13	24325	24445
48	13	24445	25525
49	13	25525	25645
50	13	25645	26725
51	13	26725	26845
52	13	26845	27925
53	13	27925	28045
54	13	28045	29125
55	13	29125	29345
56	13	29345	30325
57	13	30325	30445
58	13	30445	31525
59	13	31525	31645
60	13	31645	32706
61	13	32706	32725
62	13	32725	32945
63	25	33025	33245
64	25	33245	33879
65	25	33879	34225
66	25	34225	34345
67	25	34345	35425
68	25	35425	35545
69	25	35545	36550
70	25	36550	36625
71	25	36625	36745
72	25	36745	37825
73	25	37825	37945
74	25	37945	39025
75	25	39025	39145
76	25	39145	40225
77	25	40225	40345
78	25	40345	41425
79	25	41425	41545
80	25	41545	41991
81	25	41991	42625
82	25	42625	42745
83	25	42745	43825
84	25	43825	44045
85	25	44045	44554
86	5	44645	45725
87	5	45725	45845
88	21	46112	46125
89	21	46125	46245
90	21	46245	47325
91	21	47325	47445
92	21	47445	48525
93	21	48525	48645
94	21	48645	49725
95	21	49725	49845
96	21	49845	50925
97	21	50925	51045
98	21	51045	52125
99	21	52125	52245
100	21	52245	53325
101	21	53325	53445
102	21	53445	54525
103	21	54525	54745
104	21	54745	55725
105	21	55725	55845
106	21	55845	56925
107	21	56925	57045
108	21	57045	57904
109	21	57904	58125
110	21	58125	58345
111	33	58425	58645
112	33	58645	59500
113	33	59500	59625
114	33	59625	59745
115	33	59745	60825
116	33	60825	60945
117	33	60945	62025
118	33	62025	62145
119	33	62145	62534
120	33	62534	63225
121	33	63225	63345
122	33	63345	64425
123	33	64425	64545
124	33	64545	65625
125	33	65625	65845
126	1	66025	66145
127	1	66145	67225
128	1	67225	67345
129	1	67345	68425
130	1	68425	68545
131	1	68545	69625
132	1	69625	69745
133	1	69745	70825
134	1	70825	70945
135	1	70945	72025
136	1	72025	72145
137	1	72145	72641
138	29	72725	72845
139	29	72845	73925
140	29	73925	74045
141	29	74045	75125
142	29	75125	75245
143	29	75245	76325
144	29	76325	76545
145	45	76725	76945
146	45	76945	77203
147	27	77475	77595
148	27	77595	78675
149	27	78675	78795
150	41	79025	79145
151	41	79145	79525
152	41	79525	80225
153	41	80225	80345
154	41	80345	81425
155	41	81425	81545
156	41	81545	82625
157	41	82625	82745
158	41	82745	83825
159	41	83825	83945
160	41	83945	85025
161	41	85025	85145
162	41	85145	86225
163	41	86225	86345
164	41	86345	87425
165	41	87425	87745
166	41	87745	88625
167	41	88625	88745
168	37	88810	89725
169	41	89825	89945
170	41	89945	91025
171	41	91025	91145
172	41	91145	91771
173	23	91775	91895
174	23	91895	92975
175	23	92975	93095
176	23	93095	94175
177	23	94175	94295
178	23	94295	95375
179	23	95375	95495
180	23	95495	96575
181	23	96575	96695
182	23	96695	97775
183	23	97775	97995
184	23	97995	98975
185	23	98975	99095
186	23	99095	100175
187	23	100175	100295
188	23	100295	100617
189	23	100617	101375
190	23	101375	101495
191	23	101495	102575
192	23	102575	102695
193	23	102695	103775
194	23	103775	103895
195	3	104215	104475
196	3	104475	104595
197	3	104595	105675
198	3	105675	105795
199	3	106875	106995
200	3	108075	108295
201	3	108295	109275
202	3	109275	109395
203	3	109395	110475
204	3	110475	110595
205	3	110595	111675
206	3	111675	111795
207	3	111795	112875
208	3	112875	112995
209	3	112995	114075
210	3	114075	114195
211	15	114375	114495
212	15	114495	115575
213	15	115575	115795
214	15	115795	116775
215	15	116775	116895
216	15	116895	117975
217	15	117975	118095
218	15	118095	118271
219	15	118271	119175
220	15	119175	119395
221	15	119395	120375
222	15	120375	120495
223	15	120495	121575
224	15	121575	121695
225	15	121695	122775
226	15	122775	122895
227	15	122895	123975
228	15	123975	124095
229	15	124095	125175
230	15	125175	125295
231	15	125295	126375
232	15	126375	126495
233	15	126495	127575
234	15	127575	127695
235	15	127695	128596
236	11	128675	128795
237	11	128795	129875
238	11	129875	130095
239	11	130095	131075
240	11	131075	131195
241	11	131195	132275
242	11	132275	132395
243	11	132395	133475
244	11	133475	133595
245	11	133595	134675
246	11	134675	134795
247	11	134795	135875
248	11	135875	135995
249	11	135995	137075
250	11	137075	137195
251	11	137195	138275
252	11	138275	138395
253	11	138395	139475
254	11	139475	139595
255	11	139595	140675
256	11	140675	140895
257	11	140895	141875
258	11	141875	141995
259	11	141995	142316
260	39	142575	142695
261	39	142695	142793
262	39	142793	143775
263	39	143775	143895
264	39	143895	144975
265	39	144975	145195
266	39	145195	146175
267	39	146175	146295
268	39	146295	147375
269	39	147375	147495
270	39	147495	148575
271	39	148575	148695
272	39	148695	149775
273	39	149775	149895
274	5	150125	150245
275	5	150245	151325
276	5	151325	151545
277	5	151545	152525
278	5	152525	152645
279	35	152750	153275
280	35	153275	153395
281	35	153395	154475
282	35	154475	154595
283	35	154595	155675
284	35	155675	155795
285	35	155795	156875
286	35	156875	156995
287	35	156995	158075
288	35	158075	158195
289	35	158195	159275
290	35	159275	159395
291	35	159395	160257
292	35	160257	160475
293	35	160475	160595
294	35	160595	161675
295	35	161675	161795
296	35	161795	162767
297	35	162767	162875
298	35	162875	163095
299	47	163175	163395
300	47	163395	164375
301	47	164375	164495
302	47	164495	165575
303	47	165575	165695
304	47	165695	166775
305	47	166775	166895
306	47	166895	167975
307	47	167975	168095
308	47	168095	169175
309	47	169175	169295
310	47	169295	170375
311	47	170375	170495
312	47	170495	171575
313	47	171575	171695
314	47	171695	172775
315	47	172775	172895
316	47	172895	173716
317	47	173716	173975
318	47	174644	175175
319	47	175175	175295
320	47	175295	176375
321	43	177736	178675
322	43	178675	178795
323	43	179875	179995
324	43	179995	181075
325	43	181075	181195
326	43	181195	182275
327	43	182275	182395
328	43	182395	183475
329	43	183475	183595
330	43	183595	184675
331	43	184675	184895
332	43	184895	185875
333	43	185875	185995
334	43	185995	187075
335	43	187075	187195
336	13	187525	187645
337	25	187825	187945
338	25	187945	189025
339	25	189025	189145
340	25	189145	190225
341	27	190275	190395
342	27	190395	191475
343	27	191475	191595
344	27	191595	192601
345	27	192675	192795
346	27	192795	193875
347	27	193875	193995
348	39	194175	194295
349	39	194295	195375
350	39	195375	195595
351	39	195595	196575
352	39	196575	196695
353	39	196695	197775
354	39	197775	197895
355	39	197895	198975
356	39	198975	199095
357	39	199095	200175
358	39	200175	200295
359	39	200295	200645
360	39	200645	201375
361	39	201375	201495
362	39	201495	202575
363	39	202575	202795
364	39	202795	203775
365	39	203775	203895
366	3	204075	204195
367	3	204195	205275
368	3	205275	205495
369	3	205495	206475
370	3	206475	206595
371	3	206595	207427
372	3	207427	207675
373	3	207675	207795
374	3	207795	208875
375	3	208875	208995
376	3	208995	210075
377	3	210075	210195
378	3	210195	211275
379	3	211275	211395
380	3	211395	212475
381	3	212475	212595
382	3	212595	213675
383	3	213675	213795
384	3	213795	214875
385	3	214875	214995
386	3	214995	216075
387	3	216075	216295
388	3	216295	217275
389	3	217275	217395
390	3	217395	218074
391	33	218145	219225
392	33	219225	219345
393	35	219395	219517
394	29	219570	220325
395	29	220325	220445
396	29	220445	221525
397	29	221525	221645
398	29	221645	222725
399	29	222725	222845
400	29	222845	223925
401	29	223925	224045
402	29	224045	225125
403	29	225125	225245
404	29	225245	226325
405	29	226325	226445
406	29	226445	227525
407	29	227525	227745
408	29	227745	228725
409	29	228725	228845
410	29	228845	229925
411	29	229925	230045
412	29	230045	231125
413	29	231125	231345
414	29	231345	232325
415	29	232325	232445
416	29	232445	233361
417	29	233361	233400
418	25	233425	233545
419	25	233545	234625
420	25	234625	234745
421	25	234745	235825
422	25	235825	235945
423	25	235945	237025
424	25	237025	237145
425	41	237153	237425
426	41	237425	237545
427	41	237545	238625
428	41	238625	238845
429	41	238845	239825
430	41	239825	239945
431	41	239945	241025
432	41	241025	241145
433	41	241145	242225
434	41	242225	242345
435	41	242345	242346
436	11	242675	242795
437	11	242795	243240
438	41	243425	243545
439	41	243545	244625
440	41	244625	244745
441	41	244745	245681
442	37	245725	245845
443	37	245845	246885
444	37	246885	246925
445	37	246925	247045
446	37	247045	248125
447	37	248125	248245
448	37	248245	249325
449	37	249325	249545
450	37	249545	250525
451	37	250525	250645
452	37	250645	251725
453	37	251725	251845
454	37	251845	252925
455	37	252925	253045
456	37	253045	254125
457	37	254125	254245
458	37	254245	255176
459	37	255176	255325
460	37	255325	255445
461	37	255445	256525
462	33	256545	257625
463	33	257625	257745
464	33	257745	258825
465	33	258825	258945
466	33	258945	259197
467	33	259197	260025
468	33	260025	260345
469	33	260345	261225
470	33	261225	261345
471	33	261345	262425
472	33	262425	262545
473	33	262545	263625
474	33	263625	263745
475	33	263745	264825
476	33	264825	264945
477	33	264945	266025
478	33	266025	266145
479	33	266145	267225
480	33	267225	267345
481	33	267345	268425
482	33	268425	268545
483	33	268545	269625
484	33	269625	269745
485	1	270025	270245
486	1	270245	271225
487	1	271225	271345
488	45	271345	272325
489	45	272325	272445
490	45	272445	273525
491	45	273525	273645
492	45	273645	274725
493	45	274725	274845
494	45	274845	275925
495	45	275925	276045
496	45	276045	277125
497	45	277125	277245
498	45	277245	278325
499	45	278325	278445
500	45	278445	279525
501	45	279525	279645
502	45	279645	280725
503	45	280725	280845
504	45	280845	281925
505	45	281925	282145
506	45	282145	283125
507	45	283125	283245
508	45	283245	284325
509	45	284325	284445
510	45	284445	285376
511	41	285425	285545
512	41	285545	286625
513	41	286625	286745
514	41	286745	287825
515	41	287825	287945
516	41	287945	289025
517	41	289025	289245
518	41	289245	289715
519	41	289715	290225
520	41	290225	290345
521	41	290345	291425
522	41	291425	291545
523	41	291545	292625
524	41	292625	292845
525	41	292845	293825
526	41	293825	293945
527	41	293945	294980
528	41	294980	295025
529	41	295025	295145
530	41	295145	296225
531	39	296295	297375
532	39	297375	297495
533	5	297725	297845
534	5	297845	298925
535	5	298925	299045
536	5	299045	300125
537	5	300125	300245
538	5	300245	301325
539	5	301325	301445
540	5	301445	301616
541	5	301616	302525
542	5	302525	302745
543	5	302745	303725
544	5	303725	303845
545	5	303845	304925
546	5	304925	305045
547	5	305045	306125
548	5	306125	306245
549	5	306245	307325
550	5	307325	307445
551	5	307445	308525
552	5	308525	308645
553	5	308645	309725
554	5	309725	309845
555	5	309845	310925
556	5	310925	311045
557	5	311045	312125
558	5	312125	312245
559	5	312245	313325
560	5	313325	313545
561	5	313545	314226
562	5	314226	314525
563	5	314525	314645
564	5	314645	315725
565	15	315824	315975
566	15	315975	316095
567	15	316095	317175
568	15	317175	317395
569	15	317395	318375
570	15	318375	318495
571	15	318495	319575
572	15	319575	319695
573	15	319695	320775
574	15	320775	320895
575	15	320895	321975
576	15	321975	322095
577	15	322095	323175
578	15	323175	323295
579	15	323295	324375
580	15	324375	324595
581	29	324725	324945
582	45	325125	325345
583	45	325345	326325
584	45	326325	326445
585	45	326445	327525
586	45	327525	327645
587	45	327645	328725
588	45	328725	328845
589	45	328845	329925
590	45	329925	330045
591	45	330045	331125
592	45	331125	331245
593	45	331245	332044
594	45	332445	332646
595	15	332775	332895
596	15	332895	332908
597	15	332908	333975
598	41	334089	334625
599	41	334625	334745
600	15	335175	335395
601	25	335425	335645
602	41	335825	336045
603	15	336375	336495
604	25	336625	336745
605	25	336745	337825
606	25	337825	337945
607	25	337945	339025
608	25	339025	339145
609	39	339375	339495
610	39	339495	340003
611	39	340003	340575
612	39	340575	340695
613	39	340695	341775
614	39	341775	341895
615	39	341895	342975
616	39	342975	343095
617	39	343095	344175
618	39	344175	344295
619	39	344295	345375
620	39	345375	345495
621	39	345495	346575
622	39	346575	346895
623	39	346895	347775
624	39	347775	347895
625	39	347895	348975
626	39	348975	349095
627	39	349095	350175
628	39	350175	350295
629	39	350295	351375
630	39	351375	351495
631	39	351495	351534
632	39	351534	352575
633	39	352575	352695
634	39	352695	352938
635	39	352938	353775
636	39	353775	353895
637	5	354245	354271
638	5	354271	355325
639	5	355325	355445
640	5	355445	356525
641	5	356525	356745
642	5	356745	357725
643	5	357725	357845
644	5	357845	358925
645	5	358925	359045
646	5	359045	360125
647	5	360125	360245
648	5	360245	361009
649	5	361009	361325
650	5	361325	361445
651	5	361445	362525
652	1	362545	363005
653	1	363005	363625
654	1	363625	363745
655	1	363745	364825
656	1	364825	364945
657	1	364945	366025
658	1	366025	366145
659	1	366145	367225
660	1	367225	367445
661	1	367445	368425
662	1	368425	368545
663	1	368545	369625
664	1	369625	369745
665	1	369745	370825
666	1	370825	370945
667	1	370945	372025
668	1	372025	372145
669	1	372145	373225
670	1	373225	373345
671	1	373345	374183
672	1	374183	374425
673	1	374425	374645
674	13	374725	374945
675	13	374945	375925
676	13	375925	376045
677	13	376045	377125
678	13	377125	377245
679	13	377245	378271
680	13	378271	378325
681	13	378325	378545
682	13	378545	379525
683	13	379525	379645
684	13	379645	380725
685	13	380725	380845
686	13	380845	381925
687	13	381925	382045
688	13	382045	383125
689	13	383125	383245
690	13	383245	384325
691	13	384325	384445
692	13	384445	385525
693	13	385525	385645
694	13	385645	386725
695	13	386725	386845
696	13	386845	387925
697	13	387925	388045
698	13	388045	388694
699	45	388725	388845
700	25	389134	389425
701	25	389425	389645
702	25	389645	390625
703	25	390625	390745
704	25	390745	391825
705	25	391825	391945
706	25	391945	393025
707	25	393025	393145
708	25	393145	394225
709	25	394225	394345
710	25	394345	395425
711	25	395425	395545
712	25	395545	396293
713	25	396293	396625
714	25	396625	396745
715	25	396745	397825
716	25	397825	397945
717	25	397945	399025
718	25	399025	399145
719	25	399145	400225
720	25	400225	400445
721	39	400575	400795
722	5	400925	401045
723	37	401120	401725
724	37	401725	401845
725	37	401845	402925
726	37	402925	403045
727	37	403045	403325
728	5	403325	403545
729	5	403545	404525
730	5	404525	404645
731	5	404645	405725
732	5	405725	405845
733	5	405845	406925
734	5	406925	407045
735	5	407045	408125
736	5	408125	408245
737	5	408245	409325
738	5	409325	409445
739	5	409445	409719
740	5	409719	410525
741	5	410525	410745
742	5	410745	411725
743	5	411725	411845
744	33	411992	412425
745	33	412425	412545
746	33	412545	412627
747	33	412627	413625
748	33	413625	413745
749	33	413745	414825
750	33	414825	414945
751	33	414945	416025
752	33	416025	416145
753	33	416145	417225
754	33	417225	417345
755	33	417345	418425
756	33	418425	418545
757	33	418545	419565
758	31	419575	419695
759	31	419695	419852
760	31	419852	420775
761	31	420775	420895
762	31	420895	421975
763	31	421975	422195
764	31	422195	423175
765	31	423175	423295
766	31	423295	424375
767	31	424375	424495
768	31	424495	425575
769	31	425575	425695
770	31	425695	426775
771	31	426775	426895
772	31	426895	427975
773	31	427975	428095
774	31	428095	429175
775	31	429175	429295
776	31	429295	430375
777	31	430375	430495
778	31	430495	430646
779	31	430646	431575
780	31	431575	431695
781	31	431695	432775
782	31	432775	433095
783	45	433125	433445
784	45	433445	433829
785	27	433875	433995
786	27	433995	435075
787	27	435075	435195
788	41	435425	435545
789	41	435545	436625
790	41	436625	436745
791	41	436745	437658
792	41	437658	437825
793	41	437825	437945
794	41	437945	439025
795	41	439025	439145
796	41	439145	440225
797	41	440225	440345
798	41	440345	441425
799	41	441425	441545
800	41	441545	442625
801	41	442625	442745
802	41	442745	443825
803	41	443825	444045
804	41	444045	445025
805	41	445025	445145
806	41	445145	446225
807	41	446225	446345
808	41	446345	447425
809	41	447425	447545
810	41	447545	448423
811	37	448525	448645
812	37	448645	449725
813	37	449725	449845
814	37	449845	450236
815	37	450236	450925
816	37	450925	451045
817	37	451045	452125
818	37	452125	452245
819	37	452245	453325
820	37	453325	453445
821	37	453445	454525
822	37	454525	454745
823	37	454745	455725
824	37	455725	455845
825	37	455845	456925
826	37	456925	457045
827	37	457045	458125
828	37	458125	458245
829	37	458245	459325
830	37	459325	459445
831	37	459445	459956
832	37	459956	460525
833	37	460525	460645
834	37	460645	461725
835	37	461725	461945
836	37	461945	462925
837	37	462925	463045
838	1	463225	463345
839	1	463345	464425
840	1	464425	464645
841	1	464645	465625
842	1	465625	465745
843	1	465745	466825
844	1	466825	466945
845	1	466945	467311
846	1	467311	468025
847	1	468025	468145
848	1	468145	469225
849	1	469225	469345
850	15	469575	469695
851	15	469695	470775
852	15	470775	470895
853	31	471175	471295
854	31	471295	471872
855	31	471872	472375
856	31	472375	472495
857	31	472495	473575
858	31	473575	473695
859	31	473695	474775
860	31	474775	474895
861	31	474895	475975
862	31	475975	476195
863	31	476195	477175
864	31	477175	477295
865	1	477625	477745
866	1	477745	478312
867	31	478375	478495
868	43	478582	478675
869	47	478775	478895
870	27	479121	479475
871	27	479475	479595
872	47	479975	480095
873	27	480143	480675
874	27	480675	480795
875	27	480795	481875
876	27	481875	481995
877	27	481995	483075
878	27	483075	483195
879	27	483195	484275
880	27	484275	484395
881	27	484395	485475
882	27	485475	485595
883	27	485595	486675
884	27	486675	486895
885	27	486895	487875
886	27	487875	487995
887	27	487995	489075
888	27	489075	489195
889	27	489195	490275
890	27	490275	490495
891	27	490495	491475
892	27	491475	491595
893	27	491595	492675
894	27	492675	492795
895	27	492795	493018
896	27	493018	493542
897	9	493545	494625
898	9	494625	494745
899	23	494975	495095
900	23	495095	496175
901	23	496175	496295
902	23	496295	496965
903	23	496965	497375
904	23	497375	497595
905	23	497595	498575
906	23	498575	498695
907	23	498695	499775
908	23	499775	499895
909	23	499895	500975
910	23	500975	501095
911	23	501095	502175
912	23	502175	502295
913	23	502295	503375
914	23	503375	503495
915	39	503775	503895
916	39	503895	504141
917	39	504141	504975
918	39	504975	505095
919	9	505425	505545
920	9	505545	506625
921	9	506625	506745
922	23	506975	507095
923	23	507095	508175
924	23	508175	508395
925	23	508395	509375
926	23	509375	509495
927	33	509625	509745
928	33	509745	510298
929	33	510298	510825
930	33	510825	510945
931	33	510945	512025
932	33	512025	512145
933	33	512145	513225
934	33	513225	513345
935	33	513345	514425
936	33	514425	514545
937	33	514545	515625
938	33	515625	515745
939	33	515745	516825
940	33	516825	516945
941	33	516945	518025
942	33	518025	518145
943	33	518145	519225
944	33	519225	519545
945	33	519545	520425
946	33	520425	520545
947	33	520545	521625
948	33	521625	521745
949	33	521745	522563
950	33	522563	522825
951	33	522825	522945
952	33	522945	523426
953	33	523426	524025
954	33	524025	524145
955	45	524325	524445
956	45	524445	525525
957	45	525525	525645
958	15	525975	526095
959	15	526095	527175
960	15	527175	527295
961	31	527575	527695
962	31	527695	528775
963	31	528775	528895
964	31	528895	529975
965	31	529975	530195
966	31	530195	531175
967	31	531175	531295
968	31	531295	531351
969	43	531475	531595
970	43	531595	532675
971	43	532675	532795
972	15	532907	532932
973	15	532932	533175
974	15	533295	534375
975	11	534395	535026
976	11	535026	535475
977	11	535475	535595
978	11	535595	536675
979	11	536675	536795
980	11	536795	537875
981	11	537875	537995
982	11	537995	539075
983	11	539075	539195
984	11	539195	540275
985	11	540275	540495
986	11	540495	541475
987	11	541475	541595
988	25	541825	541945
989	25	541945	542118
990	25	542118	543025
991	25	543025	543145
992	25	543145	543320
993	43	543475	543595
994	43	543595	544151
995	25	544225	544345
996	27	544395	545475
997	27	545475	545595
998	27	545595	546675
999	27	546675	546795
1000	27	546795	547875
1001	27	547875	548095
1002	27	548095	549075
1003	27	549075	549195
1004	39	549375	549495
1005	39	549495	550054
1006	39	550054	550575
1007	39	550575	550695
1008	39	550695	551775
1009	39	551775	551995
1010	39	551995	552975
1011	39	552975	553095
1012	39	553095	554175
1013	39	554175	554295
1014	39	554295	554933
1015	39	554933	555375
1016	39	555375	555495
1017	39	555495	556575
1018	35	556595	557675
1019	37	557845	558925
1020	37	558925	559045
1021	37	559045	560125
1022	37	560125	560245
1023	37	560245	561325
1024	37	561325	561445
1025	37	561445	562525
1026	37	562525	562745
1027	37	562745	563294
1028	37	563294	563725
1029	37	563725	563845
1030	37	563845	564415
1031	37	564415	564925
1032	37	564925	565045
1033	37	565045	566125
1034	37	566125	566245
1035	37	566245	567325
1036	37	567325	567445
1037	47	567475	567575
1038	1	567625	567745
1039	1	567745	568825
1040	1	568825	568945
1041	1	568945	570025
1042	1	570025	570145
1043	1	570145	570649
1044	1	570649	571225
1045	1	571225	571345
1046	1	571345	572425
1047	1	572425	572645
1048	1	572645	573625
1049	1	573625	573745
1050	1	573745	574825
1051	1	574825	574945
1052	1	574945	576025
1053	1	576025	576245
1054	1	576245	577225
1055	1	577225	577345
1056	1	577345	577659
1057	1	577659	578425
1058	1	578425	578545
1059	1	578545	579625
1060	1	579625	579745
1061	1	579745	580825
1062	1	580825	580945
1063	15	581175	581295
1064	15	581295	582375
1065	15	582375	582495
1066	15	582495	583575
1067	15	583575	583795
1068	15	583795	584646
1069	15	584646	584775
1070	15	584775	584895
1071	27	585075	585195
1072	27	585195	585638
1073	27	585638	586275
1074	27	586275	586395
1075	27	586395	587475
1076	27	587475	587595
1077	27	587595	588675
1078	27	588675	588795
1079	25	588904	589786
1080	25	589786	589825
1081	25	589825	589945
1082	25	589945	591025
1083	25	591025	591145
1084	25	591145	592225
1085	25	592225	592345
1086	25	592345	593425
1087	25	593425	593545
1088	25	593545	594625
1089	25	594625	594845
1090	25	594845	595825
1091	25	595825	595945
1092	39	596175	596295
1093	39	596295	597375
1094	39	597375	597495
1095	39	597495	598575
1096	39	598575	598695
1097	39	598695	599775
1098	39	599775	599895
1099	39	599895	600975
1100	39	600975	601095
1101	39	601095	602175
1102	39	602175	602295
1103	39	602295	603375
1104	39	603375	603495
1105	39	603495	604500
1106	39	604500	604575
1107	39	604575	604695
1108	39	604695	605444
1109	39	605444	605775
1110	39	605775	606095
1111	39	606095	606975
1112	39	606975	607095
1113	5	607325	607445
1114	5	607445	608525
1115	5	608525	608645
1116	5	608645	608905
1117	5	608905	609725
1118	5	609725	609845
1119	21	610103	610125
1120	21	610125	610245
1121	21	610245	611325
1122	21	611325	611445
1123	21	611445	612525
1124	21	612525	612645
1125	21	612645	613725
1126	21	613725	613845
1127	21	613845	614438
1128	21	614438	614925
1129	21	614925	615045
1130	33	615075	615225
1131	33	615225	615345
1132	33	615345	616425
1133	33	616425	616645
1134	33	616645	617625
1135	33	617625	617745
1136	33	617745	618825
1137	33	618825	618945
1138	33	618945	620025
1139	33	620025	620145
1140	33	620145	621225
1141	33	621225	621345
1142	33	621345	622425
1143	33	622425	622545
1144	33	622545	623625
1145	33	623625	623745
1146	33	623745	624825
1147	33	624825	624945
1148	33	624945	626025
1149	33	626025	626145
1150	13	626281	626725
1151	13	626725	626945
1152	33	627225	627445
1153	33	627445	628425
1154	33	628425	628545
1155	33	628545	628695
1156	1	628825	628945
1157	1	628945	630025
1158	45	630045	630628
1159	45	630628	631125
1160	45	631125	631245
1161	45	631245	632325
1162	45	632325	632445
1163	45	632445	633525
1164	45	633525	633645
1165	45	633645	634725
1166	45	634725	634945
1167	45	634945	635925
1168	45	635925	636045
1169	45	636045	636831
1170	45	636831	637125
1171	45	637125	637245
1172	11	637475	637695
1173	11	637695	638214
1174	11	638214	638675
1175	11	638675	638795
1176	11	638795	639875
1177	11	639875	639995
1178	43	640148	640675
1179	43	640675	640795
1180	43	640795	641875
1181	43	641875	641995
1182	43	641995	643075
1183	43	643075	643195
1184	43	643195	644224
1185	41	644225	644345
1186	9	644511	644625
1187	9	644625	644745
1188	9	644745	645825
1189	9	645825	645945
1190	9	645945	647025
1191	9	647025	647145
1192	9	647145	648225
1193	9	648225	648445
1194	9	648445	649425
1195	9	649425	649545
1196	9	649545	650625
1197	9	650625	650745
1198	9	650745	651825
1199	9	651825	651945
1200	9	651945	653025
1201	9	653025	653145
1202	9	653145	654225
1203	9	654225	654345
1204	9	654345	655425
1205	9	655425	655545
1206	9	655545	656625
1207	9	656625	656745
1208	9	656745	657825
1209	9	657825	657945
1210	9	657945	658644
1211	33	666825	666945
1212	33	666945	667948
1213	33	667948	668025
1214	33	668025	668145
1215	33	668145	669225
1216	33	669225	669345
1217	33	669345	670425
1218	33	670425	670645
1219	33	670645	671625
1220	33	671625	671745
1221	33	671745	672825
1222	33	672825	672945
1223	33	672945	673123
1224	33	674025	674145
1225	33	674145	675225
1226	33	675225	675345
1227	33	675345	676425
1228	33	676425	676545
1229	47	676775	676895
1230	47	676895	677975
1231	47	677975	678095
1232	47	678095	679098
1233	3	679275	679395
1234	3	679395	679891
1235	29	679925	680045
1236	29	680045	680745
1237	29	680745	681125
1238	29	681125	681345
1239	29	681345	682325
1240	29	682325	682445
1241	29	682445	683525
1242	29	683525	683645
1243	29	683645	684725
1244	29	684725	684845
1245	29	684845	685925
1246	29	685925	686045
1247	29	686045	687125
1248	29	687125	687245
1249	29	687245	688325
1250	29	688325	688445
1251	29	688445	689525
1252	29	689525	689645
1253	29	689645	690007
1254	13	690325	690445
1255	13	690445	691525
1256	13	691525	691845
1257	27	691875	692195
1258	27	692195	693075
1259	27	693075	693195
1260	27	693195	694275
1261	27	694275	694395
1262	39	694575	694695
1263	39	694695	695775
1264	39	695775	695895
1265	39	695895	696975
1266	39	696975	697095
1267	39	697095	697520
1268	39	697520	698175
1269	39	698175	698295
1270	39	698295	699375
1271	39	699375	699495
1272	9	699825	699945
1273	9	699945	701025
1274	9	701025	701145
1275	9	701145	702225
1276	9	702225	702445
1277	9	702445	703152
1278	37	703171	704125
1279	37	704125	704245
1280	37	704245	705325
1281	37	705325	705445
1282	37	705445	706525
1283	37	706525	706645
1284	37	706645	707725
1285	37	707725	707845
1286	37	707845	708925
1287	37	708925	709045
1288	37	709045	710125
1289	37	710125	710245
1290	37	710245	711325
1291	37	711325	711445
1292	37	711445	712525
1293	37	712525	712645
1294	37	712645	713725
1295	37	713725	713945
1296	37	713945	714925
1297	37	714925	715045
1298	37	715045	716125
1299	37	716125	716245
1300	1	716425	716545
1301	1	716545	717625
1302	1	717625	717745
1303	1	717745	718825
1304	1	718825	718945
1305	1	718945	719782
1306	1	719782	720025
1307	1	720025	720245
1308	1	720245	721225
1309	1	721225	721345
1310	1	721345	722425
1311	1	722425	722545
1312	1	722545	723625
1313	1	723625	723845
1314	1	723845	724825
1315	1	724825	724945
1316	1	724945	726025
1317	1	726025	726145
1318	1	726145	727225
1319	1	727225	727345
1320	1	727345	728425
1321	1	728425	728545
1322	1	728545	729625
1323	1	729625	729745
1324	1	729745	730125
1325	1	730125	730825
1326	1	730825	730945
1327	15	731175	731295
1328	15	731295	732375
1329	15	732375	732495
1330	15	732495	733575
1331	15	733575	733695
1332	15	733695	734775
1333	15	734775	734995
1334	15	734995	735975
1335	15	735975	736095
1336	15	736095	737175
1337	15	737175	737295
1338	29	737525	737645
1339	29	737645	738150
1340	15	738375	738495
1341	15	738495	738642
1342	15	738642	739575
1343	15	739575	739695
1344	15	739695	740533
1345	9	740625	740745
1346	25	740745	741025
1347	25	741025	741145
1348	25	741145	742225
1349	25	742225	742345
1350	41	742589	742625
1351	41	742625	742745
1352	41	742745	743550
1353	41	743550	743825
1354	41	743825	743945
1355	13	744325	744445
1356	13	744445	745040
1357	13	745040	745525
1358	13	745525	745745
1359	13	745745	746725
1360	13	746725	746845
1361	13	746845	747801
1362	9	747825	747945
1363	9	747945	749025
1364	9	749025	749245
1365	9	749245	750225
1366	9	750225	750345
1367	9	750345	750452
1368	9	750452	751425
1369	9	751425	751545
1370	9	751545	752625
1371	9	752625	752745
1372	9	752745	753825
1373	9	753825	753945
1374	9	753945	755025
1375	9	755025	755145
1376	9	755145	755440
1377	9	755440	756225
1378	9	756225	756445
1379	23	756575	756795
1380	23	756795	757775
1381	23	757775	757895
1382	23	757895	758975
1383	23	758975	759095
1384	23	759095	759911
1385	23	759911	760175
1386	23	760175	760295
1387	23	760295	761375
1388	23	761375	761495
1389	39	761775	761895
1390	39	761895	762044
1391	3	762075	762195
1392	3	762195	763275
1393	3	763275	763395
1394	3	763395	763783
1395	3	763783	764475
1396	3	764475	764595
1397	3	764595	765675
1398	3	765675	765795
1399	3	765795	766875
1400	3	766875	767095
1401	3	767095	768075
1402	3	768075	768195
1403	3	768195	769275
1404	3	769275	769395
1405	3	769395	770475
1406	3	770475	770595
1407	3	770595	771675
1408	1	771745	772375
1409	1	772375	772825
1410	1	772825	772945
1411	1	772945	773810
1412	1	773810	774025
1413	1	774025	774145
1414	1	774145	775225
1415	1	775225	775345
1416	1	775345	776425
1417	1	776425	776545
1418	1	776545	777625
1419	1	777625	777945
1420	1	777945	778825
1421	1	778825	778945
1422	15	779175	779295
1423	15	779295	779874
1424	15	779874	780375
1425	15	780375	780495
1426	15	780495	781575
1427	15	781575	781695
1428	15	781695	782775
1429	15	782775	782895
1430	15	782895	783569
1431	15	783569	783975
1432	15	783975	784095
1433	15	784095	785175
1434	15	785175	785295
1435	27	785475	785595
1436	27	785595	786675
1437	27	786675	786795
1438	27	786795	787875
1439	27	787875	787995
1440	29	788045	789125
1441	29	789125	789345
1442	29	789345	790325
1443	29	790325	790445
1444	41	790625	790745
1445	41	790745	791825
1446	41	791825	791945
1447	41	791945	793025
1448	41	793025	793145
1449	41	793145	794225
1450	41	794225	794345
1451	41	794345	795425
1452	41	795425	795545
1453	41	795545	796625
1454	41	796625	796745
1455	41	796745	797825
1456	41	797825	797945
1457	41	797945	799025
1458	41	799025	799145
1459	41	799145	800225
1460	41	800225	800445
1461	41	800445	801425
1462	41	801425	801545
1463	41	801545	802625
1464	41	802625	802745
1465	41	802745	803113
1466	41	803113	803825
1467	41	803825	803945
1468	41	803945	805025
1469	41	805025	805145
1470	5	805325	805445
1471	5	805445	806525
1472	5	806525	806745
1473	5	806745	807725
1474	5	807725	807845
1475	5	807845	808925
1476	5	808925	809045
1477	5	809045	809057
1478	5	809057	810125
1479	5	810125	810345
1480	23	810575	810795
1481	23	810795	811775
1482	23	811775	811895
1483	35	812075	812195
1484	35	812195	813275
1485	35	813275	813395
1486	35	813395	814475
1487	35	814475	814595
1488	35	814595	815675
1489	35	815675	815795
1490	35	815795	816875
1491	35	816875	816995
1492	35	816995	818075
1493	35	818075	818195
1494	35	818195	819275
1495	35	819275	819395
1496	35	819395	820475
1497	35	820475	820595
1498	35	820595	821675
1499	31	821795	822671
1500	31	822671	822775
1501	31	822775	822895
1502	31	822895	823975
1503	31	823975	824095
1504	31	824095	825175
1505	31	825175	825295
1506	31	825295	826375
1507	31	826375	826495
1508	31	826495	827575
1509	31	827575	827695
1510	31	827695	828775
1511	31	828775	828895
1512	31	828895	829975
1513	31	829975	830095
1514	31	830095	831175
1515	31	831175	831295
1516	31	831295	832375
1517	31	832375	832595
1518	31	832595	833575
1519	31	833575	833695
1520	31	833695	834775
1521	31	834775	834895
1522	43	839063	839875
1523	43	839875	839995
1524	43	839995	841075
1525	43	841075	841195
1526	43	841195	842275
1527	43	842275	842395
1528	43	842395	843475
1529	43	843475	843695
1530	43	843695	844675
1531	43	844675	844795
1532	43	844795	845875
1533	43	845875	845995
1534	43	845995	847075
1535	43	847075	847195
1536	43	847195	848275
1537	43	848275	848395
1538	43	848395	849085
1539	39	849221	849375
1540	39	849375	849495
1541	39	849495	850575
1542	39	850575	850695
1543	39	850695	851775
1544	39	851775	851895
1545	39	851895	852975
1546	39	852975	853095
1547	39	853095	854175
1548	39	854175	854395
1549	39	854395	855375
1550	39	855375	855495
1551	39	855495	856575
1552	39	856575	856695
1553	39	856695	856787
1554	25	857425	857545
1555	25	857545	858625
1556	25	858625	858745
1557	25	858745	859256
1558	25	859256	859305
1559	9	859425	859545
1560	9	859545	860625
1561	9	860625	860745
1562	21	860925	861045
1563	21	861045	862125
1564	21	862125	862245
1565	21	862245	863325
1566	21	863325	863445
1567	21	863445	864525
1568	21	864525	864845
1569	21	864845	865725
1570	21	865725	865845
1571	21	865845	866925
1572	21	866925	867045
1573	21	867045	868125
1574	21	868125	868245
1575	33	868425	868545
1576	33	868545	869625
1577	33	869625	869745
1578	33	869745	870825
1579	33	870825	870945
1580	33	870945	872025
1581	33	872025	872145
1582	33	872145	873225
1583	33	873225	873345
1584	33	873345	874425
1585	33	874425	874545
1586	33	874545	875625
1587	33	875625	875845
1588	33	875845	876825
1589	33	876825	876945
1590	33	876945	878025
1591	33	878025	878145
1592	1	878425	878545
1593	1	878545	879625
1594	1	879625	879745
1595	29	879747	880325
1596	29	880325	880445
1597	13	880606	881125
1598	13	881125	881245
1599	13	881245	882325
1600	13	882325	882445
1601	13	882445	883525
1602	13	883525	883645
1603	13	883645	884725
1604	13	884725	884845
1605	13	884845	885925
1606	13	885925	886145
1607	13	886145	887125
1608	13	887125	887245
1609	13	887245	888325
1610	13	888325	888445
1611	13	888445	889525
1612	13	889525	889645
1613	13	889645	890725
1614	13	890725	890845
1615	13	890845	891925
1616	13	891925	892045
1617	13	892045	893125
1618	13	893125	893345
1619	13	893345	894296
1620	13	894296	894325
1621	13	894325	894445
1622	25	894625	894745
1623	25	894745	895449
1624	25	895449	895825
1625	25	895825	895945
1626	25	895945	897025
1627	25	897025	897245
1628	25	897245	898142
1629	25	898142	898225
1630	25	898225	898345
1631	25	898345	899425
1632	25	899425	899545
1633	25	899545	900625
1634	25	900625	900745
1635	25	900745	901825
1636	25	901825	901945
1637	25	901945	903025
1638	25	903025	903145
1639	25	903145	903543
1640	25	903543	904225
1641	25	904225	904345
1642	25	904345	905425
1643	25	905425	905545
1644	25	905545	906199
1645	5	906245	907200
-----------------
Site : Kourou
-----------------
Site : Kourou
Anntenna : 0 nbContacts : 1640
	Sat 	StartTime 	EndTime 
0	9	0	225
1	9	225	545
2	9	545	1425
3	9	1425	1545
4	9	1545	1745
5	9	1745	2625
6	9	2625	2745
7	9	2745	3825
8	9	3825	3945
9	9	3945	5025
10	9	5025	5145
11	9	5145	6225
12	9	6225	6345
13	9	6345	7425
14	9	7425	7545
15	9	7545	7986
16	9	7986	8625
17	9	8625	8745
18	9	8745	9825
19	9	9825	9945
20	9	9945	11025
21	9	11025	11245
22	9	11245	12225
23	5	12245	12801
24	5	12801	13325
25	5	13325	13445
26	5	13445	14525
27	5	14525	14645
28	5	14645	15725
29	5	15725	15845
30	5	15845	16925
31	5	16925	17045
32	5	17045	18125
33	5	18125	18245
34	5	18245	19325
35	5	19325	19445
36	5	19445	20525
37	5	20525	20645
38	29	21125	21245
39	29	21245	21880
40	29	21880	22325
41	29	22325	22545
42	43	22675	22895
43	43	22895	23875
44	43	23875	23995
45	43	23995	25075
46	43	25075	25195
47	5	25325	25445
48	5	25445	26525
49	5	26525	26645
50	5	26645	27725
51	5	27725	27845
52	5	27845	28925
53	5	28925	29145
54	5	29145	29898
55	41	30045	31025
56	41	31025	31145
57	41	31145	32225
58	41	32225	32345
59	41	32345	33425
60	41	33425	33645
61	41	33645	34625
62	41	34625	34745
63	41	34745	35825
64	41	35825	35945
65	41	35945	37025
66	41	37025	37145
67	3	37275	37395
68	3	37395	38475
69	3	38475	38595
70	3	38595	39675
71	3	39675	39795
72	3	39795	40875
73	3	40875	40995
74	3	40995	42075
75	3	42075	42195
76	29	42725	42845
77	29	42845	43925
78	29	43925	44145
79	29	44145	45125
80	29	45125	45245
81	29	45245	46325
82	29	46325	46445
83	29	46445	47525
84	29	47525	47645
85	39	47775	47895
86	39	47895	48975
87	39	48975	49095
88	39	49095	50175
89	39	50175	50295
90	39	50295	51375
91	39	51375	51495
92	39	51495	52575
93	39	52575	52695
94	39	52695	52777
95	39	52777	53775
96	39	53775	53895
97	39	53895	54838
98	39	54838	54975
99	39	54975	55195
100	39	55195	56175
101	39	56175	56295
102	3	56475	56595
103	3	56595	57675
104	3	57675	57895
105	3	57895	58875
106	3	58875	58995
107	15	59175	59295
108	15	59295	60375
109	15	60375	60495
110	37	60737	60925
111	37	60925	61045
112	37	61045	62125
113	37	62125	62245
114	37	62245	63325
115	37	63325	63445
116	37	63445	64525
117	37	64525	64645
118	37	64645	65725
119	37	65725	65945
120	37	65945	66925
121	37	66925	67045
122	37	67045	68125
123	37	68125	68245
124	37	68245	69325
125	37	69325	69445
126	37	69445	69622
127	37	69622	70525
128	37	70525	70645
129	37	70645	71725
130	37	71725	71845
131	37	71845	72426
132	13	72592	73525
133	13	73525	73645
134	25	73825	73945
135	33	74025	74145
136	13	74725	74845
137	25	75025	75145
138	25	75145	76225
139	25	76225	76445
140	25	76445	77425
141	25	77425	77545
142	25	77545	78484
143	25	78484	78625
144	25	78625	78745
145	27	78795	79813
146	25	79825	79945
147	25	79945	81025
148	25	81025	81145
149	25	81145	82225
150	25	82225	82345
151	33	83157	83625
152	33	83625	83745
153	33	83745	84825
154	33	84825	84945
155	33	84945	86025
156	33	86025	86145
157	33	86145	87225
158	33	87225	87545
159	33	87545	88425
160	33	88425	88545
161	33	88545	89625
162	33	89625	89745
163	33	89745	90068
164	13	90197	90325
165	13	90325	90445
166	13	90445	91525
167	13	91525	91645
168	13	91645	92725
169	13	92725	92845
170	13	92845	93925
171	13	93925	94045
172	13	94045	95125
173	13	95125	95245
174	13	95245	96325
175	13	96325	96445
176	13	96445	97525
177	13	97525	97745
178	13	97745	98725
179	13	98725	98845
180	13	98845	99925
181	13	99925	100045
182	21	100125	100245
183	21	100245	101325
184	21	101325	101445
185	21	101445	102525
186	21	102525	102645
187	33	102825	102945
188	33	102945	104025
189	33	104025	104145
190	47	104375	104495
191	47	104495	105575
192	47	105575	105695
193	47	105695	106775
194	47	106775	106895
195	47	106895	107975
196	47	107975	108095
197	47	108095	108124
198	47	108124	109175
199	47	109175	109395
200	47	110495	111575
201	47	111575	111695
202	47	111695	112775
203	47	112775	112895
204	47	112895	113975
205	47	113975	114095
206	47	114095	115175
207	47	115175	115295
208	47	115295	116375
209	47	116375	116595
210	47	116595	117575
211	47	117575	117695
212	47	117695	118775
213	43	118795	119875
214	43	119875	120095
215	21	120525	120645
216	43	120847	121075
217	43	121075	121195
218	43	121195	122275
219	43	122275	122395
220	43	122395	122564
221	9	122625	122745
222	9	122745	123825
223	9	123825	123945
224	9	123945	125025
225	9	125025	125145
226	9	125145	126225
227	9	126225	126345
228	9	126345	127425
229	9	127425	127545
230	9	127545	128625
231	9	128625	128745
232	9	128745	129825
233	9	129825	130045
234	9	130045	130864
235	9	130864	131025
236	9	131025	131145
237	9	131145	132225
238	9	132225	132345
239	41	132615	133025
240	41	133025	133145
241	41	133145	134225
242	41	134225	134345
243	41	134345	135425
244	41	135425	135545
245	41	135545	136625
246	41	136625	136745
247	41	136745	137825
248	41	137825	137945
249	41	137945	139025
250	41	139025	139145
251	41	139145	140225
252	41	140225	140345
253	41	140345	141425
254	41	141425	141645
255	41	141645	142625
256	41	142625	142745
257	41	142745	143825
258	41	143825	143945
259	41	143945	145025
260	41	145025	145245
261	41	145245	146225
262	41	146225	146345
263	41	146345	147425
264	41	147425	147545
265	41	147545	148625
266	41	148625	148745
267	41	148745	149154
268	41	149154	149825
269	41	149825	149945
270	41	149945	151025
271	41	151025	151145
272	41	151145	152225
273	41	152225	152445
274	41	152445	153425
275	41	153425	153545
276	41	153545	154625
277	41	154625	154745
278	41	154745	155825
279	41	155825	155945
280	41	155945	157025
281	41	157025	157145
282	41	157145	158225
283	41	158225	158345
284	41	158345	159425
285	41	159425	159545
286	41	159545	160529
287	41	160529	160625
288	41	160625	160745
289	3	160875	160995
290	3	160995	162075
291	3	162075	162295
292	1	162538	163225
293	1	163225	163345
294	1	163345	164425
295	1	164425	164545
296	1	164545	165625
297	1	165625	165745
298	1	165745	166825
299	1	166825	166945
300	1	166945	168025
301	1	168025	168145
302	1	168145	169225
303	1	169225	169345
304	1	169345	170425
305	1	170425	170545
306	1	170545	171625
307	1	171625	171745
308	1	171745	172825
309	1	172825	173145
310	1	173145	174025
311	15	174375	174495
312	15	174495	175575
313	15	175575	175695
314	15	175695	176775
315	15	177975	178095
316	15	178095	179175
317	39	179775	179895
318	39	179895	180975
319	39	180975	181095
320	39	181095	182175
321	39	182175	182295
322	39	182295	183375
323	39	183375	183495
324	39	183495	183506
325	15	183975	184195
326	37	184525	184745
327	13	185125	185245
328	13	185245	186325
329	13	186325	186445
330	13	186445	187525
331	15	187575	187695
332	15	187695	188775
333	15	188775	188895
334	15	188895	189975
335	15	189975	190095
336	25	190225	190345
337	25	190345	191425
338	25	191425	191545
339	25	191545	192625
340	25	192625	192745
341	25	192745	193825
342	25	193825	193945
343	25	193945	195025
344	25	195025	195245
345	25	195245	196225
346	25	196225	196345
347	25	196345	197425
348	25	197425	197545
349	25	197545	198625
350	25	198625	198745
351	25	198745	199825
352	25	199825	199945
353	25	199945	201025
354	25	201025	201145
355	35	201275	201395
356	35	201395	202475
357	35	202475	202695
358	35	202695	203675
359	35	203675	203795
360	13	204055	204325
361	13	204325	204445
362	13	204445	205525
363	13	205525	205745
364	13	205745	206725
365	13	206725	206845
366	23	206975	207095
367	23	207095	208082
368	23	208082	208175
369	23	208175	208295
370	23	208295	209375
371	23	209375	209495
372	23	209495	210575
373	23	210575	210695
374	23	210695	211775
375	23	211775	211895
376	23	211895	212975
377	23	212975	213095
378	23	213095	214175
379	23	214175	214295
380	23	214295	215375
381	23	215375	215495
382	23	215495	216575
383	23	216575	216795
384	23	216795	217775
385	23	217775	217895
386	23	217895	218975
387	23	218975	219095
388	23	219095	220175
389	23	220175	220295
390	23	220295	220716
391	47	220775	220895
392	47	220895	221975
393	47	221975	222095
394	47	222095	223175
395	47	223175	223295
396	11	223475	223595
397	21	223725	223845
398	21	223845	224925
399	21	224925	225045
400	21	225045	226125
401	21	226125	226245
402	21	226245	227325
403	21	227325	227545
404	21	227545	228525
405	21	228525	228645
406	21	228645	229725
407	21	229725	229845
408	21	229845	230301
409	47	230375	230495
410	47	230495	231575
411	47	231575	231795
412	47	231795	231905
413	47	231905	232775
414	47	232775	232895
415	47	232895	233975
416	47	233975	234095
417	47	234095	235175
418	47	235175	235295
419	47	235295	236375
420	47	236375	236495
421	47	236495	237575
422	47	237575	237695
423	47	237695	238775
424	47	238775	238995
425	9	239025	239145
426	9	239145	240225
427	9	240225	240345
428	9	240345	241425
429	9	241425	241545
430	9	241545	242625
431	9	242625	242745
432	9	242745	243825
433	9	243825	243945
434	9	243945	245025
435	9	245025	245145
436	9	245145	246225
437	9	246225	246345
438	9	246345	247425
439	9	247425	247545
440	9	247545	248625
441	9	248625	248845
442	9	248845	249825
443	9	249825	249945
444	9	249945	251025
445	9	251025	251145
446	9	251145	252225
447	9	252225	252345
448	9	252345	252973
449	9	252973	253425
450	9	253425	253545
451	9	253545	254625
452	9	254625	254745
453	9	254745	255450
454	9	255450	255825
455	9	255825	255945
456	9	255945	257025
457	9	257025	257145
458	31	257239	257575
459	31	257575	257695
460	31	257695	258775
461	31	258775	258895
462	31	258895	259975
463	31	259975	260295
464	31	260295	261175
465	31	261175	261295
466	31	261295	262375
467	31	262375	262495
468	31	262495	263575
469	31	263575	263695
470	31	263695	263750
471	31	263750	264775
472	29	264845	265925
473	29	265925	266045
474	29	266045	267125
475	29	267125	267245
476	29	267245	268325
477	29	268325	268445
478	29	268445	269525
479	29	269525	269645
480	29	269645	270725
481	29	270725	270945
482	29	270945	270991
483	29	270991	271925
484	29	271925	272045
485	29	272045	272970
486	29	272970	273125
487	29	273125	273245
488	41	273425	273545
489	39	273751	274575
490	39	274575	274695
491	39	274695	275775
492	39	275775	275895
493	39	275895	276975
494	39	276975	277095
495	39	277095	278175
496	39	278175	278295
497	39	278295	279375
498	39	279375	279495
499	3	279675	279795
500	37	279854	280525
501	41	280625	280745
502	41	280745	281825
503	41	281825	282045
504	41	282045	283025
505	41	283025	283145
506	41	283145	284225
507	41	284225	284345
508	3	284475	284595
509	3	284595	285675
510	3	285675	285795
511	3	285795	286875
512	3	286875	286995
513	3	286995	288075
514	3	288075	288295
515	3	288295	289275
516	3	289275	289395
517	29	289925	290045
518	29	290045	290883
519	29	290883	291125
520	29	291125	291245
521	29	291245	292325
522	29	292325	292545
523	29	292545	293525
524	29	293525	293645
525	29	293645	294725
526	29	294725	294845
527	29	294845	295925
528	29	295925	296045
529	29	296045	297125
530	29	297125	297245
531	29	297245	298325
532	29	298325	298445
533	29	298445	299525
534	29	299525	299645
535	29	299645	300231
536	29	300231	300725
537	29	300725	300845
538	29	300845	301925
539	29	301925	302045
540	29	302045	302786
541	23	302975	303195
542	37	303325	303545
543	1	303625	303745
544	1	303745	304825
545	1	304825	304945
546	1	304945	306025
547	1	306025	306145
548	1	306145	307225
549	1	307225	307345
550	1	307345	308425
551	1	308425	308545
552	1	308545	308677
553	1	308677	309625
554	1	309625	309745
555	15	309975	310095
556	15	310095	311175
557	15	311175	311295
558	15	311295	312375
559	15	312375	312495
560	15	312495	313575
561	15	313575	313795
562	37	313961	314125
563	37	314125	314345
564	37	314345	314526
565	37	314526	315325
566	37	315325	315445
567	37	315445	316525
568	37	316525	316645
569	37	316645	317725
570	37	317725	317945
571	37	317945	318925
572	37	318925	319045
573	37	319045	320125
574	37	320125	320245
575	13	320613	320725
576	13	320725	320845
577	13	320845	321925
578	13	321925	322045
579	13	322045	323103
580	13	323103	323125
581	13	323125	323245
582	13	323245	324325
583	13	324325	324545
584	15	324595	325575
585	15	325575	325695
586	15	325695	326775
587	15	326775	326895
588	15	326895	327975
589	15	327975	328095
590	23	328175	328295
591	23	328295	329375
592	23	329375	329495
593	23	329495	330575
594	23	330575	330695
595	23	330695	331775
596	23	331775	331895
597	23	331895	332975
598	23	332975	333095
599	23	333095	334175
600	23	334175	334295
601	23	334295	335375
602	23	335375	335595
603	33	335625	335845
604	33	335845	336825
605	33	336825	336945
606	33	336945	338025
607	33	338025	338145
608	33	338145	339225
609	33	339225	339345
610	33	339345	340425
611	33	340425	340545
612	33	340545	340712
613	13	341125	341245
614	13	341245	342325
615	13	342325	342445
616	13	342445	343525
617	13	343525	343645
618	13	343645	344027
619	13	344027	344725
620	13	344725	344845
621	13	344845	345925
622	13	345925	346245
623	13	346245	347125
624	13	347125	347245
625	21	347325	347445
626	21	347445	348525
627	21	348525	348645
628	21	348645	349725
629	21	349725	349845
630	21	349845	350925
631	21	350925	351045
632	21	351045	352125
633	21	352125	352245
634	21	352245	353325
635	21	353325	353445
636	45	353925	354045
637	45	354045	354054
638	45	354054	355125
639	45	355125	355245
640	45	355245	356325
641	45	356325	356445
642	45	356445	357525
643	45	357525	357745
644	45	357745	358725
645	45	358725	358845
646	45	358845	359925
647	45	359925	360045
648	45	360045	361125
649	45	361125	361245
650	45	361245	362325
651	45	362325	362445
652	45	362445	363525
653	45	363525	363645
654	45	363645	364725
655	45	364725	364845
656	45	364845	365925
657	45	365925	366045
658	45	366045	367125
659	45	367125	367245
660	45	367245	368010
661	45	368010	368325
662	45	368325	368545
663	45	368545	369525
664	45	369525	369645
665	45	369645	370725
666	45	370725	370845
667	45	370845	371925
668	45	371925	372045
669	45	372045	373125
670	45	373125	373245
671	45	373245	374325
672	45	374325	374445
673	45	374445	375525
674	41	375645	376625
675	41	376625	376745
676	41	376745	377825
677	41	377825	377945
678	41	377945	379025
679	41	379025	379245
680	41	379245	380225
681	41	380225	380345
682	41	380345	381425
683	41	381425	381545
684	41	381545	382375
685	41	382375	382488
686	41	382488	382625
687	41	382625	382745
688	29	382779	383525
689	29	383525	383645
690	29	383645	384725
691	29	384725	384845
692	29	384845	385925
693	29	385925	386045
694	29	386045	387125
695	29	387125	387245
696	29	387245	388325
697	29	388325	388445
698	29	388445	389525
699	29	389525	389745
700	29	389745	389790
701	41	389825	390045
702	41	390045	391025
703	41	391025	391145
704	41	391145	392225
705	41	392225	392345
706	41	392345	393425
707	41	393425	393545
708	41	393545	394625
709	41	394625	394745
710	3	394869	394875
711	3	394875	394995
712	3	394995	396075
713	3	396075	396195
714	31	396775	396895
715	31	396895	397975
716	31	397975	398095
717	31	398095	399175
718	31	399175	399295
719	31	399295	400375
720	31	400375	400595
721	31	400595	400686
722	39	400795	401775
723	39	401775	401895
724	39	401895	402975
725	39	402975	403095
726	39	403095	404175
727	39	404175	404395
728	39	404395	405375
729	39	405375	405495
730	39	405495	406575
731	39	406575	406695
732	39	406695	407775
733	39	407775	407895
734	39	407895	408743
735	39	408743	408975
736	39	408975	409095
737	39	409095	410175
738	39	410175	410295
739	39	410295	411375
740	39	411375	411595
741	39	411595	412575
742	39	412575	412695
743	1	412825	412945
744	1	412945	414025
745	1	414025	414145
746	37	414183	414925
747	37	414925	415045
748	37	415045	416125
749	37	416125	416245
750	37	416245	417325
751	37	417325	417445
752	1	417625	417745
753	31	417769	418375
754	31	418375	418495
755	37	418525	418645
756	37	418645	419725
757	37	419725	419845
758	37	419845	420925
759	37	420925	421045
760	37	421045	422125
761	37	422125	422345
762	37	422345	423325
763	37	423325	423445
764	1	423625	423745
765	1	423745	424825
766	1	424825	424945
767	1	424945	426025
768	1	426025	426145
769	15	426375	426495
770	27	426675	426795
771	27	426795	427364
772	27	427364	427875
773	27	427875	427995
774	33	428025	428145
775	33	428145	429225
776	33	429225	429345
777	33	429345	430425
778	33	430425	430545
779	33	430545	430908
780	15	431175	431295
781	27	431475	431595
782	27	431595	432675
783	27	432675	432995
784	27	432995	433875
785	1	434425	434545
786	1	434545	435625
787	1	435625	435745
788	1	435745	436825
789	1	436825	436945
790	15	437175	437295
791	15	437295	438180
792	15	438180	438375
793	15	438375	438495
794	25	438625	438745
795	25	438745	439825
796	25	439825	439945
797	25	439945	441025
798	25	441025	441145
799	37	441325	441445
800	1	441625	441745
801	1	441745	442825
802	1	442825	443045
803	23	443121	443375
804	23	443375	443595
805	35	443675	443895
806	33	444049	444825
807	33	444825	444945
808	33	444945	446025
809	33	446025	446145
810	33	446145	447225
811	33	447225	447345
812	33	447345	448425
813	33	448425	448545
814	33	448545	449625
815	33	449625	449745
816	33	449745	450825
817	33	450825	450945
818	13	451525	451645
819	13	451645	452725
820	13	452725	452845
821	13	452845	453925
822	13	453925	454145
823	13	454145	455125
824	13	455125	455245
825	25	455425	455545
826	25	455545	456104
827	25	456104	456625
828	25	456625	456745
829	33	456825	456945
830	33	456945	457026
831	33	457026	458025
832	33	458025	458145
833	35	458195	459275
834	35	459275	459395
835	47	459575	459695
836	47	459695	460775
837	47	460775	460895
838	47	460895	461975
839	47	461975	462195
840	47	462195	463175
841	47	463175	463295
842	47	463295	464282
843	47	464282	464375
844	47	464375	464495
845	47	464495	465575
846	47	465575	465795
847	47	465795	466775
848	47	466775	466895
849	47	466895	467975
850	47	467975	468095
851	47	468095	469175
852	47	469175	469295
853	47	469295	470375
854	47	470375	470495
855	47	470495	471575
856	47	471575	471695
857	47	471695	472775
858	47	472775	472895
859	47	472895	473975
860	9	474093	474225
861	9	474225	474345
862	9	474345	475425
863	9	475425	475645
864	9	475645	476625
865	9	476625	476745
866	9	476745	477825
867	9	477825	477945
868	9	477945	479025
869	9	479025	479145
870	9	479145	480225
871	9	480225	480345
872	9	480345	481425
873	9	481425	481545
874	21	481725	481845
875	21	481845	482210
876	43	482480	483475
877	43	483475	483595
878	43	483595	484675
879	43	484675	484795
880	47	484895	485631
881	47	485631	485975
882	47	485975	486095
883	9	486225	486445
884	9	486445	486692
885	9	486692	487425
886	9	487425	487545
887	9	487545	488625
888	9	488625	488745
889	9	488745	489825
890	9	489825	490045
891	9	490045	491025
892	9	491025	491145
893	9	491145	492225
894	9	492225	492345
895	9	492345	493425
896	9	493425	493545
897	41	494225	494345
898	41	494345	495425
899	41	495425	495545
900	41	495545	496625
901	41	496625	496745
902	41	496745	497825
903	41	497825	498045
904	41	498045	499025
905	41	499025	499145
906	41	499145	500225
907	41	500225	500345
908	41	500345	501425
909	41	501425	501545
910	41	501545	502491
911	41	502491	502625
912	41	502625	502745
913	41	502745	503825
914	41	503825	503945
915	41	503945	505025
916	41	505025	505145
917	41	505145	506225
918	41	506225	506345
919	41	506345	506626
920	41	506626	507425
921	41	507425	507545
922	41	507545	508625
923	41	508625	508845
924	41	508845	509825
925	41	509825	509945
926	41	509945	511025
927	41	511025	511145
928	41	511145	512225
929	41	512225	512345
930	41	512345	513425
931	41	513425	513545
932	41	513545	513912
933	41	513912	514625
934	41	514625	514745
935	41	514745	515825
936	41	515825	515945
937	41	515945	517025
938	41	517025	517145
939	41	517145	518225
940	41	518225	518345
941	41	518345	519425
942	41	519425	519745
943	41	519745	520625
944	41	520625	520745
945	41	520745	520840
946	3	520875	520995
947	3	520995	522075
948	3	522075	522195
949	3	522195	523275
950	3	523275	523395
951	3	523395	524475
952	3	524475	524595
953	3	524595	525675
954	3	525675	525795
955	3	525795	526523
956	3	526523	526875
957	3	526875	526995
958	3	526995	528075
959	3	528075	528195
960	3	528195	529275
961	3	529275	529495
962	3	529495	530475
963	3	530475	530595
964	3	530595	531675
965	3	531675	531795
966	3	531795	532875
967	3	532875	532995
968	15	533175	533295
969	29	533525	533645
970	29	533645	534725
971	29	534725	534845
972	39	534975	535095
973	39	535095	536175
974	39	536175	536295
975	41	536345	537425
976	41	537425	537545
977	3	537675	537795
978	3	537795	538875
979	3	538875	538995
980	3	538995	540075
981	3	540075	540295
982	3	540295	541096
983	1	541225	541345
984	15	541575	541695
985	29	541925	542045
986	29	542045	543125
987	29	543125	543245
988	25	543320	544225
989	29	544325	544445
990	29	544445	544693
991	29	544693	544741
992	29	544741	545525
993	29	545525	545645
994	29	545645	546725
995	29	546725	546845
996	29	546845	547925
997	29	547925	548145
998	29	548145	549125
999	29	549125	549245
1000	29	549245	550325
1001	29	550325	550445
1002	29	550445	551525
1003	35	551589	551675
1004	35	551675	551895
1005	35	551895	552875
1006	35	552875	552995
1007	35	552995	553352
1008	35	553352	554075
1009	35	554075	554195
1010	1	554425	554545
1011	1	554545	555625
1012	1	555625	555745
1013	25	555991	556225
1014	25	556225	556345
1015	25	556345	557425
1016	25	557425	557545
1017	35	557675	557795
1018	35	557795	558875
1019	35	558875	558995
1020	35	558995	560075
1021	1	560425	560545
1022	1	560545	560847
1023	1	560847	561625
1024	1	561625	561845
1025	15	561975	562195
1026	27	562275	562495
1027	27	562495	563015
1028	15	563175	563295
1029	15	563295	564375
1030	15	564375	564495
1031	13	564600	565525
1032	13	565525	565645
1033	13	565645	566725
1034	13	566725	566845
1035	13	566845	567925
1036	13	567925	568045
1037	13	568045	569125
1038	13	569125	569245
1039	13	569245	570325
1040	13	570325	570445
1041	23	570575	570695
1042	35	570875	570995
1043	35	570995	572075
1044	35	572075	572195
1045	35	572195	573275
1046	35	573275	573495
1047	47	573564	573575
1048	47	573575	573795
1049	47	573795	574775
1050	47	574775	574895
1051	47	574895	575975
1052	47	575975	576095
1053	47	576095	577175
1054	47	577175	577395
1055	13	577525	577645
1056	13	577645	578725
1057	13	578725	578845
1058	13	578845	579925
1059	13	579925	580045
1060	23	580175	580295
1061	23	580295	581375
1062	23	581375	581495
1063	23	581495	582575
1064	23	582575	582695
1065	23	582695	583775
1066	23	583775	583995
1067	25	584045	584743
1068	25	584743	585025
1069	25	585025	585145
1070	33	585225	585345
1071	47	585424	585575
1072	47	585575	585695
1073	11	585875	585995
1074	11	585995	587075
1075	11	587075	587195
1076	11	587195	588275
1077	11	588275	588395
1078	21	588525	588645
1079	21	588645	589725
1080	21	589725	589845
1081	21	589845	590925
1082	21	590925	591045
1083	21	591045	592125
1084	21	592125	592245
1085	21	592245	593325
1086	21	593325	593445
1087	23	593495	594575
1088	23	594575	594795
1089	23	594795	595775
1090	23	595775	595895
1091	47	596375	596495
1092	47	596495	597575
1093	47	597575	597695
1094	47	597695	598775
1095	47	598775	598895
1096	47	598895	599975
1097	47	599975	600095
1098	47	600095	601067
1099	47	601067	601175
1100	47	601175	601295
1101	47	601295	602375
1102	45	602445	603525
1103	45	603525	603645
1104	45	603645	604725
1105	45	604725	604845
1106	45	604845	605925
1107	45	605925	606245
1108	45	606245	607125
1109	45	607125	607245
1110	45	607245	608325
1111	45	608325	608445
1112	45	608445	609525
1113	45	609525	609645
1114	45	609645	610725
1115	45	610725	610845
1116	45	610845	611925
1117	45	611925	612045
1118	45	612045	612145
1119	45	612145	613125
1120	45	613125	613245
1121	45	613245	614325
1122	45	614325	614445
1123	47	614495	615575
1124	47	615575	615695
1125	47	615695	616775
1126	5	616925	617045
1127	5	617045	618125
1128	5	618125	618245
1129	5	618245	619325
1130	5	619325	619445
1131	5	619445	620222
1132	5	620222	620525
1133	5	620525	620645
1134	5	620645	621725
1135	5	621725	621845
1136	31	622375	622495
1137	31	622495	623250
1138	31	623250	623575
1139	31	623575	623695
1140	31	623695	624775
1141	31	624775	624895
1142	31	624895	625975
1143	31	625975	626095
1144	31	626095	627175
1145	31	627175	627395
1146	31	627395	628375
1147	31	628375	628495
1148	31	628495	629575
1149	31	629575	629695
1150	31	629695	630775
1151	31	630775	630895
1152	31	630895	631975
1153	31	631975	632095
1154	31	632095	633175
1155	31	633175	633295
1156	31	633295	634375
1157	31	634375	634595
1158	31	634595	635575
1159	31	635575	635695
1160	31	635695	636775
1161	31	636775	636895
1162	31	636895	637975
1163	31	637975	638195
1164	31	638195	638877
1165	31	638877	639175
1166	31	639175	639295
1167	31	639295	640375
1168	31	640375	640495
1169	31	640495	641575
1170	31	641575	641695
1171	31	641695	642775
1172	31	642775	642895
1173	31	642895	643975
1174	31	643975	644095
1175	3	644416	644475
1176	3	644475	644595
1177	3	644595	645675
1178	3	645675	645795
1179	3	645795	646875
1180	3	646875	646995
1181	3	646995	648075
1182	3	648075	648295
1183	3	648295	649275
1184	3	649275	649395
1185	3	649395	650475
1186	3	650475	650595
1187	29	651125	651245
1188	3	651675	651795
1189	3	651795	652875
1190	3	652875	652995
1191	3	652995	654075
1192	3	654075	654195
1193	3	654195	655275
1194	3	655275	655395
1195	3	655395	656475
1196	3	656475	656595
1197	3	656595	657568
1198	3	657568	657675
1199	3	657675	657795
1200	27	664395	664893
1201	27	664893	665475
1202	27	665475	665595
1203	27	665595	666675
1204	27	666675	666795
1205	27	667875	667995
1206	27	667995	669075
1207	27	669075	669195
1208	27	669195	670275
1209	27	670275	670495
1210	27	670495	671475
1211	27	671475	671595
1212	27	671595	672675
1213	27	672675	672795
1214	35	673735	674075
1215	35	674075	674195
1216	35	674195	675275
1217	35	675275	675395
1218	35	675395	676475
1219	35	676475	676595
1220	35	676595	677675
1221	35	677675	677795
1222	1	678025	678145
1223	15	678375	678495
1224	29	678725	678845
1225	35	678875	678995
1226	1	679225	679345
1227	1	679345	680425
1228	1	680425	680645
1229	15	680775	680995
1230	25	681025	681245
1231	25	681245	682225
1232	25	682225	682345
1233	25	682345	683425
1234	25	683425	683545
1235	35	683675	683795
1236	35	683795	684875
1237	35	684875	684995
1238	35	684995	686075
1239	35	686075	686195
1240	1	686243	686425
1241	1	686425	686545
1242	1	686545	687625
1243	1	687625	687745
1244	15	687975	688095
1245	25	688225	688345
1246	33	688545	689625
1247	33	689625	689745
1248	1	690025	690145
1249	1	690145	691225
1250	1	691225	691545
1251	15	691575	691895
1252	15	691895	692169
1253	15	692169	692775
1254	15	692775	692895
1255	23	692975	693095
1256	23	693095	694175
1257	23	694175	694295
1258	23	694295	694538
1259	23	694538	695375
1260	23	695375	695495
1261	35	695675	695795
1262	35	695795	696875
1263	35	696875	696995
1264	13	697525	697645
1265	13	697645	697753
1266	13	697753	698725
1267	13	698725	698845
1268	13	698845	699925
1269	13	699925	700045
1270	13	700045	701125
1271	13	701125	701245
1272	13	701245	702325
1273	13	702325	702545
1274	13	702545	703525
1275	13	703525	703645
1276	21	703725	703845
1277	21	703845	704925
1278	21	704925	705045
1279	21	705045	706125
1280	21	706125	706245
1281	21	706245	707325
1282	21	707325	707445
1283	21	707445	708525
1284	21	708525	708645
1285	21	708645	709725
1286	21	709725	709845
1287	21	709845	710925
1288	21	710925	711045
1289	21	711045	712125
1290	21	712125	712245
1291	21	712245	713325
1292	21	713325	713545
1293	11	713815	714275
1294	11	714275	714395
1295	21	714525	714645
1296	21	714645	715725
1297	21	715725	715845
1298	21	715845	716925
1299	23	716975	717095
1300	23	717095	718175
1301	23	718175	718295
1302	23	718295	719375
1303	23	719375	719495
1304	23	719495	720575
1305	45	721125	721345
1306	45	721345	722325
1307	45	722325	722445
1308	45	722445	723525
1309	45	723525	723645
1310	45	723645	724212
1311	45	724212	724725
1312	45	724725	724945
1313	45	724945	725925
1314	45	725925	726045
1315	45	726045	727125
1316	45	727125	727245
1317	45	727245	728325
1318	45	728325	728445
1319	45	728445	729525
1320	45	729525	729645
1321	45	729645	730725
1322	45	730725	730845
1323	45	730845	731925
1324	45	731925	732045
1325	45	732045	733125
1326	45	733125	733245
1327	45	733245	734325
1328	45	734325	734445
1329	45	734445	735525
1330	45	735525	735745
1331	45	735745	736725
1332	45	736725	736845
1333	45	736845	737925
1334	45	737925	738045
1335	45	738045	739125
1336	45	739125	739245
1337	45	739245	740325
1338	45	740325	740445
1339	45	740445	741525
1340	45	741525	741645
1341	45	741645	742725
1342	45	742725	742845
1343	45	742845	743925
1344	45	743925	744045
1345	45	744045	744714
1346	45	744714	745125
1347	45	745125	745245
1348	45	745245	745319
1349	45	745319	746325
1350	45	746325	746545
1351	45	746545	747525
1352	45	747525	747645
1353	45	747645	748725
1354	45	748725	748845
1355	45	748845	749925
1356	45	749925	750145
1357	45	750145	751125
1358	45	751125	751245
1359	5	751325	751445
1360	5	751445	752525
1361	5	752525	752645
1362	5	752645	753725
1363	5	753725	753845
1364	5	753845	753890
1365	5	753890	754925
1366	5	754925	755045
1367	5	755045	756125
1368	5	756125	756345
1369	5	756345	757325
1370	5	757325	757445
1371	5	757445	758525
1372	5	758525	758645
1373	5	758645	759725
1374	5	759725	759845
1375	5	759845	760925
1376	5	760925	761045
1377	5	761045	762125
1378	5	762125	762245
1379	5	762245	763325
1380	5	763325	763445
1381	5	763445	764525
1382	5	764525	764645
1383	5	764645	765725
1384	5	765725	765845
1385	5	765845	766925
1386	5	766925	767145
1387	5	767145	768125
1388	5	768125	768245
1389	5	768245	769325
1390	5	769325	769445
1391	5	769445	770525
1392	5	770525	770645
1393	5	770645	771725
1394	5	771725	771845
1395	5	771845	772925
1396	5	772925	773045
1397	5	773045	774125
1398	5	774125	774245
1399	5	774245	774820
1400	5	774820	775325
1401	5	775325	775445
1402	5	775445	775545
1403	29	775925	776045
1404	29	776045	776326
1405	29	776326	777125
1406	29	777125	777245
1407	29	777245	778325
1408	29	778325	778645
1409	29	778645	779525
1410	29	779525	779645
1411	29	779645	780725
1412	29	780725	780845
1413	29	780845	781925
1414	29	781925	782045
1415	29	782045	783125
1416	29	783125	783245
1417	29	783245	784325
1418	29	784325	784445
1419	29	784445	785525
1420	29	785525	785645
1421	29	785645	786725
1422	29	786725	786845
1423	29	786845	787925
1424	29	787925	788045
1425	37	788125	788245
1426	37	788245	789325
1427	37	789325	789545
1428	37	789545	790525
1429	37	790525	790645
1430	37	790645	791725
1431	37	791725	791845
1432	37	791845	792925
1433	37	792925	793045
1434	39	793095	794175
1435	39	794175	794295
1436	39	794295	795375
1437	39	795375	795495
1438	39	795495	796575
1439	39	796575	796695
1440	1	796825	796945
1441	1	796945	798025
1442	1	798025	798145
1443	1	798145	799225
1444	1	799225	799445
1445	1	799445	800425
1446	1	800425	800545
1447	1	800545	801453
1448	1	801453	801625
1449	1	801625	801745
1450	27	802275	802395
1451	27	802395	803475
1452	27	803475	803595
1453	27	803595	804359
1454	27	804359	804675
1455	27	804675	804795
1456	27	804795	805875
1457	27	805875	805995
1458	27	805995	806753
1459	27	806753	807075
1460	27	807075	807295
1461	27	807295	808275
1462	27	808275	808395
1463	27	808395	809475
1464	27	809475	809595
1465	27	809595	810675
1466	27	810675	810895
1467	27	810895	811875
1468	27	811875	811995
1469	27	811995	813075
1470	27	813075	813195
1471	27	813195	814260
1472	13	814802	815125
1473	13	815125	815245
1474	13	815245	816325
1475	13	816325	816445
1476	13	816445	817525
1477	13	817525	817645
1478	25	817825	817945
1479	25	817945	819025
1480	25	819025	819145
1481	25	819145	820225
1482	25	820225	820345
1483	25	820345	821425
1484	25	821425	821645
1485	25	821645	821754
1486	25	821754	822625
1487	25	822625	822745
1488	25	822745	823242
1489	15	823575	823695
1490	15	823695	824775
1491	15	824775	824895
1492	15	824895	825975
1493	15	825975	826095
1494	15	826095	827175
1495	15	827175	827295
1496	23	827375	827495
1497	23	827495	828575
1498	23	828575	828695
1499	33	828825	828945
1500	33	828945	830025
1501	33	830025	830145
1502	33	830145	831225
1503	33	831225	831345
1504	33	831345	832425
1505	35	832475	832695
1506	35	832695	832785
1507	11	833075	833195
1508	11	833195	834275
1509	11	834275	834395
1510	11	834395	835475
1511	11	835475	835695
1512	11	835695	836675
1513	33	837225	837345
1514	33	837345	838182
1515	33	838182	838425
1516	33	838425	838545
1517	45	839925	840045
1518	45	840045	841125
1519	45	841125	841245
1520	45	841245	842325
1521	45	842325	842445
1522	45	842445	843525
1523	45	843525	843745
1524	45	843745	844725
1525	45	844725	844845
1526	45	844845	844979
1527	45	844979	845925
1528	45	845925	846045
1529	9	846225	846345
1530	23	846575	846695
1531	45	847125	847245
1532	9	847425	847545
1533	9	847545	848625
1534	9	848625	848745
1535	9	848745	849825
1536	9	849825	849945
1537	9	849945	851025
1538	9	851025	851145
1539	9	851145	852225
1540	9	852225	852345
1541	9	852345	853425
1542	9	853425	853645
1543	9	853645	854625
1544	9	854625	854745
1545	9	854745	855825
1546	9	855825	855945
1547	9	855945	857025
1548	9	857025	857145
1549	9	857145	858225
1550	9	858225	858345
1551	9	858345	859425
1552	11	859475	859595
1553	11	859595	860675
1554	11	860675	860795
1555	11	860795	861875
1556	11	861875	861995
1557	11	861995	863075
1558	11	863075	863195
1559	11	863195	863576
1560	31	863695	864775
1561	31	864775	865095
1562	31	865095	865975
1563	31	865975	866095
1564	31	866095	867175
1565	31	867175	867295
1566	31	867295	868375
1567	31	868375	868495
1568	31	868495	869575
1569	31	869575	869695
1570	31	869695	870775
1571	31	870775	870895
1572	45	871125	871245
1573	45	871245	872325
1574	45	872325	872445
1575	45	872445	873525
1576	45	873525	873645
1577	45	873645	874060
1578	45	874060	874725
1579	45	874725	874845
1580	3	874875	875095
1581	3	875095	876075
1582	3	876075	876195
1583	3	876195	877275
1584	3	877275	877395
1585	3	877395	877563
1586	3	877563	878475
1587	3	878475	878595
1588	3	878595	879675
1589	3	879675	879795
1590	31	880375	880495
1591	31	880495	881575
1592	31	881575	881695
1593	31	881695	882775
1594	31	882775	882895
1595	41	883025	883145
1596	41	883145	884225
1597	41	884225	884345
1598	5	884525	884645
1599	5	884645	885725
1600	5	885725	885945
1601	31	886375	886595
1602	31	886595	887575
1603	31	887575	887695
1604	31	887695	888775
1605	31	888775	888895
1606	31	888895	889975
1607	31	889975	890095
1608	31	890095	891175
1609	31	891175	891295
1610	31	891295	892375
1611	31	892375	892495
1612	31	892495	892851
1613	31	892851	893575
1614	31	893575	893795
1615	31	893795	894775
1616	31	894775	894895
1617	31	894895	895975
1618	31	895975	896095
1619	31	896095	897175
1620	31	897175	897395
1621	31	897395	898375
1622	31	898375	898495
1623	31	898495	899575
1624	31	899575	899695
1625	31	899695	900464
1626	27	900675	900795
1627	27	900795	901875
1628	27	901875	901995
1629	27	901995	903075
1630	27	903075	903195
1631	27	903195	903856
1632	27	903856	904275
1633	27	904275	904395
1634	27	904395	905475
1635	27	905475	905595
1636	37	905725	905845
1637	37	905845	906925
1638	37	906925	907045
1639	37	907045	907200
Site : Kourou
Anntenna : 1 nbContacts : 1615
	Sat 	StartTime 	EndTime 
0	43	0	1075
1	43	1075	1395
2	43	1395	2275
3	43	2275	2395
4	43	2395	3475
5	43	3475	3595
6	43	3595	3713
7	43	3713	4675
8	43	4675	4795
9	43	4795	5875
10	43	5875	5995
11	43	5995	7075
12	43	7075	7195
13	43	7195	8275
14	43	8275	8395
15	43	8395	9475
16	43	9475	9595
17	43	9595	10675
18	43	10675	10795
19	43	10795	11875
20	43	11875	12095
21	43	12095	13075
22	43	13075	13195
23	43	13195	14275
24	43	14275	14395
25	43	14395	15475
26	43	15475	15595
27	43	15595	16675
28	43	16675	16795
29	43	16795	17875
30	43	17875	17995
31	43	17995	19075
32	43	19075	19195
33	43	19195	20275
34	43	20275	20395
35	43	20395	21475
36	43	21475	21595
37	5	21725	21945
38	5	21945	22925
39	5	22925	23045
40	5	23045	24125
41	5	24125	24245
42	31	24775	24895
43	39	24975	25095
44	39	25095	26036
45	39	26036	26175
46	39	26175	26295
47	39	26295	27375
48	39	27375	27495
49	39	27495	28575
50	39	28575	28695
51	39	28695	29775
52	39	29775	29995
53	39	29995	30975
54	39	30975	31095
55	39	31095	32175
56	39	32175	32295
57	39	32295	33375
58	39	33375	33595
59	3	33675	33795
60	3	33795	34875
61	3	34875	34995
62	3	34995	36075
63	3	36075	36195
64	31	36775	36895
65	31	36895	37975
66	31	37975	38095
67	31	38095	38964
68	27	39075	39195
69	27	39195	40275
70	27	40275	40395
71	27	40395	41475
72	27	41475	41595
73	27	41595	42264
74	27	42264	42675
75	27	42675	42795
76	27	42795	43875
77	27	43875	44095
78	39	44175	44395
79	3	44475	44595
80	3	44595	45675
81	3	45675	45795
82	27	46275	46395
83	27	46395	47475
84	27	47475	47595
85	27	47595	48521
86	27	48521	48675
87	29	48725	48845
88	29	48845	49925
89	29	49925	50045
90	29	50045	50366
91	1	50425	50545
92	1	50545	51625
93	1	51625	51745
94	1	51745	52825
95	1	52825	52945
96	1	52945	54025
97	1	54025	54245
98	1	54245	55225
99	1	55225	55345
100	1	55345	55905
101	1	55905	56425
102	1	56425	56545
103	1	56545	57625
104	1	57625	57845
105	1	57845	58825
106	1	58825	58945
107	1	58945	60025
108	1	60025	60145
109	1	60145	61225
110	1	61225	61345
111	15	61575	61695
112	15	61695	62775
113	15	62775	62895
114	15	62895	63174
115	15	63174	63975
116	15	63975	64095
117	27	64275	64395
118	27	64395	65475
119	27	65475	65695
120	27	65695	66675
121	27	66675	66795
122	33	66825	66945
123	33	66945	68025
124	33	68025	68145
125	33	68145	69225
126	33	69225	69345
127	33	69345	70425
128	33	70425	70545
129	33	70545	71625
130	33	71625	71745
131	15	72375	72495
132	15	72495	73575
133	15	73575	73695
134	15	73695	74775
135	15	74775	74895
136	27	75075	75195
137	33	75225	75345
138	33	75345	75772
139	13	75925	76145
140	15	76195	77175
141	15	77175	77295
142	15	77295	78375
143	15	78375	78495
144	15	78495	79575
145	15	79575	79695
146	15	79695	80775
147	15	80775	80895
148	15	80895	81975
149	15	81975	82095
150	11	82115	83075
151	11	83075	83195
152	11	83195	84275
153	11	84275	84395
154	11	84395	85475
155	11	85475	85595
156	11	85595	86675
157	11	86675	86995
158	11	86995	87875
159	11	87875	87995
160	11	87995	89075
161	11	89075	89195
162	11	89195	90275
163	11	90275	90395
164	11	90395	91475
165	11	91475	91595
166	11	91595	92675
167	11	92675	92795
168	11	92795	93875
169	11	93875	93995
170	11	93995	95075
171	11	95075	95195
172	11	95195	95727
173	11	95727	96275
174	11	96275	96395
175	21	96525	96645
176	21	96645	97725
177	21	97725	97945
178	21	97945	98925
179	21	98925	99045
180	33	99225	99345
181	33	99345	100425
182	33	100425	100545
183	33	100545	101267
184	33	101267	101625
185	33	101625	101745
186	47	101975	102095
187	47	102095	103175
188	47	103175	103295
189	45	103579	104325
190	45	104325	104445
191	45	104445	105525
192	45	105525	105645
193	45	105645	106725
194	45	106725	106845
195	45	106845	107925
196	45	107925	108045
197	45	109125	109345
198	45	109345	110325
199	45	110325	110445
200	21	110925	111045
201	21	111045	112125
202	21	112125	112245
203	21	112245	113325
204	21	113325	113445
205	21	113445	113899
206	21	113899	113993
207	21	113993	114525
208	21	114525	114645
209	21	114645	115725
210	21	115725	115945
211	21	115945	116925
212	21	116925	117045
213	21	117045	118125
214	21	118125	118245
215	21	118245	119325
216	21	119325	119545
217	41	119825	120045
218	41	120045	121025
219	41	121025	121145
220	41	121145	122225
221	41	122225	122345
222	41	122345	123425
223	41	123545	124625
224	41	124625	124745
225	41	124745	125825
226	41	125825	125945
227	41	125945	127025
228	41	127025	127145
229	41	127145	128225
230	41	128225	128345
231	41	128345	129425
232	41	129425	129545
233	43	129595	130675
234	43	130675	130895
235	43	130895	131875
236	43	131875	131995
237	43	131995	133075
238	43	133075	133195
239	43	133195	134275
240	43	134275	134395
241	43	134395	135475
242	43	135475	135595
243	43	135595	136675
244	43	136675	136795
245	43	136795	137875
246	43	137875	137995
247	43	137995	139075
248	43	139075	139195
249	43	139195	140275
250	43	140275	140395
251	43	140395	141475
252	43	141475	141695
253	43	141695	142675
254	43	142675	142795
255	43	142795	143404
256	43	143404	143875
257	43	143875	143995
258	43	143995	145005
259	43	145005	145075
260	43	145075	145295
261	43	145295	146275
262	43	146275	146395
263	43	146395	147475
264	43	147475	147595
265	3	147675	147795
266	3	147795	148875
267	3	148875	148995
268	3	148995	150075
269	3	150075	150195
270	3	150195	151275
271	3	151275	151495
272	3	151495	151667
273	3	151667	152240
274	3	152240	152475
275	3	152475	152595
276	5	152645	153725
277	5	153725	153845
278	5	153845	154925
279	5	154925	155045
280	5	155045	156125
281	5	156125	156245
282	5	156245	157325
283	5	157325	157445
284	31	157975	158095
285	31	158095	158221
286	31	158221	159175
287	31	159175	159295
288	37	159325	159445
289	37	159445	160008
290	37	160008	160198
291	31	160375	160495
292	31	160495	160510
293	31	160510	161575
294	31	161575	161695
295	31	161695	162775
296	31	162775	162995
297	31	162995	163975
298	27	163995	164254
299	27	164254	165075
300	27	165075	165195
301	27	165195	166275
302	27	166275	166395
303	27	166395	167475
304	27	167475	167595
305	27	167595	168675
306	27	168675	168795
307	27	168795	169875
308	27	169875	169995
309	27	169995	171075
310	27	171075	171195
311	39	171375	171495
312	39	171495	171990
313	37	172645	173725
314	37	173725	174045
315	37	174925	175045
316	37	176125	176245
317	37	176245	177325
318	37	177325	177445
319	37	178525	178645
320	37	178645	179725
321	37	179725	179845
322	37	179845	180925
323	37	180925	181045
324	37	181045	181409
325	37	181409	182125
326	37	182125	182245
327	1	182425	182545
328	1	182545	183625
329	1	183625	183845
330	25	184225	184445
331	25	184445	185425
332	25	185425	185545
333	25	185545	186625
334	25	186625	186745
335	37	186925	187045
336	37	187045	188125
337	37	188125	188245
338	37	188245	189325
339	37	189325	189445
340	37	189445	190122
341	37	190122	190525
342	37	190525	190645
343	37	190645	191725
344	37	191725	191845
345	37	191845	192925
346	37	192925	193045
347	37	193045	194125
348	37	194125	194245
349	33	194813	195225
350	33	195225	195445
351	33	195445	196425
352	33	196425	196545
353	33	196545	197625
354	33	197625	197745
355	33	197745	198825
356	33	198825	198945
357	33	198945	200025
358	33	200025	200145
359	33	200145	201225
360	33	201225	201345
361	33	201345	202425
362	33	202425	202645
363	33	202645	203625
364	33	203625	203745
365	33	203745	204353
366	33	204353	204825
367	33	204825	204945
368	23	205775	205995
369	33	206025	206245
370	33	206245	207225
371	33	207225	207345
372	33	207345	208425
373	33	208425	208545
374	33	208545	209625
375	33	209625	209745
376	33	209745	210825
377	33	210825	210945
378	33	210945	212025
379	33	212025	212145
380	47	212375	212495
381	47	212495	212602
382	47	212602	213575
383	11	213640	213875
384	11	213875	213995
385	11	213995	215075
386	11	215075	215195
387	11	215195	216275
388	11	216275	216495
389	11	216495	217475
390	11	217475	217595
391	11	217595	218675
392	11	218675	218795
393	21	218925	219045
394	21	219045	220125
395	21	220125	220245
396	33	220425	220545
397	33	220545	221625
398	33	221625	221745
399	45	222045	222325
400	45	222325	223125
401	45	223125	223245
402	45	223245	224325
403	45	224325	224445
404	11	224675	224795
405	11	224795	225875
406	11	225875	225995
407	11	225995	226780
408	11	226780	227075
409	11	227075	227295
410	11	227295	228275
411	11	228275	228395
412	11	228395	229475
413	11	229475	229595
414	11	229595	230675
415	11	230675	230895
416	11	230895	231875
417	11	231875	231995
418	11	231995	233075
419	11	233075	233195
420	11	233195	234275
421	11	234275	234395
422	11	234395	235475
423	11	235475	235595
424	11	235595	236675
425	11	236675	236795
426	11	236795	237875
427	11	237875	238095
428	21	238125	238345
429	21	238345	239325
430	21	239325	239445
431	21	239445	240525
432	21	240525	240645
433	21	240645	241725
434	21	241725	241845
435	21	241845	242681
436	21	242681	242925
437	21	243045	244125
438	21	244125	244245
439	21	244245	245325
440	21	245325	245445
441	21	245445	245553
442	21	245553	246525
443	21	246525	246645
444	21	246645	247725
445	21	247725	247845
446	41	248225	248345
447	41	248345	249425
448	41	249425	249645
449	41	249645	250625
450	41	250625	250745
451	5	250808	250925
452	5	250925	251045
453	5	251045	252125
454	5	252125	252245
455	5	252245	253325
456	5	253325	253445
457	5	253445	254525
458	5	254525	254645
459	5	254645	255725
460	5	255725	255845
461	5	255845	256925
462	5	256925	257045
463	5	257045	258125
464	5	258125	258245
465	5	258245	259325
466	5	259325	259645
467	5	259645	260525
468	5	260525	260645
469	5	260645	261725
470	5	261725	261845
471	5	261845	262925
472	5	262925	263045
473	5	263045	264125
474	5	264125	264245
475	5	264245	265325
476	5	265325	265445
477	5	265445	266525
478	5	266525	266645
479	5	266645	266957
480	5	266957	267725
481	5	267725	267845
482	5	267845	268925
483	5	268925	269045
484	5	269045	270125
485	5	270125	270345
486	5	270345	271325
487	5	271325	271445
488	5	271445	272525
489	5	272525	272645
490	5	272645	273725
491	5	273725	273845
492	5	273845	274925
493	5	274925	275045
494	29	275525	275645
495	31	275695	276775
496	31	276775	276895
497	43	277075	277195
498	3	277275	277395
499	3	277395	277410
500	31	277975	278095
501	31	278095	279175
502	31	279175	279295
503	31	279295	280375
504	31	280375	280495
505	39	280575	280695
506	39	280695	281775
507	39	281775	281995
508	1	282025	282145
509	27	282182	282675
510	27	282675	282795
511	39	282975	283095
512	39	283095	284175
513	39	284175	284295
514	39	284295	285375
515	39	285375	285495
516	39	285495	286152
517	39	286152	286575
518	39	286575	286695
519	39	286695	287775
520	39	287775	287895
521	39	287895	288975
522	39	288975	289195
523	39	289195	290175
524	39	290175	290295
525	39	290295	291375
526	39	291375	291495
527	39	291495	292575
528	39	292575	292795
529	39	292795	293775
530	39	293775	293895
531	39	293895	294975
532	39	294975	295095
533	39	295095	296175
534	39	296175	296295
535	27	296430	297075
536	27	297075	297195
537	27	297195	298275
538	27	298275	298395
539	27	298395	299475
540	27	299475	299595
541	27	299595	300675
542	27	300675	300795
543	27	300795	301875
544	27	301875	301995
545	27	301995	303075
546	27	303075	303295
547	27	303295	304275
548	27	304275	304395
549	35	304475	304595
550	35	304595	305675
551	35	305675	305795
552	35	305795	306875
553	35	306875	306995
554	35	306995	308075
555	35	308075	308195
556	35	308195	309275
557	35	309275	309395
558	35	309395	310475
559	35	310475	310595
560	35	310595	311675
561	35	311675	311795
562	35	311795	312875
563	35	312875	312995
564	35	312995	314075
565	35	314075	314295
566	35	314295	315275
567	35	315275	315395
568	35	315395	316475
569	35	316475	316595
570	35	316595	317675
571	35	317675	317895
572	35	317895	318875
573	35	318875	318995
574	35	318995	320075
575	35	320075	320195
576	35	320195	320349
577	35	320349	321275
578	35	321275	321395
579	35	321395	322475
580	35	322475	322595
581	35	322595	323675
582	35	323675	323795
583	23	324089	324575
584	23	324575	324795
585	23	324795	325775
586	23	325775	325895
587	23	325895	326975
588	23	326975	327095
589	33	327225	327345
590	33	327345	328425
591	33	328425	328545
592	33	328545	329625
593	33	329625	329745
594	33	329745	330825
595	33	330825	330945
596	33	330945	332025
597	33	332025	332145
598	47	332375	332495
599	47	332495	333202
600	33	333225	333345
601	47	333575	333695
602	13	333925	334045
603	21	334106	334125
604	21	334125	334245
605	21	334245	335325
606	21	335325	335545
607	21	335545	336525
608	21	336525	336645
609	21	336645	337725
610	21	337725	337845
611	21	337845	338925
612	21	338925	339045
613	21	339045	340125
614	21	340125	340245
615	21	340245	341325
616	21	341325	341445
617	21	341445	342525
618	21	342525	342645
619	9	343041	343425
620	9	343425	343545
621	9	343545	344625
622	9	344625	344745
623	9	344745	345825
624	9	345825	346145
625	9	346145	347025
626	9	347025	347145
627	9	347145	348225
628	9	348225	348345
629	9	348345	349425
630	9	349425	349545
631	9	349545	350625
632	9	350625	350745
633	9	350745	351825
634	9	351825	351945
635	9	351945	353025
636	9	353025	353145
637	9	353145	354225
638	9	354225	354345
639	9	354345	355286
640	9	355286	355425
641	9	355425	355545
642	9	355545	356625
643	9	356625	356845
644	9	356845	357825
645	9	357825	357945
646	9	357945	359025
647	9	359025	359145
648	47	359574	359975
649	47	359975	360095
650	9	360225	360345
651	9	360345	361425
652	9	361425	361545
653	21	361725	361845
654	21	361845	362912
655	21	362925	363045
656	21	363045	364125
657	21	364125	364245
658	43	364385	364675
659	43	364675	364795
660	43	364795	365875
661	43	365875	365995
662	43	365995	367075
663	43	367075	367195
664	43	367195	368275
665	43	368275	368495
666	5	368525	368645
667	5	368645	369725
668	5	369725	369845
669	5	369845	370925
670	5	370925	371045
671	5	371045	372125
672	5	372125	372245
673	5	372245	373325
674	5	373325	373445
675	5	373445	374525
676	5	374525	374745
677	5	374745	375725
678	5	375725	375845
679	5	375845	376925
680	5	376925	377045
681	5	377045	378125
682	5	378125	378345
683	5	378345	379325
684	5	379325	379445
685	5	379445	380525
686	5	380525	380645
687	5	380645	381725
688	5	381725	381845
689	5	381845	382925
690	5	382925	383045
691	5	383045	384024
692	5	384024	384125
693	5	384125	384245
694	5	384245	385325
695	5	385325	385445
696	5	385445	386525
697	5	386525	386645
698	5	386645	387725
699	5	387725	387845
700	5	387845	388925
701	5	388925	389145
702	5	389145	390125
703	5	390125	390245
704	5	390245	391325
705	5	391325	391445
706	5	391445	392525
707	5	392525	392645
708	39	392895	393375
709	39	393375	393495
710	39	393495	394575
711	39	394575	394695
712	39	394695	395775
713	39	395775	395895
714	39	395895	396975
715	39	396975	397095
716	39	397095	398175
717	39	398175	398295
718	39	398295	399375
719	39	399375	399495
720	39	399495	400575
721	43	400675	400895
722	43	400895	401875
723	43	401875	401995
724	3	402075	402195
725	3	402195	403275
726	3	403275	403495
727	29	403925	404145
728	29	404145	404438
729	29	404438	405125
730	29	405125	405245
731	29	405245	406325
732	29	406325	406445
733	29	406445	407525
734	29	407525	407645
735	29	407645	408725
736	29	408725	408845
737	29	408845	409925
738	29	409925	410045
739	29	410045	411125
740	29	411125	411345
741	29	411345	412325
742	29	412325	412445
743	29	412445	412925
744	29	412925	413525
745	29	413525	413645
746	39	413775	413895
747	39	413895	414975
748	39	414975	415095
749	39	415095	416175
750	39	416175	416295
751	39	416295	417375
752	39	417375	417495
753	39	417495	418575
754	39	418575	418695
755	39	418695	419775
756	39	419775	419895
757	39	419895	420975
758	39	420975	421095
759	3	421275	421495
760	3	421495	422475
761	3	422475	422595
762	3	422595	423021
763	3	423021	423675
764	3	423675	423795
765	3	423795	424875
766	3	424875	424995
767	3	424995	426075
768	3	426075	426195
769	3	426195	426532
770	3	426532	427275
771	3	427275	427395
772	15	427575	427695
773	15	427695	428775
774	15	428775	428895
775	27	429075	429195
776	29	429245	430235
777	27	430275	430395
778	1	430825	430945
779	1	430945	432025
780	1	432025	432345
781	1	432345	432539
782	1	432539	433225
783	1	433225	433345
784	13	433525	433645
785	13	433645	434725
786	13	434725	434845
787	13	434845	435925
788	13	435925	436045
789	13	436045	437125
790	13	437125	437245
791	13	437245	438325
792	13	438325	438445
793	13	438445	439525
794	13	439525	439645
795	13	439645	440725
796	13	440725	440845
797	13	440845	441925
798	13	441925	442045
799	13	442045	443125
800	13	443125	443345
801	13	443345	443598
802	13	443598	444325
803	13	444325	444445
804	13	444445	445525
805	13	445525	445645
806	23	445775	445895
807	35	446075	446195
808	13	446725	446845
809	25	447025	447145
810	35	447275	447395
811	35	447395	448475
812	35	448475	448595
813	35	448595	449675
814	35	449675	449795
815	35	449795	449968
816	35	449968	450875
817	35	450875	450995
818	35	450995	452075
819	35	452075	452195
820	21	452662	452925
821	21	452925	453045
822	21	453045	454125
823	21	454125	454345
824	21	454345	455325
825	21	455325	455445
826	21	455445	456525
827	21	456525	456645
828	21	456645	457725
829	21	457725	457845
830	21	457845	458925
831	21	458925	459045
832	21	459045	460125
833	21	460125	460245
834	21	460245	461325
835	21	461325	461545
836	21	461545	462525
837	21	462525	462645
838	21	462645	463725
839	21	463725	463845
840	21	463845	464925
841	13	464945	465925
842	13	465925	466045
843	21	466125	466245
844	21	466245	467325
845	21	467325	467445
846	21	467445	467658
847	21	467658	468525
848	21	468525	468645
849	21	468645	469725
850	21	469725	469845
851	21	469845	470925
852	21	470925	471045
853	21	471045	472125
854	21	472125	472245
855	45	472725	472845
856	45	472845	473292
857	45	473292	473925
858	45	473925	474045
859	47	474095	475175
860	47	475175	475295
861	47	475295	476375
862	47	476375	476595
863	11	476675	476795
864	11	476795	477875
865	11	477875	477995
866	11	477995	479075
867	11	479075	479195
868	11	479195	479597
869	11	479597	480275
870	11	480275	480395
871	11	480395	481475
872	11	481475	481595
873	11	481595	482675
874	11	482675	482795
875	11	482795	483875
876	11	483875	483995
877	11	483995	485075
878	11	485075	485195
879	11	485195	486275
880	11	486275	486495
881	11	486495	487475
882	11	487475	487595
883	47	488375	488495
884	47	488495	489575
885	47	489695	490775
886	47	490775	490995
887	47	490995	491975
888	47	491975	492095
889	5	492125	492245
890	5	492245	493325
891	5	493325	493445
892	5	493445	494525
893	5	494525	494645
894	5	494645	495725
895	5	495725	495845
896	5	495845	496925
897	5	496925	497145
898	5	497145	498125
899	5	498125	498245
900	5	498245	499325
901	5	499325	499445
902	5	499445	500525
903	5	500525	500645
904	5	500645	501194
905	31	501295	502375
906	31	502375	502495
907	31	502495	503575
908	31	503575	503695
909	31	503695	504218
910	31	504218	504775
911	31	504775	504895
912	31	504895	505975
913	31	505975	506095
914	31	506095	507175
915	31	507175	507295
916	31	507295	508375
917	31	508375	508595
918	31	508595	509575
919	31	509575	509695
920	31	509695	510775
921	31	510775	510895
922	31	510895	511975
923	31	511975	512095
924	31	512095	513175
925	31	513175	513295
926	31	513295	514375
927	31	514375	514495
928	31	514495	515575
929	31	515575	515695
930	31	515695	516403
931	31	516403	516775
932	29	516845	517925
933	29	517925	518045
934	29	518045	519125
935	29	519125	519445
936	29	519445	520290
937	29	520290	520325
938	29	520325	520445
939	29	520445	521525
940	29	521525	521645
941	29	521645	522725
942	29	522725	522845
943	29	522845	523680
944	29	523680	523925
945	29	523925	524045
946	29	524045	525125
947	29	525125	525245
948	29	525245	526325
949	29	526325	526445
950	29	526445	527525
951	29	527525	527645
952	29	527645	528725
953	29	528845	529925
954	29	529925	530145
955	29	530145	531125
956	29	531125	531245
957	29	531245	532325
958	29	532325	532445
959	41	532458	532625
960	41	532625	532745
961	41	532745	533825
962	41	533825	533945
963	41	533945	535025
964	41	535025	535145
965	3	535275	535395
966	3	535395	536475
967	3	536475	536595
968	29	537125	537245
969	39	537375	537495
970	39	537495	538575
971	39	538575	538695
972	39	538695	538913
973	39	538913	539775
974	39	539775	539895
975	39	539895	540975
976	39	540975	541195
977	39	541195	542175
978	39	542175	542295
979	39	542295	543375
980	39	543375	543495
981	39	543495	544575
982	39	544575	544695
983	39	544695	545775
984	39	545775	545895
985	1	546025	546145
986	1	546145	547225
987	1	547225	547445
988	1	547445	548425
989	1	548425	548545
990	1	548545	549625
991	1	549625	549745
992	1	549745	550825
993	1	550825	551045
994	1	551045	552025
995	1	552025	552145
996	1	552145	553225
997	1	553225	553345
998	15	553575	553695
999	15	553695	554439
1000	15	554439	554775
1001	15	554775	554895
1002	15	554895	555975
1003	15	555975	556095
1004	27	556275	556395
1005	27	556395	557475
1006	27	557475	557595
1007	27	557595	558675
1008	27	558675	558795
1009	27	558795	559875
1010	27	559875	559995
1011	27	559995	561075
1012	27	561075	561195
1013	35	561275	561395
1014	35	561395	562475
1015	35	562475	562695
1016	35	562695	563675
1017	35	563675	563795
1018	35	563795	564875
1019	35	564875	564995
1020	15	565575	565695
1021	25	565825	565945
1022	25	565945	567025
1023	25	567025	567145
1024	25	567145	568225
1025	25	568225	568345
1026	25	568345	569425
1027	25	569425	569545
1028	25	569545	570625
1029	25	570625	570745
1030	25	570745	571103
1031	13	571525	571645
1032	13	571645	572725
1033	13	572725	572945
1034	13	572945	573925
1035	13	573925	574045
1036	13	574045	575125
1037	13	575125	575245
1038	13	575245	575748
1039	13	575748	576325
1040	13	576325	576545
1041	23	576575	576795
1042	23	576795	577775
1043	23	577775	577895
1044	23	577895	578975
1045	23	578975	579095
1046	33	579225	579345
1047	33	579345	579950
1048	33	579950	580425
1049	33	580425	580545
1050	33	580545	581625
1051	33	581625	581745
1052	33	581745	582825
1053	33	582825	582945
1054	33	582945	584025
1055	33	584025	584245
1056	45	584325	584545
1057	45	584545	585525
1058	45	585525	585645
1059	45	585645	586725
1060	45	586725	586845
1061	45	586845	587925
1062	45	587925	588045
1063	45	588045	589125
1064	45	589125	589245
1065	45	589245	590325
1066	45	590325	590445
1067	45	590445	590804
1068	45	590804	591031
1069	33	591225	591345
1070	33	591345	592425
1071	47	592775	592895
1072	47	592895	593975
1073	47	593975	594095
1074	47	594095	595175
1075	47	595175	595395
1076	9	595425	595545
1077	9	595545	596625
1078	9	596625	596745
1079	9	596745	597825
1080	9	597825	597945
1081	9	597945	599025
1082	9	599025	599145
1083	9	599145	600225
1084	9	600225	600345
1085	9	600345	601425
1086	9	601425	601545
1087	9	601545	602625
1088	9	602625	602745
1089	9	602745	603825
1090	9	603825	603945
1091	9	603945	605025
1092	9	605025	605345
1093	9	605345	606225
1094	9	606225	606345
1095	9	606345	607425
1096	9	607425	607545
1097	9	607545	608625
1098	9	608625	608745
1099	9	608745	609393
1100	9	609393	609825
1101	9	609825	609945
1102	9	609945	611025
1103	9	611025	611145
1104	9	611145	612225
1105	9	612225	612345
1106	9	612345	613425
1107	9	613425	613545
1108	9	613545	614625
1109	9	614625	614745
1110	9	614745	615825
1111	9	615825	616045
1112	9	616045	617025
1113	9	617025	617145
1114	9	617145	618225
1115	9	618225	618345
1116	9	618345	619425
1117	9	619425	619545
1118	9	619545	620625
1119	9	620625	620745
1120	9	620745	621394
1121	9	621394	621825
1122	9	621825	621945
1123	9	621945	622770
1124	5	622925	623045
1125	5	623045	624125
1126	5	624125	624245
1127	5	624245	625325
1128	5	625325	625445
1129	41	625565	626225
1130	41	626225	626345
1131	41	626345	627425
1132	41	627425	627645
1133	41	627645	628625
1134	41	628625	628745
1135	41	628745	629825
1136	41	629825	629945
1137	41	629945	631025
1138	41	631025	631145
1139	41	631145	632225
1140	41	632225	632345
1141	41	632345	633425
1142	41	633425	633545
1143	41	633545	634625
1144	41	634625	634845
1145	41	634845	635140
1146	41	635140	635825
1147	41	635825	635945
1148	41	635945	637025
1149	41	637025	637145
1150	41	637145	638225
1151	41	638225	638445
1152	41	638445	639425
1153	41	639425	639545
1154	41	639545	640625
1155	41	640625	640745
1156	41	640745	641825
1157	41	641825	641945
1158	41	641945	643025
1159	41	643025	643145
1160	39	643369	644175
1161	39	644175	644295
1162	39	644295	645375
1163	39	645375	645495
1164	5	645725	645845
1165	29	646325	646445
1166	39	646575	646695
1167	29	647525	647645
1168	41	647825	647945
1169	29	648725	648945
1170	29	648945	649925
1171	29	649925	650045
1172	5	650525	650645
1173	41	651425	651545
1174	41	652745	653503
1175	1	656425	656545
1176	1	656545	657625
1177	1	657625	657745
1178	1	657745	658825
1179	1	658825	659045
1180	1	659045	660025
1181	1	660025	660145
1182	1	660145	661225
1183	1	661225	661345
1184	1	662425	662645
1185	1	663625	663745
1186	1	664819	664825
1187	1	664825	664945
1188	1	672025	672145
1189	1	672145	673225
1190	1	673225	673345
1191	37	674125	674245
1192	37	675325	675445
1193	37	675445	676525
1194	37	676525	676645
1195	37	676645	677725
1196	37	677725	677845
1197	37	677845	678925
1198	37	678925	679045
1199	37	679045	680125
1200	37	680125	680245
1201	37	680245	681325
1202	37	681325	681545
1203	1	681625	681745
1204	15	681975	682095
1205	15	682095	683175
1206	15	683175	683295
1207	15	683295	684375
1208	15	684375	684495
1209	27	684675	684795
1210	27	684795	685875
1211	27	685875	685995
1212	27	685995	687075
1213	27	687075	687195
1214	27	687195	688275
1215	27	688275	688395
1216	1	688825	688945
1217	13	689125	689245
1218	13	689245	690325
1219	15	690375	690495
1220	23	690575	690695
1221	23	690695	691775
1222	23	691775	692095
1223	1	692425	692545
1224	13	692725	692845
1225	13	692845	693925
1226	15	693975	694095
1227	15	694095	695175
1228	15	695175	695295
1229	15	695295	696375
1230	15	696375	696495
1231	15	696495	697575
1232	15	697575	697695
1233	15	697695	698775
1234	15	698775	698895
1235	15	698895	699975
1236	15	699975	700095
1237	15	700095	700424
1238	35	700475	700595
1239	35	700595	701675
1240	35	701675	701795
1241	35	701795	702875
1242	35	702875	703095
1243	9	703152	703425
1244	9	703425	703545
1245	9	703545	704625
1246	9	704625	704745
1247	9	704745	705110
1248	33	705225	705345
1249	47	705575	705695
1250	47	705695	706775
1251	47	706775	706895
1252	11	707075	707195
1253	11	707195	708275
1254	11	708275	708395
1255	23	708575	708695
1256	33	708825	708945
1257	33	708945	709828
1258	33	709828	710025
1259	33	710025	710145
1260	33	710145	711225
1261	33	711225	711345
1262	33	711345	712425
1263	33	712425	712545
1264	33	712545	713625
1265	33	713625	713845
1266	33	713845	714825
1267	33	714825	714945
1268	33	714945	716025
1269	33	716025	716145
1270	33	716145	717225
1271	33	717225	717345
1272	33	717345	718425
1273	33	718425	718545
1274	45	718725	718845
1275	45	718845	719772
1276	45	719772	719925
1277	45	719925	720045
1278	21	720525	720745
1279	21	720745	721678
1280	21	721678	721725
1281	21	721725	721845
1282	21	721845	722925
1283	21	722925	723045
1284	21	723045	724125
1285	21	724125	724345
1286	9	724860	725025
1287	9	725025	725145
1288	9	725145	726225
1289	9	726225	726345
1290	9	726345	727425
1291	9	727425	727545
1292	9	727545	728625
1293	9	728625	728745
1294	9	728745	729825
1295	9	729825	729945
1296	9	729945	731025
1297	9	731025	731145
1298	9	731145	732225
1299	9	732225	732345
1300	9	732345	733425
1301	9	733425	733545
1302	9	733545	734625
1303	9	734625	734845
1304	9	734845	735825
1305	9	735825	735945
1306	9	735945	737025
1307	9	737025	737145
1308	9	737145	738225
1309	9	738225	738345
1310	9	738345	739425
1311	9	739425	739545
1312	9	739545	740625
1313	9	740745	741825
1314	9	741825	741945
1315	9	741945	743025
1316	9	743025	743145
1317	9	743145	744225
1318	9	744225	744345
1319	9	744345	745425
1320	9	745425	745645
1321	9	745645	746625
1322	9	746625	746745
1323	31	747175	747295
1324	31	747295	748375
1325	31	748375	748495
1326	31	748495	749575
1327	31	749575	749795
1328	31	749795	750775
1329	31	750775	750895
1330	31	750895	751975
1331	31	751975	752095
1332	31	752095	753175
1333	31	753175	753295
1334	31	753295	754375
1335	31	754375	754495
1336	31	754495	754867
1337	31	754867	755575
1338	31	755575	755695
1339	31	755695	756775
1340	31	756775	756995
1341	31	756995	757975
1342	31	757975	758095
1343	31	758095	759175
1344	31	759175	759295
1345	31	759295	760375
1346	31	760375	760495
1347	31	760495	761575
1348	31	761575	761695
1349	31	761695	762775
1350	31	762775	762895
1351	41	763025	763145
1352	41	763145	764225
1353	41	764225	764345
1354	41	764345	765425
1355	41	765425	765545
1356	41	765545	766625
1357	41	766625	766745
1358	41	766745	767825
1359	41	767825	768045
1360	41	768045	769025
1361	41	769025	769145
1362	41	769145	770225
1363	41	770225	770345
1364	41	770345	771425
1365	41	771425	771545
1366	3	771675	771795
1367	3	771795	772875
1368	3	772875	772995
1369	3	772995	774075
1370	3	774075	774195
1371	3	774195	775275
1372	3	775275	775395
1373	3	775395	776475
1374	3	776475	776595
1375	3	776595	777675
1376	3	777675	777995
1377	3	777995	778875
1378	3	778875	778995
1379	3	778995	780075
1380	3	780075	780195
1381	3	780195	780596
1382	3	780596	781275
1383	3	781275	781395
1384	3	781395	782475
1385	3	782475	782595
1386	3	782595	783675
1387	3	783675	783795
1388	3	783795	784875
1389	3	784875	784995
1390	3	784995	786075
1391	3	786075	786195
1392	15	786375	786495
1393	15	786495	787575
1394	15	787575	787695
1395	15	787695	788775
1396	15	788775	788995
1397	27	789075	789295
1398	27	789295	790275
1399	27	790275	790395
1400	29	790445	791525
1401	29	791525	791645
1402	29	791645	792725
1403	29	792725	792845
1404	29	792845	793689
1405	25	793770	793825
1406	25	793825	793945
1407	37	794125	794245
1408	37	794245	795325
1409	37	795325	795445
1410	1	795625	795745
1411	25	796225	796345
1412	37	796525	796645
1413	37	796645	797725
1414	37	797725	797845
1415	37	797845	798799
1416	35	798875	798995
1417	35	798995	800075
1418	35	800075	800295
1419	37	800345	801325
1420	37	801325	801445
1421	37	801445	802525
1422	37	802525	802645
1423	37	802645	803725
1424	37	803725	803845
1425	37	803845	804925
1426	37	804925	805045
1427	15	805075	805575
1428	15	805575	805695
1429	15	805695	806775
1430	15	806775	806995
1431	15	806995	807975
1432	15	807975	808095
1433	15	808095	809175
1434	15	809175	809295
1435	15	809295	810375
1436	15	810375	810595
1437	15	810595	811575
1438	15	811575	811695
1439	15	811695	812088
1440	15	812088	812775
1441	15	812775	812895
1442	23	812975	813095
1443	33	813133	813225
1444	33	813225	813345
1445	33	813345	814425
1446	33	814425	814545
1447	33	814545	815625
1448	33	815625	815745
1449	1	816025	816145
1450	1	816145	817225
1451	1	817225	817345
1452	15	817575	817695
1453	15	817695	818434
1454	15	818434	818775
1455	15	818775	818895
1456	15	818895	819975
1457	15	819975	820095
1458	21	820125	820245
1459	21	820245	820621
1460	21	820621	820926
1461	15	821175	821395
1462	15	821395	821479
1463	15	821479	822375
1464	15	822375	822495
1465	23	822575	822695
1466	23	822695	823775
1467	23	823775	823895
1468	23	823895	824975
1469	23	824975	825095
1470	35	825275	825395
1471	11	825626	825875
1472	11	825875	825995
1473	11	825995	827075
1474	11	827075	827195
1475	11	827195	828275
1476	11	828275	828395
1477	11	828395	829475
1478	11	829475	829595
1479	11	829595	830675
1480	11	830675	830795
1481	11	830795	831875
1482	11	831875	832095
1483	23	832175	832395
1484	23	832395	833375
1485	23	833375	833495
1486	33	833625	833745
1487	33	833745	833853
1488	33	833853	834825
1489	33	834825	834945
1490	33	836025	836245
1491	21	836925	837045
1492	21	838125	838245
1493	21	838245	839325
1494	21	839325	839445
1495	21	840525	840645
1496	21	840645	841725
1497	21	841725	841845
1498	21	841845	842925
1499	21	842925	843145
1500	21	843145	843560
1501	11	843995	845075
1502	11	845075	845195
1503	11	845195	846275
1504	11	846275	846395
1505	11	846395	847475
1506	11	847475	847595
1507	11	847595	848675
1508	11	848675	848795
1509	11	848795	849875
1510	11	849875	849995
1511	21	850125	850245
1512	21	850245	851136
1513	21	851136	851325
1514	21	851325	851445
1515	21	851445	852525
1516	21	852525	852645
1517	21	852645	853725
1518	21	853725	853945
1519	21	853945	854925
1520	21	854925	855045
1521	21	855045	856125
1522	21	856125	856245
1523	21	856245	857325
1524	21	857325	857445
1525	41	857825	857945
1526	41	857945	859025
1527	41	859025	859145
1528	41	859145	860225
1529	41	860225	860345
1530	41	860345	861425
1531	41	861425	861545
1532	41	861545	861815
1533	9	861825	861945
1534	9	861945	863025
1535	9	863025	863145
1536	9	863145	863333
1537	9	863333	864225
1538	9	864225	864545
1539	9	864545	865425
1540	9	865425	865545
1541	9	865545	866625
1542	9	866625	866745
1543	9	866745	867825
1544	9	867825	867945
1545	9	867945	869025
1546	9	869025	869145
1547	9	869145	869463
1548	9	869463	870225
1549	9	870225	870345
1550	9	870345	871425
1551	9	871425	871545
1552	41	871836	872225
1553	41	872225	872345
1554	41	872345	873425
1555	41	873425	873545
1556	41	873545	874625
1557	41	874625	874745
1558	41	874745	874825
1559	41	874825	875825
1560	41	875825	876045
1561	41	876045	877025
1562	41	877025	877145
1563	41	877145	878225
1564	41	878225	878345
1565	41	878345	879425
1566	41	879425	879545
1567	41	879545	880625
1568	41	880625	880745
1569	41	880745	881825
1570	41	881825	881945
1571	5	882125	882245
1572	5	882245	883325
1573	5	883325	883445
1574	31	883975	884095
1575	31	884095	885175
1576	31	885175	885295
1577	41	885425	885545
1578	41	885545	886625
1579	41	886625	886845
1580	5	886925	887045
1581	5	887045	888125
1582	5	888125	888245
1583	5	888245	889325
1584	5	889325	889445
1585	5	889445	890525
1586	5	890525	890645
1587	5	890645	891449
1588	41	891545	892625
1589	41	892625	892745
1590	41	892745	893825
1591	41	893825	894045
1592	41	894045	895025
1593	41	895025	895145
1594	41	895145	896225
1595	41	896225	896345
1596	41	896345	897425
1597	41	897425	897645
1598	41	897645	898625
1599	41	898625	898745
1600	3	898875	898995
1601	3	898995	900075
1602	3	900075	900195
1603	3	900195	901275
1604	3	901275	901395
1605	3	901395	902475
1606	3	902475	902595
1607	3	902595	903675
1608	3	903675	903795
1609	37	904064	904525
1610	37	904525	904645
1611	1	904825	904945
1612	1	904945	906025
1613	1	906025	906145
1614	1	906145	907200
Site : Kourou
Anntenna : 2 nbContacts : 1596
	Sat 	StartTime 	EndTime 
0	45	0	1125
1	45	1125	1445
2	45	1445	2325
3	45	2325	2445
4	45	2445	3525
5	45	3525	3645
6	45	3645	4725
7	45	4725	4845
8	45	4845	5925
9	45	5925	6045
10	45	6045	7125
11	45	7125	7245
12	45	7245	8325
13	45	8325	8445
14	45	8445	9525
15	45	9525	9645
16	45	9645	10725
17	45	10725	10845
18	45	10845	11925
19	45	11925	12145
20	45	12145	12478
21	45	12478	13125
22	41	13273	14225
23	41	14225	14345
24	41	14345	15425
25	41	15425	15545
26	41	15545	16625
27	41	16625	16745
28	41	16745	17825
29	41	17825	17945
30	41	17945	19025
31	41	19025	19145
32	41	19145	20225
33	41	20225	20345
34	41	20345	21425
35	41	21425	21545
36	41	21545	22625
37	41	22625	22845
38	3	22875	22995
39	29	23525	23645
40	29	23645	24725
41	29	24725	24845
42	29	24845	25925
43	29	25925	26045
44	29	26045	27125
45	29	27125	27245
46	29	27245	28325
47	29	28325	28445
48	29	28445	29525
49	29	29525	29745
50	29	29745	30725
51	29	30725	30845
52	29	30845	31925
53	29	31925	32045
54	29	32045	33125
55	29	33125	33345
56	29	33345	34325
57	29	34325	34445
58	29	34445	35525
59	29	35525	35645
60	29	35645	36725
61	29	36725	36845
62	29	36845	36862
63	29	36862	37925
64	29	37925	38045
65	29	38045	39125
66	29	39125	39245
67	29	39245	40325
68	29	40325	40445
69	29	40445	41525
70	29	41525	41645
71	37	41725	41845
72	37	41845	42519
73	37	42519	42925
74	37	42925	43045
75	1	43225	43445
76	1	43445	44425
77	1	44425	44545
78	1	44545	45625
79	1	45625	45745
80	1	45745	46825
81	1	46825	46945
82	1	46945	48025
83	1	48025	48145
84	1	48145	49225
85	1	49225	49345
86	15	49492	49575
87	15	49575	49695
88	15	49695	50775
89	15	50775	50895
90	27	51075	51195
91	27	51195	52018
92	27	52018	52275
93	27	52275	52395
94	27	52395	53475
95	27	53475	53595
96	27	53595	54675
97	27	54675	54895
98	27	54895	55875
99	27	55875	55995
100	27	55995	57075
101	27	57075	57195
102	27	57195	58275
103	27	58275	58495
104	27	58495	59475
105	27	59475	59595
106	27	59595	59984
107	27	59984	60675
108	27	60675	60795
109	27	60795	61875
110	27	61875	61995
111	27	61995	63075
112	27	63075	63195
113	35	63275	63395
114	35	63395	64475
115	35	64475	64595
116	35	64595	65675
117	35	65675	65895
118	35	65895	66302
119	35	66302	66875
120	35	66875	66995
121	35	66995	68075
122	35	68075	68195
123	35	68195	69275
124	35	69275	69395
125	35	69395	70475
126	35	70475	70595
127	35	70595	71675
128	35	71675	71795
129	35	71795	72875
130	35	72875	72995
131	47	73175	73295
132	47	73295	73323
133	23	73445	73775
134	23	73775	73895
135	23	73895	74975
136	23	74975	75095
137	23	75095	76175
138	23	76175	76395
139	23	76395	77375
140	23	77375	77495
141	23	77495	78575
142	23	78575	78695
143	23	78695	79775
144	23	79775	79895
145	23	79895	80975
146	23	80975	81095
147	23	81095	82175
148	23	82175	82295
149	23	82295	83375
150	23	83375	83495
151	23	83495	84575
152	23	84575	84695
153	23	84695	85615
154	23	85615	85775
155	23	85775	85895
156	23	85895	86975
157	23	86975	87295
158	23	87295	88175
159	23	88175	88295
160	25	88345	89329
161	23	89375	89495
162	21	89566	90525
163	21	90525	90645
164	23	90695	91775
165	33	92025	92145
166	33	92145	93225
167	33	93225	93345
168	33	93345	94425
169	33	94425	94545
170	47	94775	94895
171	47	94895	95975
172	47	95975	96095
173	47	96095	97175
174	47	97175	97295
175	11	97475	97695
176	11	97695	98675
177	11	98675	98795
178	11	98795	99875
179	11	99875	99995
180	11	99995	101075
181	11	101075	101195
182	11	101195	102275
183	11	102275	102395
184	11	102395	103475
185	11	103475	103595
186	11	103595	104675
187	11	104675	104795
188	11	104795	105875
189	11	105875	105995
190	11	107075	107195
191	11	107195	108275
192	11	108275	108495
193	11	108495	109475
194	11	109475	109595
195	11	109595	110318
196	11	110675	110795
197	11	110795	111425
198	45	111525	111645
199	45	111645	112725
200	45	112725	112845
201	45	112845	113925
202	45	113925	114045
203	45	114045	115125
204	45	115125	115245
205	45	115245	115286
206	45	115286	116325
207	45	116325	116545
208	45	116545	117525
209	45	117525	117645
210	45	117645	118725
211	45	118725	118845
212	45	118845	119925
213	45	119925	120145
214	45	120145	121125
215	45	121125	121245
216	45	121245	122325
217	45	122325	122445
218	45	122445	123525
219	45	123525	123645
220	45	123645	124725
221	45	124725	124845
222	45	124845	125925
223	45	125925	126045
224	45	126045	127125
225	45	127125	127245
226	45	127245	128325
227	45	128325	128445
228	45	128445	129525
229	45	129525	129645
230	45	129645	130725
231	45	130725	130945
232	5	131045	132125
233	5	132125	132245
234	5	132245	133325
235	5	133325	133445
236	5	133445	133833
237	5	133833	134525
238	5	134525	134645
239	5	134645	135725
240	5	135725	135845
241	5	135845	136925
242	5	136925	137045
243	5	137045	138125
244	5	138125	138245
245	5	138245	139325
246	5	139325	139445
247	5	139445	140525
248	5	140525	140745
249	5	140745	141725
250	5	141725	141845
251	5	141845	142925
252	5	142925	143045
253	5	143045	144125
254	5	144125	144345
255	5	144345	144961
256	5	144961	145325
257	5	145325	145445
258	5	145445	146525
259	5	146525	146645
260	5	146645	147725
261	5	147725	147845
262	5	147845	148925
263	5	148925	149045
264	5	149045	150125
265	29	150725	150845
266	29	150845	151925
267	29	151925	152145
268	29	152145	153125
269	29	153125	153245
270	29	153245	153670
271	29	153670	154325
272	29	154325	154445
273	29	154445	155525
274	29	155525	155645
275	29	155645	156725
276	29	156725	156845
277	29	156845	157925
278	29	157925	158045
279	29	158045	159125
280	29	159125	159245
281	29	159245	160325
282	29	160325	160445
283	29	160445	161525
284	29	161525	161645
285	29	161645	162725
286	29	162725	162945
287	29	162945	163925
288	29	163925	164045
289	29	164045	165125
290	29	165125	165245
291	29	165245	166325
292	29	166325	166445
293	29	166445	167464
294	29	167464	167525
295	29	167525	167645
296	29	167645	168725
297	29	168725	168845
298	29	168845	169925
299	29	169925	170045
300	29	170045	171125
301	29	171125	171245
302	29	171245	172325
303	29	172325	172445
304	3	172875	173195
305	3	173195	174075
306	3	174075	174195
307	3	175275	175395
308	3	175395	176331
309	3	176331	176475
310	27	179475	179595
311	15	180375	180495
312	27	180675	180795
313	27	180795	181875
314	27	181875	181995
315	27	181995	183075
316	27	183075	183195
317	27	183195	184275
318	27	184275	184495
319	1	184825	184945
320	15	185175	185295
321	27	185475	185595
322	37	185725	185845
323	37	185845	185977
324	1	186025	186145
325	15	186375	186495
326	27	186675	186795
327	27	186795	187875
328	27	187875	187995
329	35	188075	188195
330	39	188295	189197
331	35	189275	189395
332	35	189395	190475
333	35	190475	190595
334	35	190595	191675
335	35	191675	191795
336	35	191795	192875
337	35	192875	192995
338	35	192995	194075
339	35	194075	194195
340	35	194195	195275
341	35	195275	195495
342	35	195495	196475
343	35	196475	196595
344	35	196595	197119
345	13	197245	198325
346	13	198325	198445
347	13	198445	199525
348	13	199525	199645
349	23	199775	199895
350	23	199895	200975
351	23	200975	201095
352	23	201095	202175
353	23	202175	202395
354	23	202395	203375
355	23	203375	203495
356	47	203975	204095
357	15	204375	204495
358	21	204525	204645
359	21	204645	205725
360	21	205725	205945
361	21	205945	206925
362	21	206925	207045
363	21	207045	208125
364	21	208125	208245
365	21	208245	209325
366	21	209325	209445
367	21	209445	210525
368	21	210525	210645
369	21	210645	211725
370	21	211725	211845
371	21	211845	212925
372	21	213045	213508
373	21	213508	214125
374	21	214125	214245
375	21	214245	215325
376	21	215325	215445
377	21	215445	216525
378	21	216525	216745
379	21	216745	217725
380	21	217725	217845
381	33	218025	218145
382	47	218495	219575
383	47	219575	219695
384	11	219875	219995
385	11	219995	221075
386	11	221075	221195
387	11	221195	222275
388	11	222275	222395
389	21	222525	222645
390	33	222732	222825
391	33	222825	222945
392	33	222945	224025
393	33	224025	224145
394	47	224375	224495
395	47	224495	225575
396	47	225575	225695
397	9	225759	225825
398	9	225825	225945
399	45	226725	226845
400	45	226845	227925
401	45	227925	228145
402	45	228145	229125
403	45	229125	229245
404	45	229245	230325
405	45	230325	230445
406	45	230445	231525
407	45	231525	231745
408	45	231745	232725
409	45	232725	232845
410	45	232845	233925
411	45	233925	234045
412	45	234045	235125
413	45	235125	235245
414	45	235245	236325
415	45	236325	236445
416	45	236445	237525
417	45	237525	237645
418	45	237645	238725
419	45	238725	238945
420	45	238945	239925
421	45	239925	240045
422	45	240045	241125
423	45	241125	241245
424	45	241245	242325
425	45	242325	242445
426	45	242445	243525
427	45	243525	243645
428	45	243645	244725
429	45	244725	244845
430	45	244845	245925
431	45	245925	246045
432	45	246045	247125
433	45	247125	247245
434	45	247245	248325
435	45	248325	248445
436	45	248445	249525
437	45	249525	249745
438	45	249745	250725
439	45	250725	250845
440	45	250845	251809
441	41	251825	251945
442	41	251945	253025
443	41	253025	253145
444	41	253145	254225
445	41	254225	254345
446	41	254345	255425
447	41	255425	255545
448	41	255545	256625
449	41	256625	256745
450	41	256745	257825
451	41	257825	257945
452	41	257945	259025
453	41	259025	259145
454	41	259145	260225
455	41	260225	260545
456	41	260545	261425
457	41	261425	261545
458	41	261545	262625
459	41	262625	262745
460	41	262745	263825
461	41	263825	263945
462	41	263945	264115
463	41	264115	265025
464	41	265025	265145
465	41	265145	266225
466	41	266225	266345
467	41	266345	267425
468	41	267425	267545
469	41	267545	268625
470	41	268625	268745
471	41	268745	269825
472	41	269825	269945
473	41	269945	271025
474	41	271025	271245
475	41	271245	272225
476	41	272225	272345
477	1	272377	272425
478	1	272425	272545
479	1	272545	273625
480	1	273625	273745
481	1	273745	274289
482	29	274325	274445
483	41	274625	274745
484	41	274745	275825
485	41	275825	275945
486	5	276125	276245
487	5	276245	277325
488	5	277325	277445
489	5	277445	278525
490	5	278525	278645
491	5	278645	279725
492	5	279725	279845
493	5	279845	280727
494	1	280825	281045
495	3	281095	282075
496	3	282075	282195
497	3	282195	283073
498	3	283073	283275
499	3	283275	283395
500	27	283875	283995
501	27	283995	285075
502	27	285075	285195
503	27	285195	286275
504	27	286275	286395
505	27	286395	287475
506	27	287475	287595
507	27	287595	288675
508	27	288675	288895
509	27	288895	289875
510	27	289875	289995
511	27	289995	291075
512	27	291075	291195
513	27	291195	292275
514	27	292275	292495
515	27	292495	293475
516	27	293475	293595
517	27	293595	294675
518	27	294675	294795
519	37	294925	295045
520	37	295045	296125
521	37	296125	296245
522	37	296245	297325
523	37	297325	297445
524	37	297445	298525
525	37	298525	298645
526	37	298645	299725
527	37	299725	299845
528	37	299845	300925
529	37	300925	301045
530	37	301045	302125
531	37	302125	302245
532	1	302425	302645
533	3	302695	302789
534	3	302789	303675
535	3	303675	303795
536	15	303874	303975
537	15	303975	304095
538	15	304095	305175
539	15	305175	305295
540	15	305295	306375
541	15	306375	306495
542	15	306495	307575
543	15	307575	307695
544	15	307695	308775
545	15	308775	308895
546	25	309025	309145
547	25	309145	310225
548	25	310225	310345
549	25	310345	311425
550	25	311425	311545
551	25	311545	312625
552	25	312625	312745
553	25	312745	313788
554	25	313788	313825
555	25	313825	314045
556	25	314045	315025
557	25	315025	315145
558	25	315145	316225
559	25	316225	316345
560	33	316425	316545
561	33	316545	317625
562	33	317625	317845
563	33	317845	318825
564	33	318825	318945
565	33	318945	320025
566	33	320025	320145
567	33	320145	321225
568	33	321225	321345
569	33	321345	322425
570	33	322425	322545
571	33	322545	323625
572	33	323625	323745
573	33	323745	324825
574	33	324825	325045
575	33	325045	325866
576	33	325866	326025
577	33	326025	326145
578	47	326375	326495
579	47	326495	327575
580	47	327575	327695
581	47	327695	328775
582	47	328775	328895
583	47	328895	329975
584	47	329975	330095
585	15	330375	330495
586	25	330625	330745
587	25	330745	331279
588	25	331279	331480
589	25	331480	331825
590	25	331825	331945
591	25	331945	333025
592	25	333025	333145
593	25	333145	334225
594	25	334225	334345
595	33	334425	334545
596	13	335125	335345
597	13	335345	336325
598	13	336325	336445
599	23	336575	336695
600	23	336695	337775
601	23	337775	337895
602	23	337895	338362
603	23	338362	338975
604	23	338975	339095
605	23	339095	340175
606	23	340175	340295
607	23	340295	341375
608	23	341375	341495
609	23	341495	342575
610	23	342575	342695
611	23	342695	343775
612	23	343775	343895
613	47	344145	344375
614	47	344375	344495
615	47	344495	345575
616	47	345575	345695
617	47	345695	346775
618	47	346775	347095
619	47	347095	347975
620	47	347975	348095
621	47	348095	349175
622	47	349175	349295
623	47	349295	350375
624	47	350375	350495
625	47	350495	350807
626	47	350807	351575
627	47	351575	351695
628	47	351695	352775
629	47	352775	352895
630	47	352895	353975
631	47	353975	354095
632	47	354095	355175
633	47	355175	355295
634	11	355475	355595
635	11	355595	356675
636	11	356675	356895
637	11	356895	357875
638	11	357875	357995
639	11	357995	359075
640	11	359075	359195
641	11	359195	360275
642	11	360275	360395
643	11	360395	360801
644	11	360801	361475
645	11	361475	361595
646	11	361595	362541
647	9	362625	362745
648	9	362745	363825
649	9	363825	363945
650	9	363945	365025
651	9	365025	365145
652	21	365325	365445
653	21	365445	366525
654	21	366525	366645
655	21	366645	367447
656	21	367447	367725
657	21	367725	367945
658	21	367945	368925
659	21	368925	369045
660	43	369475	369595
661	41	369595	370625
662	43	370675	370795
663	43	370795	371875
664	43	371875	371995
665	43	371995	373075
666	43	373075	373195
667	43	373195	374275
668	43	374275	374395
669	43	374395	375211
670	43	375211	375475
671	43	375475	375695
672	43	375695	376675
673	43	376675	376795
674	43	376795	377875
675	43	377875	377995
676	43	377995	379075
677	43	379075	379295
678	43	379295	380275
679	43	380275	380395
680	43	380395	381475
681	43	381475	381595
682	43	381595	382675
683	43	382675	382795
684	43	382795	383875
685	43	383875	383995
686	43	383995	385075
687	43	385075	385195
688	43	385195	386275
689	43	386275	386395
690	43	386395	387475
691	43	387475	387595
692	43	387595	388675
693	43	388675	388795
694	43	388795	389875
695	43	389875	390095
696	43	390095	391075
697	43	391075	391195
698	43	391195	392275
699	43	392275	392395
700	43	392395	392931
701	29	393125	393245
702	5	393725	393845
703	5	393845	394925
704	5	394925	395045
705	5	395045	396125
706	5	396125	396245
707	5	396245	397325
708	5	397325	397445
709	5	397445	397665
710	5	397665	398525
711	5	398525	398645
712	5	398645	399725
713	5	399725	399945
714	27	400275	400495
715	41	400625	400845
716	41	400845	401825
717	41	401825	401945
718	41	401945	403025
719	41	403025	403145
720	41	403145	404225
721	41	404225	404445
722	3	404475	404595
723	3	404595	404889
724	3	404889	405675
725	3	405675	405795
726	3	405795	406875
727	3	406875	406995
728	3	406995	408075
729	3	408075	408195
730	3	408195	409275
731	3	409275	409395
732	3	409395	410475
733	3	410475	410695
734	3	410695	411675
735	3	411675	411795
736	3	411795	412875
737	3	412875	412995
738	3	412995	414075
739	3	414075	414195
740	15	414375	414495
741	29	414564	414725
742	29	414725	414845
743	29	414845	415925
744	29	415925	416045
745	29	416045	417125
746	29	417125	417245
747	35	417275	417395
748	35	417395	418257
749	29	418325	418445
750	29	418445	419525
751	29	419525	419645
752	29	419645	420346
753	29	420346	420725
754	29	420725	420845
755	29	420845	421925
756	29	421925	422145
757	29	422145	423125
758	29	423125	423245
759	29	423245	424325
760	29	424325	424445
761	37	424525	424645
762	37	424645	425725
763	37	425725	425845
764	37	425845	426925
765	37	426925	427045
766	37	427045	428125
767	37	428125	428245
768	37	428245	429325
769	37	429325	429445
770	37	429445	430525
771	37	430525	430645
772	37	430645	430663
773	37	430663	431725
774	37	431725	431845
775	37	431845	432925
776	37	432925	433245
777	37	433245	434125
778	37	434125	434245
779	35	434489	435275
780	35	435275	435395
781	35	435395	436475
782	35	436475	436595
783	35	436595	437675
784	35	437675	437795
785	1	438025	438145
786	1	438145	438725
787	1	438725	439225
788	1	439225	439345
789	15	439575	439695
790	15	439695	440775
791	15	440775	440895
792	15	440895	441975
793	15	441975	442095
794	25	442225	442345
795	37	442525	442645
796	37	442645	443269
797	37	443269	443725
798	37	443725	443945
799	15	444375	444495
800	23	444575	444695
801	35	444875	444995
802	15	445575	445695
803	15	445695	446775
804	15	446775	446895
805	15	446895	447975
806	15	447975	448095
807	15	448095	449175
808	15	449175	449295
809	15	449295	450375
810	15	450375	450495
811	15	450495	451096
812	15	451096	451575
813	33	452025	452145
814	33	452145	453225
815	33	453225	453345
816	33	453345	454425
817	33	454425	454645
818	33	454645	455625
819	33	455625	455745
820	13	456325	456445
821	13	456445	457525
822	13	457525	457645
823	25	457825	457945
824	25	457945	459025
825	23	459095	460175
826	23	460175	460295
827	33	460425	460545
828	33	460545	461625
829	33	461625	461845
830	33	461845	462825
831	33	462825	462945
832	33	462945	464025
833	33	464025	464145
834	45	464325	464445
835	11	464482	464675
836	11	464675	464895
837	11	464895	465875
838	11	465875	465995
839	11	465995	467075
840	11	467075	467195
841	11	467195	468275
842	11	468275	468395
843	11	468395	469475
844	11	469475	469595
845	11	469595	470675
846	11	470675	470795
847	11	470795	471875
848	11	471875	471995
849	11	471995	473075
850	11	473075	473195
851	11	473195	474275
852	11	474275	474395
853	11	474395	475475
854	11	475475	475695
855	21	475725	475945
856	21	475945	476925
857	21	476925	477045
858	21	477045	478125
859	21	478125	478245
860	21	478245	479325
861	21	479325	479445
862	21	479445	480525
863	21	480525	480645
864	21	480645	481143
865	47	481175	481295
866	47	481295	482375
867	47	482375	482495
868	9	482625	482745
869	9	482745	483825
870	9	483825	483945
871	9	483945	485025
872	9	485025	485145
873	43	485875	485995
874	43	485995	487075
875	43	487075	487295
876	43	487295	488275
877	43	488275	488395
878	43	488395	489475
879	43	489475	489595
880	43	489595	490675
881	43	490675	490895
882	43	490895	491875
883	43	491875	491995
884	43	491995	493075
885	43	493075	493195
886	43	493195	494275
887	43	494275	494395
888	43	494395	495475
889	43	495475	495595
890	43	495595	496675
891	43	496675	496795
892	43	496795	497098
893	43	497098	497875
894	43	497875	498095
895	43	498095	499075
896	43	499075	499195
897	43	499195	500275
898	43	500275	500395
899	43	500395	501475
900	43	501475	501595
901	43	501595	502675
902	43	502675	502795
903	39	502812	503775
904	43	503875	503995
905	43	503995	505075
906	43	505075	505195
907	43	505195	506275
908	43	506275	506395
909	43	506395	507475
910	43	507475	507595
911	43	507595	508675
912	43	508675	508895
913	43	508895	509875
914	43	509875	509995
915	43	509995	511075
916	43	511075	511195
917	43	511195	512139
918	39	512175	512295
919	39	512295	513375
920	39	513375	513495
921	39	513495	514575
922	39	514575	514695
923	39	514695	515775
924	39	515775	515895
925	39	515895	516975
926	39	516975	517095
927	39	517095	518175
928	39	518175	518295
929	39	518295	519375
930	39	519375	519695
931	39	519695	520575
932	39	520575	520695
933	39	520695	521775
934	39	521775	521895
935	39	521895	522975
936	39	522975	523095
937	39	523095	524175
938	39	524175	524295
939	39	524295	524479
940	39	524479	525375
941	39	525375	525495
942	39	525495	526575
943	39	526575	526695
944	39	526695	527775
945	39	527775	527895
946	39	527895	528975
947	39	528975	529095
948	39	529095	530175
949	39	530175	530395
950	39	530395	531375
951	39	531375	531495
952	39	531495	532575
953	39	532575	532695
954	39	532695	533775
955	39	533775	533895
956	3	534075	534195
957	37	534349	534925
958	37	534925	535045
959	37	535045	536125
960	37	536125	536245
961	37	536245	537325
962	37	537325	537445
963	37	537445	538525
964	37	538525	538645
965	37	538645	539725
966	37	539725	539845
967	37	539845	540925
968	37	540925	541145
969	37	541145	542125
970	37	542125	542245
971	37	542245	543325
972	37	543325	543445
973	1	543625	543745
974	1	543745	544343
975	1	544343	544825
976	1	544825	544945
977	15	545175	545295
978	25	545425	545545
979	25	545545	546625
980	25	546625	546745
981	25	546745	547825
982	25	547825	548045
983	25	548045	549025
984	25	549025	549145
985	25	549145	550225
986	27	550275	550395
987	27	550395	550491
988	27	550491	551475
989	27	551475	551695
990	27	551695	552675
991	27	552675	552795
992	27	552795	553875
993	27	553875	553995
994	27	553995	555075
995	27	555075	555195
996	35	555275	555395
997	35	555395	556475
998	35	556475	556595
999	1	556825	556945
1000	15	557175	557295
1001	15	557295	558375
1002	15	558375	558495
1003	25	558625	558745
1004	25	558745	559825
1005	25	559825	559945
1006	25	559945	561025
1007	25	561025	561145
1008	25	561145	562225
1009	25	562225	562445
1010	25	562445	563425
1011	25	563425	563545
1012	25	563545	564625
1013	25	564625	564745
1014	33	564945	566025
1015	33	566025	566145
1016	33	566145	567225
1017	33	567225	567345
1018	33	567345	568425
1019	33	568425	568545
1020	33	568545	569625
1021	33	569625	569745
1022	33	569745	570825
1023	33	570825	570945
1024	33	570945	572025
1025	33	572025	572145
1026	33	572145	573225
1027	33	573225	573445
1028	33	573445	574425
1029	33	574425	574545
1030	33	574545	575625
1031	33	575625	575745
1032	33	575745	576825
1033	33	576825	577045
1034	33	577045	578025
1035	33	578025	578145
1036	47	578375	578495
1037	47	578495	579575
1038	47	579575	579695
1039	47	579695	580775
1040	47	580775	580895
1041	13	581125	581245
1042	13	581245	582325
1043	11	582421	583028
1044	11	583028	583475
1045	11	583475	583695
1046	13	583745	584725
1047	13	584725	584845
1048	23	584975	585095
1049	23	585095	586175
1050	23	586175	586295
1051	33	586425	586545
1052	47	586775	586895
1053	47	586895	587975
1054	47	587975	588095
1055	47	588095	589175
1056	47	589175	589295
1057	11	589475	589595
1058	11	589595	590675
1059	11	590675	590795
1060	11	590795	591875
1061	11	591875	591995
1062	11	591995	593075
1063	11	593075	593195
1064	11	593195	594275
1065	11	594275	594495
1066	11	594495	595475
1067	13	595525	595645
1068	13	595645	596725
1069	13	596725	596845
1070	13	596845	597596
1071	11	597875	597995
1072	11	597995	599075
1073	11	599075	599195
1074	11	599195	600275
1075	11	600275	600395
1076	11	600395	601475
1077	11	601475	601595
1078	11	601595	602675
1079	11	602675	602795
1080	11	602795	603688
1081	11	603688	603875
1082	11	603875	603995
1083	11	603995	605075
1084	11	605075	605395
1085	11	605395	606275
1086	11	606275	606395
1087	11	606395	607059
1088	11	607059	607475
1089	11	607475	607595
1090	11	607595	608675
1091	11	608675	608795
1092	11	608795	609875
1093	11	609875	609995
1094	11	609995	611075
1095	11	611075	611195
1096	11	611195	612275
1097	11	612275	612395
1098	11	612395	613475
1099	11	613475	613595
1100	11	613595	613833
1101	31	613975	614095
1102	31	614095	615175
1103	31	615175	615295
1104	31	615295	616375
1105	31	616375	616595
1106	45	616725	616945
1107	45	616945	617925
1108	45	617925	618045
1109	45	618045	619125
1110	45	619125	619245
1111	45	619245	620325
1112	45	620325	620445
1113	45	620445	620912
1114	45	620912	621525
1115	45	621525	621645
1116	45	621645	622725
1117	45	622725	622845
1118	45	622845	623925
1119	45	623925	624045
1120	45	624045	625125
1121	45	625125	625245
1122	45	625245	626325
1123	45	626325	626445
1124	45	626445	627525
1125	45	627525	627745
1126	45	627745	628725
1127	45	628725	628845
1128	45	628845	629925
1129	45	629925	630045
1130	5	630125	630245
1131	5	630245	631325
1132	5	631325	631445
1133	5	631445	632525
1134	5	632525	632645
1135	5	632645	633725
1136	5	633725	633945
1137	5	633945	634831
1138	5	634831	634925
1139	5	634925	635045
1140	5	635045	636125
1141	5	636125	636245
1142	5	636245	637325
1143	5	637325	637545
1144	5	637545	638525
1145	5	638525	638645
1146	5	638645	639725
1147	5	639725	639845
1148	5	639845	640925
1149	5	640925	641045
1150	5	641045	642125
1151	5	642125	642245
1152	5	642245	643325
1153	5	643325	643445
1154	5	643445	644525
1155	5	644525	644645
1156	31	645175	645295
1157	31	645295	646375
1158	31	646375	646495
1159	5	646925	647045
1160	39	647775	647895
1161	5	648125	648345
1162	5	649325	649445
1163	39	650295	651375
1164	29	652325	652445
1165	29	653525	653645
1166	29	653645	654725
1167	29	654725	654845
1168	29	654845	655925
1169	29	655925	656045
1170	29	656045	657125
1171	29	657125	657245
1172	29	658325	658445
1173	29	658445	659525
1174	29	659525	659745
1175	29	659745	660725
1176	29	660725	660845
1177	29	660845	661077
1178	37	669325	669445
1179	37	669445	670525
1180	37	670525	670745
1181	37	670745	671725
1182	37	671725	671845
1183	37	671845	672925
1184	37	672925	673045
1185	27	673875	673995
1186	27	675075	675195
1187	27	676275	676395
1188	27	676395	677475
1189	27	677475	677595
1190	27	677595	678675
1191	27	678675	678795
1192	27	678795	679875
1193	27	679875	679995
1194	27	679995	680197
1195	27	680197	681075
1196	27	681075	681295
1197	27	681295	682275
1198	27	682275	682395
1199	27	682395	683475
1200	27	683475	683595
1201	1	683739	684025
1202	1	684025	684145
1203	25	684625	684745
1204	25	684745	685825
1205	25	685825	685945
1206	25	685945	687025
1207	25	687025	687145
1208	25	687145	687274
1209	35	687275	687395
1210	35	687395	688475
1211	35	688475	688595
1212	35	688595	689675
1213	35	689675	689795
1214	35	689795	690875
1215	35	690875	690995
1216	35	690995	691088
1217	35	691088	692075
1218	35	692075	692395
1219	35	692395	693275
1220	35	693275	693395
1221	35	693395	694475
1222	35	694475	694595
1223	33	694892	695625
1224	33	695625	695745
1225	33	695745	696825
1226	33	696825	696945
1227	33	696945	698025
1228	33	698025	698145
1229	33	698145	699225
1230	33	699225	699345
1231	33	699345	700425
1232	33	700425	700545
1233	33	700545	701625
1234	33	701625	701745
1235	33	701745	702825
1236	33	702825	703045
1237	33	703045	704025
1238	33	704025	704145
1239	13	704725	704845
1240	13	704845	705925
1241	13	705925	706045
1242	13	706045	707125
1243	13	707125	707245
1244	13	707245	708325
1245	13	708325	708445
1246	13	708445	709525
1247	13	709525	709645
1248	13	709645	710725
1249	13	710725	710845
1250	13	710845	711504
1251	47	711575	711695
1252	47	711695	712775
1253	47	712775	712895
1254	47	712895	713975
1255	47	713975	714195
1256	47	714195	715175
1257	47	715175	715295
1258	11	715475	715595
1259	11	715595	716675
1260	11	716675	716795
1261	11	716795	717875
1262	11	717875	717995
1263	11	717995	719075
1264	11	719075	719195
1265	11	719195	720275
1266	11	720275	720495
1267	11	720495	721163
1268	11	721475	721595
1269	11	721595	722675
1270	11	722675	722795
1271	11	722795	723875
1272	11	723875	724095
1273	11	724095	725075
1274	11	725075	725195
1275	21	725325	725445
1276	21	725445	726525
1277	21	726525	726645
1278	21	726645	727725
1279	21	727725	727845
1280	21	727845	728925
1281	21	728925	729045
1282	21	729045	730125
1283	21	730125	730245
1284	21	730245	730993
1285	21	730993	731325
1286	43	731434	731875
1287	43	731875	731995
1288	43	731995	733075
1289	43	733075	733195
1290	43	733195	733795
1291	43	733795	734275
1292	43	734275	734395
1293	43	734395	735475
1294	43	735475	735695
1295	43	735695	736675
1296	43	736675	736795
1297	43	736795	737875
1298	43	737875	737995
1299	43	737995	739075
1300	43	739075	739195
1301	43	739195	740275
1302	43	740275	740395
1303	43	740395	741475
1304	43	741475	741595
1305	43	741595	742675
1306	43	742675	742795
1307	43	742795	743875
1308	43	743875	743995
1309	43	743995	745075
1310	43	745075	745195
1311	43	745195	746275
1312	43	746275	746495
1313	43	746495	747475
1314	43	747475	747595
1315	43	747595	748675
1316	43	748675	748795
1317	43	748795	749875
1318	43	749875	750095
1319	43	750095	751075
1320	43	751075	751195
1321	43	751195	752275
1322	43	752275	752395
1323	43	752395	753475
1324	43	753475	753595
1325	43	753595	754675
1326	43	754675	754795
1327	43	754795	755875
1328	43	755875	755995
1329	43	755995	757075
1330	43	757075	757295
1331	43	757295	758275
1332	43	758275	758395
1333	43	758395	759475
1334	43	759475	759595
1335	43	759595	760675
1336	43	760675	760795
1337	43	760795	761363
1338	43	761363	761875
1339	43	761875	761995
1340	43	761995	763075
1341	43	763075	763195
1342	43	763195	763436
1343	31	763975	764095
1344	31	764095	765175
1345	31	765175	765295
1346	31	765295	766375
1347	31	766375	766495
1348	31	766495	767575
1349	31	767575	767795
1350	31	767795	768775
1351	31	768775	768895
1352	31	768895	769151
1353	31	769151	769975
1354	31	769975	770095
1355	31	770095	771175
1356	31	771175	771295
1357	37	771325	771445
1358	37	771445	772525
1359	37	772525	772645
1360	37	772645	773725
1361	37	773725	773845
1362	39	773895	774913
1363	39	774913	774975
1364	39	774975	775095
1365	39	775095	776175
1366	39	776175	776295
1367	39	776295	777375
1368	39	777375	777495
1369	39	777495	778575
1370	39	778575	778895
1371	39	778895	779775
1372	39	779775	779895
1373	39	779895	780975
1374	39	780975	781095
1375	39	781095	781572
1376	25	781825	781945
1377	25	781945	783025
1378	25	783025	783145
1379	25	783145	784225
1380	25	784225	784345
1381	37	784645	784832
1382	37	784832	785725
1383	37	785725	785845
1384	37	785845	786925
1385	37	786925	787045
1386	3	787275	787395
1387	3	787395	788475
1388	3	788475	788695
1389	3	788695	789675
1390	3	789675	789795
1391	3	789795	790875
1392	3	790875	790995
1393	3	790995	791571
1394	39	791775	791895
1395	1	792025	792145
1396	1	792145	793225
1397	1	793225	793345
1398	1	793345	794425
1399	1	794425	794545
1400	15	794775	794895
1401	25	795025	795145
1402	35	795149	795275
1403	35	795275	795395
1404	35	795395	796475
1405	35	796475	796595
1406	35	796595	797675
1407	35	797675	797795
1408	25	798625	798745
1409	25	798745	799825
1410	25	799825	800045
1411	25	800045	801025
1412	25	801025	801145
1413	25	801145	802225
1414	25	802225	802345
1415	25	802345	803425
1416	25	803425	803545
1417	25	803545	804625
1418	25	804625	804745
1419	35	804875	804995
1420	35	804995	805999
1421	35	805999	806075
1422	35	806075	806195
1423	35	806195	807275
1424	35	807275	807495
1425	35	807495	808475
1426	35	808475	808595
1427	35	808595	809675
1428	35	809675	809795
1429	35	809795	810875
1430	35	810875	811095
1431	1	811161	811225
1432	1	811225	811345
1433	1	811345	812425
1434	1	812425	812545
1435	1	812545	813625
1436	1	813625	813745
1437	23	814175	814295
1438	23	814295	815375
1439	23	815375	815495
1440	23	815495	815548
1441	23	815548	816575
1442	23	816575	816695
1443	23	816695	817775
1444	23	817775	817895
1445	23	817895	818975
1446	23	818975	819095
1447	23	819095	820175
1448	23	820175	820295
1449	23	820295	821375
1450	23	821375	821595
1451	35	821675	821895
1452	35	821895	822875
1453	35	822875	822995
1454	35	822995	823706
1455	35	823706	824075
1456	35	824075	824195
1457	13	824725	824845
1458	13	824845	825925
1459	13	825925	826045
1460	23	826175	826295
1461	35	826475	826595
1462	35	826595	827675
1463	35	827675	827795
1464	47	827975	828095
1465	47	828095	829175
1466	47	829175	829295
1467	47	829295	830375
1468	47	830375	830495
1469	13	830725	830845
1470	13	830845	831925
1471	13	831925	832145
1472	13	832145	833125
1473	13	833125	833245
1474	13	833245	834325
1475	13	834325	834445
1476	13	834445	835525
1477	13	835525	835745
1478	13	835745	836725
1479	13	836725	836845
1480	11	837995	839075
1481	11	841475	841595
1482	9	843566	843825
1483	9	843825	843945
1484	23	844175	844295
1485	23	844295	844494
1486	23	844494	845375
1487	23	845375	845495
1488	21	845534	846525
1489	21	846525	846645
1490	21	846645	847725
1491	21	847725	847845
1492	45	848325	848445
1493	21	848925	849045
1494	45	849525	849645
1495	45	849645	850725
1496	45	850725	850845
1497	45	850845	851925
1498	45	851925	852045
1499	11	852275	852395
1500	11	852395	853475
1501	11	853475	853695
1502	11	853695	853793
1503	11	853793	854675
1504	11	854675	854795
1505	11	854795	855875
1506	11	855875	855995
1507	11	855995	857075
1508	11	857075	857195
1509	11	857195	857324
1510	11	857324	858275
1511	11	858275	858395
1512	21	858525	858645
1513	21	858645	859725
1514	21	859725	859845
1515	43	860275	860395
1516	43	860395	861475
1517	43	861475	861595
1518	43	861595	862675
1519	43	862675	862795
1520	43	862795	863875
1521	43	863875	863995
1522	43	863995	865075
1523	43	865075	865395
1524	43	865395	866275
1525	43	866275	866395
1526	43	866395	867475
1527	43	867475	867595
1528	43	867595	868675
1529	43	868675	868795
1530	43	868795	869875
1531	43	869875	869995
1532	43	869995	871075
1533	43	871075	871195
1534	43	871195	872275
1535	43	872275	872395
1536	43	872395	873475
1537	43	873475	873595
1538	43	873595	874675
1539	43	874675	874795
1540	43	874795	875875
1541	43	875875	876095
1542	43	876095	877075
1543	43	877075	877195
1544	43	877195	878275
1545	43	878275	878395
1546	43	878395	879475
1547	43	879475	879595
1548	43	879595	880675
1549	43	880675	880795
1550	43	880795	881875
1551	43	881875	881995
1552	43	881995	883075
1553	43	883075	883195
1554	43	883195	884275
1555	43	884275	884395
1556	43	884395	885475
1557	43	885475	885595
1558	43	885595	886675
1559	43	886675	886895
1560	43	886895	887875
1561	43	887875	887995
1562	43	887995	889075
1563	43	889075	889195
1564	43	889195	890275
1565	43	890275	890395
1566	43	890395	890953
1567	29	891125	891245
1568	29	891245	892325
1569	29	892325	892445
1570	29	892445	893525
1571	29	893525	893745
1572	29	893745	894725
1573	29	894725	894845
1574	29	894845	895925
1575	29	896045	897125
1576	29	897125	897345
1577	39	897375	897595
1578	39	897595	898575
1579	39	898575	898695
1580	39	898695	899775
1581	39	899775	899895
1582	39	899895	900975
1583	39	900975	901095
1584	39	901095	902175
1585	39	902175	902295
1586	39	902295	903375
1587	39	903375	903495
1588	39	903495	904575
1589	39	904575	904695
1590	3	904875	904995
1591	5	905045	906110
1592	5	906110	906125
1593	5	906125	906245
1594	27	906675	906795
1595	27	906795	907200
Site : Kourou
Anntenna : 3 nbContacts : 1610
	Sat 	StartTime 	EndTime 
0	31	0	775
1	31	775	1095
2	31	1095	1975
3	31	1975	2095
4	31	2095	3175
5	31	3175	3295
6	31	3295	4375
7	31	4375	4495
8	31	4495	5575
9	31	5575	5695
10	31	5695	6775
11	31	6775	6895
12	31	6895	7975
13	31	7975	8095
14	31	8095	9175
15	31	9175	9295
16	31	9295	10375
17	31	10375	10495
18	31	10495	11082
19	31	11082	11575
20	31	11575	11795
21	31	11795	12352
22	31	12352	12775
23	31	12775	12895
24	31	12895	13975
25	31	13975	14095
26	31	14095	15175
27	31	15175	15295
28	31	15295	16375
29	31	16375	16495
30	31	16495	17575
31	31	17575	17695
32	31	17695	18775
33	31	18775	18895
34	31	18895	19975
35	31	19975	20095
36	31	20095	21175
37	31	21175	21295
38	31	21295	22375
39	31	22375	22595
40	31	22595	23575
41	31	23575	23695
42	41	23825	23945
43	41	23945	25025
44	41	25025	25145
45	41	25145	26225
46	41	26225	26345
47	41	26345	27425
48	41	27425	27545
49	41	27545	28625
50	41	28625	28745
51	43	28795	29395
52	31	29575	29795
53	31	29795	30775
54	31	30775	30895
55	31	30895	31262
56	31	31262	31975
57	31	31975	32095
58	31	32095	33175
59	31	33175	33395
60	31	33395	34375
61	31	34375	34495
62	31	34495	35575
63	31	35575	35695
64	39	35775	35895
65	39	35895	36975
66	39	36975	37095
67	39	37095	38175
68	39	38175	38295
69	39	38295	39375
70	39	39375	39495
71	39	39495	40575
72	39	40575	40695
73	39	40695	41775
74	39	41775	41895
75	39	41895	42975
76	39	42975	43095
77	3	43275	43495
78	5	43545	44467
79	5	44467	44525
80	5	44525	44645
81	27	45075	45195
82	37	45325	45445
83	37	45445	46525
84	37	46525	46645
85	3	46875	46995
86	3	46995	48075
87	3	48075	48195
88	3	48195	48808
89	3	48808	49275
90	3	49275	49395
91	3	49395	50475
92	3	50475	50595
93	3	50595	51675
94	3	51675	51795
95	3	51795	52875
96	3	52875	52995
97	3	52995	54075
98	3	54075	54295
99	3	54295	55275
100	3	55275	55395
101	15	55575	55695
102	15	55695	56775
103	15	56775	56895
104	15	56895	57760
105	15	57760	57975
106	15	57975	58195
107	25	58225	58445
108	25	58445	59425
109	25	59425	59545
110	25	59545	60625
111	25	60625	60745
112	25	60745	61825
113	25	61825	61945
114	25	61945	63025
115	25	63025	63145
116	25	63145	63729
117	25	63729	64225
118	25	64225	64345
119	25	64345	65425
120	25	65425	65645
121	25	65645	66625
122	25	66625	66745
123	25	66745	67825
124	25	67825	67945
125	25	67945	69025
126	25	69025	69145
127	25	69145	70225
128	25	70225	70345
129	25	70345	71425
130	25	71425	71545
131	25	71545	72625
132	25	72625	72745
133	33	72825	72945
134	27	73125	73875
135	27	73875	73995
136	35	74075	74195
137	35	74195	75275
138	35	75275	75395
139	35	75395	76475
140	35	76475	76695
141	35	76695	77675
142	35	77675	77795
143	35	77795	78875
144	35	78875	78995
145	35	78995	80075
146	35	80075	80195
147	35	80195	80353
148	47	80375	80495
149	13	80725	80845
150	13	80845	81925
151	13	81925	82045
152	13	82045	83125
153	13	83125	83245
154	13	83245	84325
155	13	84325	84445
156	13	84445	85525
157	13	85525	85645
158	13	85645	86725
159	15	86775	87095
160	15	87095	87975
161	15	87975	88095
162	15	88095	89175
163	15	89175	89295
164	15	89295	90375
165	15	90375	90495
166	15	90495	91575
167	15	91575	91695
168	21	91725	91845
169	21	91845	92892
170	21	92892	92925
171	21	92925	93045
172	21	93045	94125
173	21	94125	94245
174	21	94245	95325
175	21	95325	95445
176	33	95625	95745
177	33	95745	96825
178	33	96825	96945
179	33	96945	98025
180	33	98025	98245
181	47	98375	98595
182	47	98595	99575
183	47	99575	99695
184	47	99695	100775
185	47	100775	100895
186	9	101025	101145
187	9	101145	102225
188	9	102225	102345
189	9	102345	103425
190	9	103425	103545
191	9	103545	103697
192	21	103725	103845
193	21	103845	104925
194	21	104925	105045
195	9	110625	110745
196	9	110745	111825
197	9	111825	111945
198	9	111945	113025
199	9	113025	113145
200	9	113145	113578
201	9	113578	114225
202	9	114225	114345
203	9	114345	115425
204	9	115425	115645
205	9	115645	116625
206	9	116625	116745
207	9	116745	117825
208	9	117825	117945
209	9	117945	119025
210	9	119025	119245
211	9	119245	120225
212	9	120225	120345
213	9	120345	121425
214	9	121425	121545
215	21	121725	121845
216	21	121845	122925
217	21	122925	123045
218	21	123045	123068
219	31	123175	123295
220	31	123295	124375
221	31	124375	124495
222	31	124495	125575
223	31	125575	125695
224	31	125695	126775
225	31	126775	126895
226	31	126895	127975
227	31	127975	128095
228	31	128095	129175
229	31	129175	129295
230	31	129295	130375
231	31	130375	130595
232	31	130595	131575
233	31	131575	131695
234	31	131695	131885
235	45	131925	132045
236	45	132045	132516
237	45	132516	133125
238	45	133125	133245
239	9	133425	133545
240	9	133545	134625
241	9	134625	134745
242	9	134745	135825
243	9	135825	135945
244	9	135945	137025
245	9	137025	137145
246	9	137145	138225
247	9	138225	138345
248	29	138725	138845
249	29	138845	139925
250	29	139925	140045
251	31	140095	141175
252	31	141175	141395
253	31	141395	142375
254	31	142375	142495
255	31	142495	143575
256	31	143575	143695
257	31	143695	143861
258	31	143861	144775
259	31	144775	144995
260	31	144995	145975
261	31	145975	146095
262	31	146095	147175
263	31	147175	147295
264	31	147295	148375
265	31	148375	148495
266	31	148495	149575
267	31	149575	149695
268	31	149695	150682
269	31	150682	150775
270	31	150775	150895
271	31	150895	151975
272	31	151975	152195
273	31	152195	153175
274	31	153175	153295
275	31	153295	154375
276	31	154375	154495
277	39	154575	154695
278	39	154695	155775
279	39	155775	155895
280	39	155895	156975
281	39	156975	157095
282	39	157095	158175
283	39	158175	158295
284	39	158295	159375
285	39	159375	159495
286	39	159495	160575
287	39	160575	160695
288	39	160695	161775
289	39	161775	161895
290	39	161895	162975
291	39	162975	163195
292	39	163195	164175
293	39	164175	164295
294	39	164295	165375
295	39	165375	165495
296	39	165495	166575
297	39	166575	166695
298	39	166695	167775
299	39	167775	167895
300	39	167895	168975
301	39	168975	169095
302	39	169095	170175
303	39	170175	170295
304	3	170475	170595
305	3	170595	171675
306	3	171675	171795
307	27	172275	172395
308	27	172395	173475
309	27	173475	173795
310	27	173795	174675
311	27	174675	174795
312	27	174795	175875
313	27	175875	175995
314	1	177625	177745
315	1	177745	178598
316	1	178598	178825
317	1	178825	178945
318	1	178945	180025
319	1	180025	180145
320	1	180145	181225
321	1	181225	181345
322	25	182247	183025
323	25	183025	183145
324	35	183643	184475
325	35	184475	184695
326	35	184695	185675
327	35	185675	185795
328	35	185795	186875
329	35	186875	186995
330	1	187225	187345
331	1	187345	188425
332	1	188425	188545
333	1	188545	189625
334	1	189625	189745
335	1	189745	190620
336	1	190620	190825
337	1	190825	190945
338	15	191175	191295
339	15	191295	192375
340	15	192375	192495
341	15	192495	193575
342	15	193575	193695
343	15	193695	194775
344	15	194775	194995
345	15	194995	195975
346	15	195975	196095
347	15	196095	197175
348	15	197175	197295
349	15	197295	198375
350	15	198375	198495
351	15	198495	199575
352	15	199575	199695
353	15	199695	200265
354	15	200265	200775
355	15	200775	200895
356	15	200895	201975
357	15	201975	202195
358	25	202225	202445
359	25	202445	203425
360	25	203425	203545
361	25	203545	204625
362	25	204625	204745
363	25	204745	205825
364	25	205825	206045
365	25	206045	207025
366	25	207025	207145
367	25	207145	207772
368	13	207925	208045
369	13	208045	209125
370	13	209125	209245
371	13	209245	210325
372	13	210325	210445
373	13	210445	211525
374	13	211525	211645
375	13	211645	212725
376	13	212725	212845
377	13	212845	213925
378	13	213925	214045
379	13	214045	215125
380	13	215125	215245
381	13	215245	216325
382	13	216325	216545
383	13	216545	217525
384	13	217525	217645
385	13	217645	218725
386	13	218725	218845
387	13	218845	219741
388	13	219741	219925
389	13	219925	220045
390	13	220045	221125
391	13	221125	221245
392	21	221325	221445
393	23	221495	221924
394	13	222325	222445
395	13	222445	223525
396	13	223525	223645
397	13	223645	224725
398	13	224725	224845
399	13	224845	225925
400	33	225926	226425
401	33	226425	226545
402	47	226775	226895
403	9	227025	227245
404	9	227245	228225
405	9	228225	228345
406	9	228345	229425
407	9	229425	229545
408	9	229545	230625
409	9	230625	230845
410	9	230845	231825
411	9	231825	231945
412	9	231945	233025
413	9	233025	233145
414	9	233145	234030
415	9	234030	234225
416	9	234225	234345
417	21	234525	234645
418	43	235075	235195
419	43	235195	236275
420	43	236275	236395
421	43	236395	237475
422	43	237475	237595
423	43	237595	238675
424	43	238675	238895
425	43	238895	239875
426	43	239875	239995
427	43	239995	241075
428	43	241075	241195
429	43	241195	242275
430	43	242275	242395
431	43	242395	242939
432	43	242939	243475
433	43	243475	243595
434	43	243595	244675
435	43	244675	244795
436	43	244795	245875
437	43	245875	245995
438	43	245995	247075
439	43	247075	247195
440	43	247195	248275
441	43	248275	248395
442	43	248395	249475
443	43	249475	249695
444	43	249695	250675
445	43	250675	250795
446	43	250795	251875
447	43	251875	251995
448	43	251995	253075
449	43	253075	253195
450	43	253195	254275
451	43	254275	254395
452	43	254395	255475
453	43	255475	255595
454	43	255595	256675
455	43	256675	256795
456	43	256795	257875
457	43	257875	257995
458	43	257995	259075
459	43	259075	259195
460	43	259195	260275
461	43	260275	260595
462	43	260595	261475
463	43	261475	261595
464	43	261595	262675
465	43	262675	262795
466	43	262795	263875
467	43	263875	263995
468	3	264075	264195
469	3	264195	265275
470	3	265275	265395
471	3	265395	266475
472	3	266475	266595
473	3	266595	267675
474	3	267675	267795
475	3	267795	268875
476	3	268875	268995
477	3	268995	270075
478	3	270075	270295
479	3	270295	271275
480	3	271275	271395
481	3	271395	272353
482	3	272353	272475
483	3	272475	272595
484	3	272595	273675
485	3	273675	273795
486	43	274205	274675
487	43	274675	274795
488	3	274875	274995
489	3	274995	276075
490	3	276075	276195
491	29	276725	276845
492	41	277025	277145
493	41	277145	278225
494	41	278225	278345
495	41	278345	279039
496	29	279125	279245
497	29	279245	280325
498	29	280325	280445
499	29	280445	281525
500	29	281525	281745
501	29	281745	282725
502	29	282725	282845
503	29	282845	283925
504	29	283925	284045
505	29	284045	285125
506	29	285125	285245
507	29	285245	286325
508	29	286325	286445
509	29	286445	287525
510	29	287525	287645
511	37	287725	287845
512	37	287845	288925
513	37	288925	289145
514	37	289145	290125
515	37	290125	290245
516	37	290245	291325
517	37	291325	291445
518	37	291445	292525
519	37	292525	292745
520	37	292745	293424
521	37	293424	293725
522	37	293725	293845
523	1	294025	294145
524	1	294145	295225
525	1	295225	295345
526	1	295345	296425
527	1	296425	296545
528	1	296545	297625
529	1	297625	297745
530	1	297745	298825
531	1	298825	298945
532	1	298945	300025
533	1	300025	300145
534	1	300145	301225
535	1	301225	301345
536	25	301815	301825
537	25	301825	301945
538	25	301945	303025
539	25	303025	303245
540	25	303245	304225
541	25	304225	304345
542	25	304345	305140
543	25	305140	305425
544	27	305475	305595
545	27	305595	306675
546	27	306675	306795
547	27	306795	307875
548	27	307875	307995
549	27	307995	309075
550	27	309075	309195
551	27	309195	310275
552	27	310275	310395
553	27	310395	310744
554	1	310825	310945
555	1	310945	312025
556	1	312025	312145
557	1	312145	313225
558	1	313225	313445
559	1	313445	314425
560	1	314425	314545
561	15	314775	314895
562	15	314895	315824
563	13	315925	316045
564	13	316045	317125
565	13	317125	317345
566	25	317425	317645
567	25	317645	318625
568	25	318625	318745
569	25	318745	319825
570	25	319825	319945
571	25	319945	320572
572	25	320572	321025
573	25	321025	321145
574	25	321145	322225
575	25	322225	322345
576	25	322345	323425
577	25	323425	323545
578	25	323545	324625
579	25	324625	324845
580	35	324875	325095
581	35	325095	326075
582	35	326075	326195
583	35	326195	327275
584	35	327275	327395
585	35	327395	328475
586	35	328475	328595
587	35	328595	329675
588	35	329675	329795
589	35	329795	330596
590	35	330596	330875
591	47	331175	331295
592	13	331525	331645
593	13	331645	332725
594	13	332725	332845
595	11	333005	333875
596	11	333875	333995
597	11	333995	335075
598	11	335075	335295
599	11	335295	336275
600	11	336275	336395
601	11	336395	337475
602	11	337475	337595
603	11	337595	338675
604	11	338675	338795
605	11	338795	339875
606	11	339875	339995
607	11	339995	341075
608	11	341075	341195
609	11	341195	342275
610	11	342275	342395
611	11	342395	343475
612	11	343475	343595
613	21	343725	343845
614	21	343845	344925
615	21	344925	345045
616	21	345045	345538
617	11	345875	346195
618	11	346195	347075
619	11	347075	347195
620	11	347195	348275
621	11	348275	348395
622	11	348395	349475
623	11	349475	349595
624	11	349595	349801
625	11	349801	350675
626	11	350675	350795
627	11	350795	351875
628	11	351875	351995
629	11	351995	353075
630	11	353075	353195
631	11	353195	354275
632	11	354275	354395
633	21	354525	354645
634	21	354645	355725
635	21	355725	355845
636	21	355845	356925
637	21	356925	357145
638	21	357145	358125
639	21	358125	358245
640	21	358245	359325
641	21	359325	359445
642	21	359445	360525
643	21	360525	360645
644	43	360729	361075
645	47	361081	361175
646	47	361175	361295
647	47	361295	362375
648	47	362375	362495
649	47	362495	363575
650	47	363575	363695
651	47	363695	364775
652	47	364775	364895
653	47	364895	365975
654	47	365975	366095
655	9	366225	366345
656	9	366345	367425
657	9	367425	367645
658	9	367645	368625
659	9	368625	368745
660	9	368745	369825
661	9	369825	369945
662	9	369945	370675
663	9	370675	371025
664	9	371025	371145
665	9	371145	372150
666	41	373025	373145
667	31	373234	373975
668	31	373975	374095
669	31	374095	375175
670	31	375175	375395
671	31	375395	376375
672	31	376375	376495
673	31	376495	377575
674	31	377575	377695
675	31	377695	378775
676	31	378775	378995
677	31	378995	379975
678	31	379975	380095
679	31	380095	381175
680	31	381175	381295
681	31	381295	382375
682	31	382375	382495
683	31	382495	383575
684	31	383575	383695
685	31	383695	384751
686	31	384751	384775
687	31	384775	384895
688	31	384895	385975
689	31	385975	386095
690	31	386095	387175
691	31	387175	387295
692	31	387295	388375
693	31	388375	388495
694	31	388495	389575
695	31	389575	389795
696	31	389795	390775
697	31	390775	390895
698	31	390895	391975
699	31	391975	392095
700	31	392095	393175
701	31	393175	393295
702	31	393295	394375
703	31	394375	394495
704	31	394495	395575
705	31	395575	395695
706	41	395825	395945
707	41	395945	397025
708	41	397025	397145
709	3	397275	397395
710	3	397395	398475
711	3	398475	398595
712	3	398595	399675
713	3	399675	399895
714	3	399895	400875
715	3	400875	400995
716	5	401045	402125
717	5	402125	402245
718	5	402245	403325
719	37	403325	404125
720	37	404125	404345
721	37	404345	405325
722	41	405425	405545
723	41	405545	406625
724	41	406625	406745
725	41	406745	407454
726	41	407454	407825
727	41	407825	407945
728	41	407945	409025
729	41	409025	409145
730	41	409145	410225
731	41	410225	410345
732	27	410561	411075
733	27	411075	411295
734	27	411295	412275
735	27	412275	412395
736	27	412395	413475
737	27	413475	413595
738	27	413595	414050
739	27	414050	414675
740	27	414675	414795
741	27	414795	415875
742	27	415875	415995
743	27	415995	417075
744	27	417075	417195
745	27	417195	418275
746	27	418275	418395
747	27	418395	419475
748	27	419475	419595
749	27	419595	420675
750	27	420675	420795
751	27	420795	421875
752	27	421875	422095
753	27	422095	423075
754	27	423075	423195
755	27	423195	424275
756	27	424275	424395
757	27	424395	425475
758	27	425475	425595
759	25	425642	426625
760	25	426625	426745
761	25	426745	427825
762	25	427825	427945
763	25	427945	429025
764	25	429025	429145
765	25	429145	430225
766	25	430225	430345
767	25	430345	431425
768	25	431425	431545
769	25	431545	432625
770	25	432625	432945
771	25	432945	433825
772	25	433825	433945
773	25	433945	434608
774	25	434608	435025
775	25	435025	435145
776	27	435195	436275
777	27	436275	436395
778	27	436395	437475
779	27	437475	437595
780	27	437595	438675
781	27	438675	438795
782	35	438875	438995
783	35	438995	440075
784	35	440075	440195
785	35	440195	441275
786	35	441275	441395
787	35	441395	442475
788	35	442475	442595
789	11	442716	443075
790	15	443175	443395
791	25	443425	443645
792	25	443645	444625
793	25	444625	444745
794	25	444745	445825
795	25	445825	445945
796	37	446125	446245
797	37	446245	446552
798	37	446552	447325
799	37	447325	447445
800	13	447925	448045
801	13	448045	449125
802	13	449125	449245
803	13	449245	450325
804	13	450325	450445
805	23	450575	450695
806	23	450695	451775
807	23	451775	451895
808	23	451895	452975
809	23	452975	453095
810	23	453095	454175
811	23	454175	454395
812	23	454395	455375
813	23	455375	455495
814	23	455495	456575
815	23	456575	456695
816	47	456763	457175
817	47	457175	457295
818	47	457295	458375
819	47	458375	458495
820	13	458725	458845
821	13	458845	459925
822	13	459925	460045
823	13	460045	460673
824	13	460673	461125
825	13	461125	461345
826	23	461375	461595
827	23	461595	462056
828	23	462056	462575
829	23	462575	462695
830	23	462695	463775
831	23	463775	463895
832	23	463895	464975
833	23	464975	465195
834	23	465195	466175
835	23	466175	466295
836	23	466295	467375
837	23	467375	467495
838	23	467495	468575
839	23	468575	468695
840	23	468695	469714
841	23	469714	469775
842	23	469775	469895
843	23	469895	470975
844	23	470975	471095
845	23	471095	472175
846	23	472175	472295
847	23	472295	473319
848	21	473325	473445
849	21	473445	474525
850	21	474525	474645
851	45	475125	475245
852	45	475245	476325
853	45	476325	476545
854	45	476545	477525
855	45	477525	477645
856	45	477645	478725
857	45	478725	478845
858	45	478845	479925
859	45	479925	480045
860	45	480045	481125
861	45	481125	481245
862	45	481245	482325
863	45	482325	482445
864	45	482445	483525
865	45	483525	483645
866	45	483645	484725
867	45	484725	484845
868	45	484845	485925
869	45	485925	486045
870	45	486045	487125
871	45	487125	487345
872	45	487345	488325
873	45	488325	488445
874	45	488445	489525
875	45	489525	489645
876	45	489645	490725
877	45	490725	490945
878	45	490945	491531
879	45	491531	491925
880	45	491925	492045
881	45	492045	493125
882	45	493125	493245
883	45	493245	494325
884	45	494325	494445
885	45	494445	495525
886	45	495525	495645
887	45	495645	496725
888	45	496725	496845
889	45	496845	497925
890	45	497925	498145
891	45	498145	499125
892	45	499125	499245
893	45	499245	500325
894	45	500325	500445
895	45	500445	501525
896	45	501525	501645
897	5	501725	501845
898	5	501845	502925
899	5	502925	503045
900	5	503045	503367
901	5	503367	504125
902	5	504125	504245
903	5	504245	505325
904	5	505325	505445
905	5	505445	506525
906	5	506525	506645
907	5	506645	507725
908	5	507725	507945
909	5	507945	508925
910	5	508925	509045
911	5	509045	510125
912	5	510125	510245
913	5	510245	511325
914	5	511325	511445
915	5	511445	512525
916	5	512525	512645
917	5	512645	513725
918	5	513725	513845
919	5	513845	514925
920	5	514925	515045
921	5	515045	516125
922	5	516125	516245
923	5	516245	517325
924	5	517325	517445
925	5	517445	518525
926	5	518525	518845
927	5	518845	519725
928	5	519725	519845
929	5	519845	520925
930	5	520925	521045
931	5	521045	522125
932	5	522125	522245
933	5	522245	523325
934	5	523325	523445
935	5	523445	524525
936	5	524525	524645
937	5	524645	525725
938	5	525725	525845
939	5	525845	526925
940	5	526925	527045
941	5	527045	528125
942	5	528125	528245
943	5	528245	529325
944	5	529325	529545
945	5	529545	530525
946	5	530525	530645
947	5	530645	530783
948	5	530783	531725
949	1	531745	531905
950	1	531905	532825
951	1	532825	532945
952	1	532945	534025
953	1	534025	534145
954	1	534145	534540
955	27	534675	534795
956	27	534795	535875
957	27	535875	535995
958	27	535995	537075
959	27	537075	537195
960	27	537195	538275
961	27	538275	538395
962	27	538395	539475
963	27	539475	539595
964	27	539595	540675
965	27	540675	540895
966	27	540895	541875
967	27	541875	541995
968	27	541995	543075
969	27	543075	543195
970	27	543195	544275
971	27	544275	544395
972	37	544525	544645
973	37	544645	545725
974	37	545725	545845
975	37	545845	546073
976	37	546073	546925
977	37	546925	547045
978	37	547045	548125
979	37	548125	548345
980	37	548345	549325
981	37	549325	549445
982	37	549445	550525
983	37	550525	550645
984	37	550645	551725
985	37	551725	551945
986	37	551945	552925
987	37	552925	553045
988	37	553045	554125
989	37	554125	554245
990	37	554245	555325
991	37	555325	555445
992	37	555445	556525
993	37	556525	556645
994	37	556645	557725
995	37	557725	557845
996	1	558025	558145
997	1	558145	559225
998	1	559225	559345
999	15	559575	559695
1000	15	559695	560775
1001	15	560775	560895
1002	23	560975	561095
1003	23	561095	561369
1004	23	561369	562175
1005	23	562175	562395
1006	23	562395	562722
1007	1	562825	562945
1008	1	562945	564025
1009	1	564025	564145
1010	1	564145	565225
1011	1	565225	565345
1012	1	565345	566425
1013	1	566425	566545
1014	15	566775	566895
1015	15	566895	567975
1016	15	567975	568095
1017	15	568095	568559
1018	15	568559	569175
1019	15	569175	569295
1020	15	569295	570375
1021	15	570375	570495
1022	15	570495	571575
1023	15	571575	571695
1024	15	571695	572775
1025	15	572775	572995
1026	15	572995	573975
1027	15	573975	574095
1028	35	574197	574475
1029	35	574475	574595
1030	23	574632	575375
1031	23	575375	575495
1032	35	575675	575795
1033	35	575795	576875
1034	35	576875	577095
1035	35	577095	578075
1036	35	578075	578195
1037	35	578195	579275
1038	35	579275	579395
1039	35	579395	580475
1040	35	580475	580595
1041	35	580595	581675
1042	35	581675	581795
1043	47	581975	582095
1044	47	582095	583175
1045	47	583175	583295
1046	47	583295	584375
1047	21	584448	584925
1048	21	584925	585045
1049	21	585045	586125
1050	21	586125	586245
1051	21	586245	587325
1052	21	587325	587445
1053	33	587625	587745
1054	33	587745	588825
1055	33	588825	588945
1056	23	589065	589775
1057	23	589775	589895
1058	33	590025	590145
1059	47	590375	590495
1060	13	590725	590845
1061	23	590975	591095
1062	23	591095	591300
1063	47	591575	591695
1064	13	591925	592045
1065	13	592045	593125
1066	13	593125	593245
1067	13	593245	593281
1068	9	593317	594225
1069	9	594225	594445
1070	21	594525	594745
1071	21	594745	595725
1072	21	595725	595845
1073	21	595845	596925
1074	21	596925	597045
1075	21	597045	598125
1076	21	598125	598245
1077	21	598245	598252
1078	21	598252	599325
1079	21	599325	599445
1080	21	599445	600525
1081	21	600525	600645
1082	21	600645	601725
1083	21	601725	601845
1084	21	601845	602925
1085	21	602925	603045
1086	21	603045	604125
1087	21	604125	604245
1088	21	604245	605325
1089	21	605325	605645
1090	21	605645	606525
1091	21	606525	606645
1092	21	606645	607725
1093	21	607725	607845
1094	21	607845	608925
1095	21	608925	609045
1096	47	609072	609575
1097	47	609575	609695
1098	47	609695	610775
1099	47	610775	610895
1100	47	610895	611975
1101	47	611975	612095
1102	47	612095	613175
1103	47	613175	613295
1104	47	613295	614297
1105	47	614297	614375
1106	43	614395	614420
1107	43	614420	615475
1108	43	615475	615595
1109	43	615595	616675
1110	43	616675	616895
1111	43	616895	617875
1112	43	617875	617995
1113	43	617995	619075
1114	43	619075	619195
1115	43	619195	620275
1116	43	620275	620395
1117	43	620395	621475
1118	43	621475	621595
1119	43	621595	622675
1120	43	622675	622795
1121	43	622795	623875
1122	43	623875	623995
1123	43	623995	625075
1124	43	625075	625195
1125	43	625195	626275
1126	43	626275	626395
1127	43	626395	627475
1128	43	627475	627695
1129	43	627695	627907
1130	43	627907	628675
1131	43	628675	628795
1132	43	628795	629875
1133	43	629875	629995
1134	43	629995	631075
1135	43	631075	631195
1136	43	631195	632275
1137	43	632275	632395
1138	43	632395	633475
1139	43	633475	633595
1140	43	633595	634675
1141	43	634675	634895
1142	43	634895	635875
1143	43	635875	635995
1144	43	635995	637075
1145	43	637075	637195
1146	43	637195	638275
1147	43	638275	638495
1148	43	638495	639475
1149	43	639475	639595
1150	43	639595	640148
1151	29	640325	640445
1152	29	640445	641525
1153	29	641525	641645
1154	29	641645	642725
1155	29	642725	642845
1156	29	642845	643925
1157	29	643925	644045
1158	29	644045	644305
1159	29	644305	645125
1160	29	645125	645245
1161	41	645425	645545
1162	41	645545	646625
1163	41	646625	646745
1164	31	647575	647695
1165	31	647695	648775
1166	31	648775	648995
1167	31	648995	649975
1168	31	649975	650095
1169	31	650095	651175
1170	31	651175	651295
1171	31	651295	651492
1172	37	652525	652645
1173	37	652645	653107
1174	37	653107	653725
1175	39	662700	663375
1176	39	663375	663595
1177	39	664575	664695
1178	39	665775	665895
1179	39	666975	667095
1180	39	667095	668175
1181	39	668175	668295
1182	39	668295	669375
1183	39	669375	669495
1184	39	669495	669664
1185	15	673575	673695
1186	25	674479	675025
1187	25	675025	675145
1188	25	675145	676225
1189	25	676225	676345
1190	25	676345	677425
1191	25	677425	677545
1192	25	677545	678625
1193	25	678625	678745
1194	25	678745	679825
1195	25	679825	679945
1196	35	680075	680195
1197	35	680195	681275
1198	35	681275	681495
1199	35	681495	682475
1200	35	682475	682595
1201	1	682825	682945
1202	13	682947	683125
1203	13	683125	683245
1204	13	683245	684325
1205	13	684325	684445
1206	13	684445	685525
1207	15	685575	685695
1208	15	685695	686775
1209	15	686775	686895
1210	23	687095	687958
1211	23	687958	688175
1212	23	688175	688295
1213	23	688295	689375
1214	23	689375	689495
1215	25	689545	690625
1216	25	690625	690745
1217	25	690745	691825
1218	25	691825	692145
1219	25	692145	693025
1220	25	693025	693145
1221	25	693145	694225
1222	25	694225	694345
1223	25	694345	695425
1224	25	695425	695545
1225	25	695545	696625
1226	25	696625	696745
1227	25	696745	697825
1228	25	697825	697945
1229	35	698075	698195
1230	35	698195	699275
1231	35	699275	699395
1232	11	699875	699995
1233	11	699995	701075
1234	11	701075	701195
1235	11	701195	702275
1236	11	702275	702495
1237	11	702495	703149
1238	11	703149	703475
1239	11	703475	703595
1240	11	703595	704675
1241	11	704675	704795
1242	11	704795	705875
1243	11	705875	705995
1244	33	706425	706545
1245	33	706545	707625
1246	33	707625	707745
1247	47	707975	708095
1248	47	708095	709175
1249	47	709175	709295
1250	47	709295	710375
1251	47	710375	710495
1252	9	710625	710745
1253	23	710975	711095
1254	23	711095	712175
1255	23	712175	712295
1256	23	712295	713375
1257	23	713375	713595
1258	23	713595	714155
1259	23	714155	714575
1260	23	714575	714695
1261	23	714695	715775
1262	23	715775	715895
1263	47	716375	716495
1264	47	716495	716940
1265	47	716940	717575
1266	47	717575	717695
1267	47	717695	718775
1268	47	718775	718895
1269	47	718895	719975
1270	47	719975	720095
1271	47	720095	721175
1272	47	721175	721395
1273	47	721395	722375
1274	47	722375	722495
1275	47	722495	723575
1276	47	723575	723695
1277	47	723695	724775
1278	47	724775	724995
1279	47	724995	725975
1280	47	725975	726095
1281	47	726095	727175
1282	47	727175	727295
1283	47	727295	728375
1284	47	728375	728495
1285	11	728675	728795
1286	11	728795	729875
1287	11	729875	729995
1288	11	729995	731075
1289	11	731075	731195
1290	11	731195	732275
1291	11	732275	732395
1292	11	732395	732636
1293	11	732636	733475
1294	11	733475	733595
1295	11	733595	733616
1296	11	733616	734675
1297	11	734675	734895
1298	11	734895	735875
1299	11	735875	735995
1300	11	735995	737075
1301	11	737075	737195
1302	11	737195	738275
1303	11	738275	738395
1304	11	738395	739475
1305	11	739475	739595
1306	11	739595	740675
1307	11	740675	740795
1308	11	740795	740986
1309	31	741175	741295
1310	31	741295	742375
1311	31	742375	742495
1312	31	742495	743575
1313	31	743575	743695
1314	31	743695	744775
1315	31	744775	744895
1316	41	745025	745145
1317	41	745145	746225
1318	41	746225	746445
1319	41	746445	747425
1320	41	747425	747545
1321	41	747545	748625
1322	41	748625	748745
1323	41	748745	749825
1324	41	749825	750045
1325	41	750045	751025
1326	41	751025	751145
1327	41	751145	752225
1328	41	752225	752345
1329	41	752345	753425
1330	41	753425	753545
1331	41	753545	754625
1332	41	754625	754745
1333	41	754745	755825
1334	41	755825	755945
1335	41	755945	756662
1336	41	756662	757025
1337	41	757025	757245
1338	41	757245	758225
1339	41	758225	758345
1340	41	758345	759425
1341	41	759425	759545
1342	41	759545	760625
1343	41	760625	760745
1344	41	760745	761825
1345	41	761825	761945
1346	39	762044	762975
1347	39	762975	763095
1348	39	763095	764041
1349	29	764045	764875
1350	29	764875	765125
1351	29	765125	765245
1352	29	765245	766325
1353	29	766325	766445
1354	29	766445	767525
1355	29	767525	767745
1356	29	767745	768725
1357	29	768725	768845
1358	29	768845	769925
1359	29	769925	770045
1360	29	770045	771125
1361	29	771125	771245
1362	29	771245	772325
1363	29	772325	772445
1364	29	772445	773525
1365	29	773525	773645
1366	29	773645	774725
1367	29	774725	774845
1368	37	774925	775045
1369	37	775045	776125
1370	37	776125	776245
1371	37	776245	777325
1372	37	777325	777445
1373	37	777445	778525
1374	37	778525	778845
1375	37	778845	779725
1376	37	779725	779845
1377	1	780025	780145
1378	1	780145	781225
1379	1	781225	781345
1380	1	781345	782425
1381	27	782442	783075
1382	27	783075	783195
1383	27	783195	783606
1384	27	783606	784275
1385	27	784275	784395
1386	27	784395	785475
1387	41	785501	785825
1388	41	785825	785945
1389	1	786025	786145
1390	1	786145	787225
1391	1	787225	787345
1392	1	787345	788425
1393	1	788425	788645
1394	1	788645	789625
1395	1	789625	789745
1396	15	789975	790095
1397	25	790225	790345
1398	39	790411	790575
1399	39	790575	790695
1400	1	790825	790945
1401	15	791175	791295
1402	15	791295	791460
1403	27	791475	791595
1404	27	791595	792675
1405	27	792675	792795
1406	27	792795	793875
1407	27	793875	793995
1408	27	793995	795075
1409	27	795075	795195
1410	27	795195	796275
1411	27	796275	796395
1412	27	796395	797475
1413	27	797475	797595
1414	27	797595	798675
1415	27	798675	798795
1416	27	798795	799875
1417	27	799875	800095
1418	27	800095	801075
1419	27	801075	801195
1420	35	801275	801395
1421	35	801395	802475
1422	35	802475	802595
1423	35	802595	803675
1424	35	803675	803795
1425	23	804007	804575
1426	23	804575	804695
1427	23	804695	805775
1428	23	805775	805895
1429	23	805895	806975
1430	25	807025	807245
1431	25	807245	808225
1432	25	808225	808345
1433	25	808345	809425
1434	25	809425	809545
1435	25	809545	810087
1436	25	810087	810625
1437	25	810625	810845
1438	25	810845	811825
1439	25	811825	811945
1440	25	811945	813025
1441	25	813025	813145
1442	25	813145	814225
1443	25	814225	814345
1444	25	814345	815425
1445	25	815425	815545
1446	25	815545	816625
1447	25	816625	816745
1448	33	816825	816945
1449	33	816945	818025
1450	33	818025	818145
1451	1	818425	818545
1452	13	818725	818845
1453	13	818845	819925
1454	13	819925	820045
1455	13	820045	821125
1456	13	821125	821345
1457	13	821345	822325
1458	13	822325	822445
1459	13	822445	823525
1460	13	823525	823645
1461	47	823676	824375
1462	47	824375	824495
1463	47	824495	825575
1464	47	825575	825695
1465	47	825695	826775
1466	47	826775	826895
1467	13	827125	827245
1468	13	827245	828325
1469	13	828325	828445
1470	13	828445	828453
1471	13	828453	829525
1472	13	829525	829645
1473	23	829775	829895
1474	23	829895	830975
1475	23	830975	831095
1476	23	831095	831464
1477	47	831575	831695
1478	47	831695	832775
1479	47	832775	832995
1480	47	832995	833975
1481	47	833975	834095
1482	21	835213	835725
1483	21	835725	835945
1484	47	836595	837575
1485	47	837575	837695
1486	47	838895	839539
1487	47	839539	839975
1488	47	839975	840095
1489	47	841175	841295
1490	47	842375	842495
1491	47	842495	843575
1492	47	843575	843795
1493	47	843795	844775
1494	47	844775	844895
1495	47	844895	845975
1496	47	845975	846095
1497	47	846095	847175
1498	47	847175	847295
1499	47	847295	848375
1500	47	848375	848495
1501	47	848495	849575
1502	47	849575	849695
1503	47	849695	850775
1504	47	850775	850895
1505	47	850895	851847
1506	47	851847	851975
1507	47	851975	852095
1508	47	852095	853107
1509	45	853125	853245
1510	45	853245	854325
1511	45	854325	854545
1512	45	854545	855525
1513	45	855525	855645
1514	45	855645	856725
1515	45	856725	856845
1516	45	856845	857925
1517	45	857925	858045
1518	45	858045	859125
1519	45	859125	859245
1520	45	859245	860325
1521	45	860325	860445
1522	45	860445	861440
1523	45	861440	861525
1524	45	861525	861645
1525	45	861645	862725
1526	45	862725	862845
1527	45	862845	863925
1528	45	863925	864045
1529	45	864045	865125
1530	45	865125	865445
1531	45	865445	866325
1532	45	866325	866445
1533	45	866445	867525
1534	45	867525	867645
1535	45	867645	868725
1536	45	868725	868845
1537	45	868845	869925
1538	45	869925	870045
1539	5	870125	870245
1540	5	870245	871325
1541	5	871325	871445
1542	5	871445	872525
1543	5	872525	872645
1544	5	872645	873725
1545	5	873725	873845
1546	5	873845	874394
1547	5	874394	874925
1548	5	874925	875145
1549	5	875145	876125
1550	5	876125	876245
1551	5	876245	877325
1552	5	877325	877445
1553	5	877445	878525
1554	5	878525	878645
1555	5	878645	879725
1556	5	879725	879845
1557	5	879845	880925
1558	5	880925	881045
1559	29	881525	881645
1560	29	881645	882725
1561	29	882725	882845
1562	29	882845	883444
1563	29	883444	883925
1564	29	883925	884045
1565	29	884045	885125
1566	29	885125	885245
1567	29	885245	886325
1568	29	886325	886545
1569	39	886575	886795
1570	39	886795	887492
1571	39	887492	887775
1572	39	887775	887895
1573	39	887895	888975
1574	39	888975	889095
1575	39	889095	890175
1576	39	890175	890295
1577	39	890295	891375
1578	39	891375	891495
1579	39	891495	892575
1580	39	892575	892695
1581	39	892695	893775
1582	39	893775	893995
1583	39	893995	894975
1584	39	894975	895095
1585	3	895259	895275
1586	3	895275	895395
1587	3	895395	896475
1588	3	896475	896695
1589	3	896695	897675
1590	3	897675	897795
1591	29	898325	898445
1592	29	898445	898454
1593	29	898454	899525
1594	29	899525	899645
1595	29	899645	900725
1596	29	900725	900845
1597	29	900845	901925
1598	29	901925	902045
1599	29	902045	903125
1600	29	903125	903245
1601	29	903245	904325
1602	29	904325	904445
1603	29	904445	905525
1604	29	905525	905645
1605	39	905775	905895
1606	3	906075	906195
1607	25	906199	906625
1608	29	906725	906845
1609	29	906845	907200
-----------------
Site : Tahiti
-----------------
Site : Tahiti
Anntenna : 0 nbContacts : 1536
	Sat 	StartTime 	EndTime 
0	29	0	725
1	29	725	1045
2	29	1045	1925
3	29	1925	2045
4	29	2045	3125
5	29	3125	3245
6	29	3245	4325
7	29	4325	4445
8	29	4445	5525
9	29	5525	5645
10	29	5645	6725
11	29	6725	6845
12	29	6845	7925
13	29	7925	8045
14	29	8045	9125
15	29	9125	9245
16	29	9245	10325
17	29	10325	10445
18	29	10445	10991
19	29	10991	11525
20	29	11525	11745
21	29	11745	12725
22	29	12725	12845
23	35	12995	13160
24	35	13160	14075
25	35	14075	14195
26	35	14195	15275
27	35	15275	15395
28	35	15395	16475
29	35	16475	16595
30	35	16595	17675
31	35	17675	17795
32	35	17795	18875
33	37	18925	19045
34	1	19225	19345
35	1	19345	20425
36	1	20425	20545
37	1	20545	21625
38	1	21625	21845
39	1	21845	22825
40	1	22825	22945
41	1	22945	23776
42	1	23776	24025
43	1	24025	24145
44	1	24145	25225
45	1	25225	25345
46	1	25345	26425
47	1	26425	26545
48	1	26545	27625
49	1	27625	27745
50	1	27745	28825
51	1	28825	29045
52	1	29045	29900
53	1	29900	30025
54	1	30025	30145
55	1	30145	31225
56	1	31225	31345
57	15	31575	31695
58	15	31695	32775
59	15	32775	32995
60	15	32995	33975
61	15	33975	34095
62	15	34095	35175
63	15	35175	35295
64	15	35295	36375
65	15	36375	36495
66	15	36495	37575
67	15	37575	37695
68	15	37695	38775
69	15	38775	38895
70	15	38895	39975
71	15	39975	40095
72	15	40095	41175
73	15	41175	41295
74	15	41295	42375
75	15	42375	42495
76	15	42495	43575
77	15	43575	43795
78	15	43795	44775
79	15	44775	44895
80	15	44895	45975
81	15	45975	46095
82	15	46095	47175
83	15	47175	47295
84	15	47295	47612
85	15	47612	48375
86	15	48375	48495
87	15	48495	49492
88	13	49525	49645
89	13	49645	50725
90	13	50725	50845
91	15	50895	51975
92	15	51975	52095
93	15	52095	53175
94	15	53175	53295
95	15	53295	54375
96	15	54375	54595
97	25	54625	54845
98	25	54845	55825
99	25	55825	55945
100	25	55945	57025
101	25	57025	57145
102	25	57145	58225
103	21	58345	59269
104	21	59269	59325
105	21	59325	59445
106	21	59445	60525
107	21	60525	60645
108	21	60645	61725
109	21	61725	61845
110	21	61845	62925
111	21	62925	63045
112	21	63045	64125
113	21	64125	64245
114	21	64245	65325
115	21	65325	65545
116	21	65545	66525
117	21	66525	66645
118	21	66645	67725
119	21	67725	67845
120	21	67845	68925
121	21	68925	69045
122	21	69045	70125
123	21	70125	70245
124	21	70245	71325
125	21	71325	71445
126	21	71445	72525
127	47	73323	74375
128	47	74375	74495
129	47	74495	75575
130	47	75575	75695
131	47	75695	76775
132	47	76775	76995
133	47	76995	77121
134	47	77121	77975
135	47	77975	78095
136	47	78095	79175
137	47	79175	79295
138	11	79475	79595
139	11	79595	80675
140	11	80675	80795
141	11	80795	81507
142	47	81575	81695
143	47	81695	82775
144	47	82775	82895
145	47	82895	83975
146	47	83975	84095
147	47	84095	85175
148	47	85175	85295
149	47	85295	86375
150	47	86375	86495
151	47	86495	87575
152	47	87575	87895
153	47	87895	88775
154	47	88775	88895
155	47	88895	89975
156	47	89975	90095
157	47	90095	91175
158	47	91175	91295
159	47	91295	92375
160	47	92375	92495
161	47	92495	93575
162	47	93575	93695
163	47	93695	93701
164	5	93725	93845
165	41	94625	94745
166	41	94745	95263
167	41	95263	95825
168	41	95825	95945
169	41	95945	97025
170	41	97025	97145
171	41	97145	98225
172	41	98225	98445
173	41	98445	99425
174	41	99425	99545
175	41	99545	100625
176	41	100625	100745
177	41	100745	101825
178	41	101825	101945
179	41	101945	103025
180	41	103025	103145
181	41	103145	104225
182	41	104345	105425
183	41	105425	105545
184	41	105545	106625
185	41	106625	106745
186	41	106745	107825
187	41	107825	107945
188	41	109025	109245
189	41	109245	110225
190	41	110225	110345
191	41	110345	111425
192	41	111425	111545
193	41	111545	112625
194	41	113825	113945
195	41	113945	115025
196	29	115925	116145
197	29	116145	117125
198	29	117125	117245
199	43	117475	117595
200	43	117595	118675
201	43	118675	118795
202	5	118925	119145
203	5	119145	120125
204	5	120125	120245
205	5	120245	121325
206	5	121325	121445
207	5	121445	122525
208	5	122525	122645
209	5	122645	123725
210	5	123725	123845
211	5	123845	124925
212	5	124925	125045
213	5	125045	126125
214	5	126125	126245
215	5	126245	127325
216	5	127325	127445
217	5	127445	127964
218	5	127964	128525
219	5	128525	128645
220	5	128645	129725
221	5	129725	129945
222	5	129945	130344
223	5	130344	130925
224	5	130925	131045
225	29	131088	131525
226	29	131525	131645
227	29	131645	132416
228	29	132416	132725
229	29	132725	132845
230	29	132845	133925
231	29	133925	134045
232	29	134045	135125
233	29	135125	135245
234	29	135245	136042
235	29	136042	136325
236	29	136325	136445
237	29	136445	137525
238	29	137525	137645
239	39	137775	137895
240	39	137895	138975
241	39	138975	139095
242	39	139095	140175
243	39	140175	140295
244	39	140295	141088
245	29	141125	141345
246	29	141345	142325
247	29	142325	142445
248	29	142445	143525
249	29	143525	143645
250	29	143645	144725
251	29	144725	144945
252	29	144945	145925
253	29	145925	146045
254	29	146045	147125
255	29	147125	147245
256	29	147245	148325
257	29	148325	148445
258	29	148445	149525
259	29	149525	149645
260	29	149645	150725
261	35	150875	150995
262	35	150995	152075
263	35	152075	152295
264	35	152295	152750
265	15	152775	152895
266	15	152895	153975
267	15	153975	154095
268	15	154095	155175
269	15	155175	155295
270	15	155295	156375
271	15	156375	156495
272	15	156495	157575
273	15	157575	157695
274	15	157695	158775
275	13	158845	159925
276	13	159925	160045
277	13	160045	161125
278	15	161175	161295
279	15	161295	162375
280	15	162375	162595
281	15	162595	163575
282	15	163575	163695
283	15	163695	164775
284	15	164775	164895
285	15	164895	165000
286	15	165000	165975
287	15	165975	166095
288	15	166095	166296
289	15	166296	167175
290	15	167175	167295
291	15	167295	168375
292	15	168375	168495
293	33	168825	168945
294	33	168945	170025
295	33	170025	170145
296	33	170145	171225
297	33	171225	171345
298	33	171345	172257
299	33	173945	174825
300	23	176975	177095
301	23	177095	178175
302	23	178175	178295
303	23	178295	179375
304	23	179375	179495
305	23	179495	179616
306	23	179616	180575
307	23	180575	180695
308	23	181775	181895
309	23	181895	182975
310	23	182975	183095
311	23	183095	184175
312	23	184175	184395
313	23	184395	185375
314	23	185375	185495
315	23	185495	186575
316	23	186575	186695
317	23	186695	187775
318	23	187775	187895
319	23	187895	188975
320	23	188975	189095
321	23	189095	190175
322	23	190175	190295
323	23	190295	191375
324	23	191375	191495
325	23	191495	192469
326	21	195269	195936
327	21	195936	196125
328	21	196125	196245
329	21	196245	197325
330	21	197325	197445
331	21	197445	198525
332	21	198525	198645
333	21	198645	199725
334	21	199725	199845
335	21	199845	200630
336	11	200675	200795
337	11	200795	201875
338	11	201875	202095
339	11	202095	202277
340	11	202277	203075
341	11	203075	203195
342	11	203195	204275
343	11	204275	204395
344	11	204395	205056
345	11	205056	205159
346	11	205159	205475
347	11	205475	205695
348	11	205695	206675
349	11	206675	206795
350	11	206795	207875
351	11	207875	207995
352	11	207995	209075
353	11	209075	209195
354	11	209195	210275
355	11	210275	210395
356	11	210395	210444
357	11	210444	211475
358	11	211475	211595
359	11	211595	212675
360	11	212675	212795
361	11	212795	213640
362	5	213716	213725
363	5	213725	213845
364	5	213845	214925
365	5	214925	215045
366	5	215045	216125
367	5	216125	216345
368	5	216345	217325
369	5	217325	217445
370	5	217445	218525
371	5	218525	218645
372	5	218645	219725
373	5	219725	219845
374	5	219845	220925
375	5	220925	221045
376	39	221775	221895
377	39	221895	222975
378	39	222975	223095
379	39	224175	224295
380	5	224645	225725
381	5	225725	225845
382	5	225845	226925
383	41	227825	228045
384	41	228045	229025
385	41	229025	229145
386	41	229145	230225
387	41	230225	230345
388	41	230345	231425
389	41	231425	231645
390	41	231645	231934
391	41	231934	232625
392	41	232625	232745
393	41	232745	233825
394	41	233825	233945
395	41	233945	234361
396	41	234361	235025
397	41	235025	235145
398	41	235145	236225
399	41	236225	236345
400	41	236345	237153
401	31	237175	237295
402	31	237295	238375
403	31	238375	238595
404	31	238595	239575
405	31	239575	239695
406	31	239695	240775
407	31	240775	240895
408	31	240895	241975
409	31	241975	242095
410	31	242095	243175
411	31	243175	243295
412	31	243295	244375
413	31	244375	244495
414	31	244495	245575
415	31	245575	245695
416	31	245695	246775
417	31	246775	246895
418	31	246895	247975
419	31	247975	248095
420	31	248095	249175
421	31	249175	249395
422	31	249395	249963
423	31	249963	250375
424	31	250375	250495
425	31	250495	251575
426	31	251575	251695
427	31	251695	252775
428	31	252775	252895
429	31	252895	253975
430	31	253975	254095
431	31	254095	255175
432	31	255175	255295
433	31	255295	256375
434	31	256375	256495
435	31	256495	257239
436	15	257295	258375
437	15	258375	258495
438	15	258495	259575
439	15	259575	259895
440	15	259895	260775
441	15	260775	260895
442	15	260895	261975
443	15	261975	262095
444	15	262095	263175
445	15	263175	263295
446	27	263475	263595
447	27	263595	264675
448	27	264675	264795
449	27	264795	265875
450	27	265875	265995
451	27	265995	267075
452	27	267075	267195
453	37	267325	267445
454	37	267445	268525
455	37	268525	268645
456	37	268645	269725
457	37	269725	269845
458	37	269845	270925
459	37	270925	271145
460	37	271145	272125
461	37	272125	272245
462	37	272245	273325
463	37	273325	273445
464	37	273445	274525
465	37	274525	274645
466	37	274645	275725
467	37	275725	275845
468	37	275845	276925
469	37	276925	277045
470	37	277045	278005
471	37	278005	278125
472	37	278125	278245
473	37	278245	279325
474	37	279325	279445
475	37	279445	279854
476	15	279975	280095
477	15	280095	281175
478	15	281175	281395
479	15	281395	282375
480	15	282375	282495
481	23	282575	282695
482	23	282695	283775
483	23	283775	283895
484	23	283895	284975
485	23	284975	285095
486	37	285325	285445
487	37	285445	286525
488	37	286525	286645
489	1	286825	286945
490	1	286945	288025
491	1	288025	288245
492	1	288245	289225
493	1	289225	289345
494	1	289345	290425
495	1	290425	290545
496	1	290545	291625
497	1	291625	291845
498	1	291845	292825
499	1	292825	292945
500	47	292995	293975
501	47	293975	294095
502	47	294095	295175
503	47	295175	295295
504	47	295295	296375
505	47	296375	296495
506	47	296495	297575
507	47	297575	297695
508	47	297695	298775
509	47	298775	298895
510	47	298895	299975
511	47	299975	300095
512	47	300095	301175
513	47	301175	301295
514	47	301295	302375
515	47	302375	302495
516	47	302495	303575
517	47	303575	303795
518	47	303795	304775
519	45	304845	305925
520	45	305925	306045
521	9	306225	306345
522	9	306345	307425
523	9	307425	307545
524	25	307825	307945
525	25	307945	309025
526	21	309045	310125
527	21	310125	310245
528	21	310245	311325
529	21	311325	311445
530	21	311445	312525
531	21	312525	312645
532	21	312645	312930
533	21	312930	313725
534	21	313725	313945
535	21	313945	314925
536	21	314925	315045
537	21	315045	316109
538	21	316109	316125
539	23	316175	316295
540	23	316295	317375
541	23	317375	317595
542	23	317595	318575
543	23	318575	318695
544	23	318695	319775
545	23	319775	319895
546	23	319895	320975
547	23	320975	321095
548	23	321095	322175
549	23	322175	322295
550	23	322295	323375
551	23	323375	323495
552	23	323495	324089
553	21	324525	324745
554	21	324745	325725
555	21	325725	325845
556	21	325845	326925
557	21	326925	327045
558	21	327045	328125
559	21	328125	328245
560	21	328245	328331
561	21	328331	329325
562	21	329325	329445
563	21	329445	330525
564	21	330525	330645
565	21	330645	330795
566	21	330795	331725
567	21	331725	331845
568	21	331845	332925
569	21	332925	333045
570	21	333045	334106
571	43	337000	337075
572	43	337075	337195
573	43	337195	338275
574	43	338275	338395
575	43	338395	339475
576	43	339475	339595
577	43	339595	340675
578	43	340675	340795
579	43	340795	341875
580	43	341875	341995
581	43	341995	342433
582	43	342433	343075
583	43	343075	343195
584	43	343195	344275
585	43	344275	344395
586	43	344395	344662
587	43	344662	345475
588	43	345475	345595
589	43	345595	346675
590	43	346675	346995
591	43	346995	347875
592	43	347875	347995
593	43	347995	349075
594	43	349075	349195
595	43	349195	350275
596	43	350275	350395
597	43	350395	351475
598	43	351475	351595
599	43	351595	352675
600	43	352675	352795
601	43	352795	353875
602	43	353875	353995
603	43	353995	355075
604	43	355075	355195
605	43	355195	356275
606	43	356275	356395
607	43	356395	357475
608	43	357475	357695
609	43	357695	358412
610	43	358412	358675
611	43	358675	358795
612	43	358795	359875
613	43	359875	359995
614	43	359995	360729
615	31	360775	360895
616	31	360895	361975
617	31	361975	362095
618	31	362095	363175
619	31	363175	363295
620	31	363295	364375
621	31	364375	364495
622	31	364495	365243
623	31	365243	365575
624	31	365575	365695
625	31	365695	366775
626	31	366775	366895
627	31	366895	366911
628	31	366911	367975
629	31	367975	368195
630	31	368195	369175
631	31	369175	369295
632	31	369295	370375
633	31	370375	370495
634	31	370495	371393
635	27	371475	371595
636	39	371895	372975
637	39	372975	373095
638	39	373095	374175
639	39	374175	374295
640	39	374295	375375
641	39	375375	375595
642	39	375595	376575
643	39	376575	376695
644	39	376695	377775
645	39	377775	377895
646	39	377895	378975
647	39	378975	379195
648	39	379195	379513
649	39	379513	380175
650	39	380175	380295
651	39	380295	380497
652	39	380497	381375
653	39	381375	381495
654	39	381495	382575
655	39	382575	382695
656	39	382695	383775
657	39	383775	383895
658	39	383895	384975
659	39	384975	385095
660	39	385095	386175
661	39	386175	386295
662	39	386295	387375
663	39	387375	387495
664	39	387495	388575
665	39	388575	388695
666	39	388695	389637
667	39	389637	389775
668	39	389775	389995
669	39	389995	390975
670	39	390975	391095
671	39	391095	392175
672	39	392175	392295
673	39	392295	392895
674	37	393325	393445
675	37	393445	394525
676	37	394525	394645
677	37	394645	395539
678	37	395539	395725
679	37	395725	395845
680	37	395845	396505
681	37	396505	396925
682	37	396925	397045
683	37	397045	398125
684	37	398125	398245
685	37	398245	399325
686	37	399325	399445
687	37	399445	400525
688	37	400525	400745
689	37	400745	401120
690	27	401475	401595
691	27	401595	402675
692	27	402675	402795
693	27	402795	403875
694	27	403875	404095
695	27	404095	404468
696	27	404468	405075
697	27	405075	405195
698	27	405195	406275
699	27	406275	406395
700	27	406395	407475
701	27	407475	407595
702	27	407595	408675
703	27	408675	408795
704	27	408795	409875
705	27	409875	409995
706	27	409995	410561
707	13	410725	410945
708	13	410945	411925
709	13	411925	412045
710	13	412045	413125
711	13	413125	413245
712	13	413245	414325
713	13	414325	414445
714	13	414445	415525
715	13	415525	415645
716	13	415645	416725
717	13	416725	416845
718	13	416845	417925
719	21	418125	418245
720	21	418245	419325
721	21	419325	419445
722	33	419565	419625
723	33	419625	419745
724	33	419745	420825
725	33	420825	420945
726	33	420945	422025
727	33	422025	422245
728	33	422245	423225
729	33	423225	423345
730	33	423345	424425
731	33	424425	424545
732	33	424545	425114
733	33	425114	425625
734	33	425625	425745
735	33	425745	426825
736	33	426825	426945
737	33	426945	428025
738	23	428073	428975
739	23	428975	429095
740	23	429095	429548
741	23	429548	430175
742	23	430175	430295
743	23	430295	431375
744	23	431375	431495
745	23	431495	432575
746	23	432575	432895
747	23	432895	433775
748	23	433775	433895
749	23	433895	434975
750	23	434975	435095
751	23	435095	436175
752	23	436175	436295
753	23	436295	437375
754	23	437375	437495
755	23	437495	438575
756	23	438575	438695
757	23	438695	439775
758	23	439775	439895
759	23	439895	440975
760	23	440975	441095
761	23	441095	441870
762	23	441870	442175
763	23	442175	442295
764	23	442295	443121
765	45	444145	445125
766	45	445125	445245
767	45	445245	446325
768	45	446325	446445
769	45	446445	447525
770	45	447525	447645
771	45	447645	448725
772	45	448725	448845
773	9	448900	449025
774	9	449025	449145
775	9	449145	450225
776	9	450225	450345
777	9	450345	451425
778	9	451425	451545
779	9	451545	452625
780	9	452625	452745
781	9	452745	453825
782	9	453825	454045
783	9	454045	454570
784	9	454570	455025
785	9	455025	455145
786	9	455145	456225
787	9	456225	456345
788	9	456345	457425
789	9	457425	457545
790	9	457545	458625
791	9	458625	458745
792	9	458745	459825
793	9	459825	459945
794	9	459945	460745
795	9	460745	461025
796	9	461025	461245
797	9	461245	462225
798	9	462225	462345
799	9	462345	463425
800	9	463425	463545
801	9	463545	464625
802	9	464625	464845
803	9	464845	465825
804	9	465825	465945
805	9	465945	467025
806	9	467025	467145
807	9	467145	468033
808	9	468033	468225
809	9	468225	468345
810	9	468345	469425
811	9	469425	469545
812	9	469545	470625
813	9	470625	470745
814	9	470745	471164
815	9	471164	471825
816	9	471825	471945
817	9	471945	473025
818	9	473025	473145
819	9	473145	474093
820	3	474195	475275
821	3	475275	475495
822	3	475495	476475
823	3	476475	476595
824	3	476595	477675
825	3	477675	477795
826	3	477795	478875
827	3	478875	478995
828	3	478995	480075
829	3	480075	480195
830	3	480195	481275
831	3	481275	481395
832	3	481395	482475
833	3	482475	482595
834	3	482595	483675
835	3	483675	483795
836	3	483795	484875
837	29	485426	485525
838	29	485525	485645
839	29	485645	486725
840	29	486725	486945
841	39	486975	487195
842	39	487195	488175
843	39	488175	488295
844	39	488295	489375
845	39	489375	489495
846	3	489675	489895
847	3	489895	490875
848	3	490875	490995
849	3	490995	492075
850	3	492075	492195
851	3	492195	493275
852	3	493275	493395
853	27	493542	493875
854	27	493875	493995
855	27	493995	495075
856	27	495075	495195
857	27	495195	496275
858	27	496275	496395
859	27	496395	496454
860	27	496454	497475
861	27	497475	497695
862	27	497695	498675
863	27	498675	498795
864	27	498795	499875
865	27	499875	499995
866	27	499995	501075
867	27	501075	501195
868	27	501195	502275
869	27	502275	502395
870	27	502395	503475
871	27	503475	503595
872	27	503595	504675
873	27	504675	504795
874	27	504795	505875
875	27	505875	505995
876	39	506175	506295
877	39	506295	507375
878	39	507375	507495
879	39	507495	507916
880	39	507916	508575
881	39	508575	508795
882	39	508795	509775
883	39	509775	509895
884	1	510025	510145
885	1	510145	511225
886	1	511225	511345
887	27	511875	511995
888	27	511995	513075
889	27	513075	513195
890	27	513195	514275
891	27	514275	514395
892	27	514395	515475
893	27	515475	515595
894	27	515595	516675
895	27	516675	516795
896	27	516795	517875
897	27	517875	517995
898	27	517995	518614
899	27	518614	519075
900	27	519075	519395
901	27	519395	519827
902	27	519827	520275
903	27	520275	520395
904	27	520395	521475
905	27	521475	521595
906	27	521595	522675
907	27	522675	522795
908	27	522795	523875
909	27	523875	523995
910	33	524145	525225
911	33	525225	525345
912	33	525345	526053
913	33	526053	526425
914	33	526425	526545
915	33	526545	527625
916	33	527625	527745
917	33	527745	528825
918	33	528825	528945
919	33	528945	530025
920	33	530025	530245
921	33	530245	531225
922	33	531225	531345
923	33	531345	532425
924	33	532425	532545
925	21	532627	533325
926	21	533325	533445
927	21	533445	534525
928	1	534540	535225
929	1	535225	535345
930	1	535345	536425
931	1	536425	536545
932	1	536545	537625
933	1	537625	537745
934	1	537745	538825
935	1	538825	538945
936	1	538945	540025
937	1	540025	540245
938	13	540325	540545
939	13	540545	541525
940	13	541525	541645
941	13	541645	542725
942	13	542725	542845
943	13	542845	543052
944	13	543052	543925
945	13	543925	544045
946	13	544045	545125
947	13	545125	545245
948	13	545245	545759
949	13	545759	546325
950	13	546325	546445
951	13	546445	547525
952	13	547525	547745
953	13	547745	548725
954	13	548725	548845
955	13	548845	549925
956	13	549925	550045
957	13	550045	551125
958	13	551125	551345
959	13	551345	552325
960	13	552325	552445
961	13	552445	553525
962	13	553525	553645
963	13	553645	554725
964	13	554725	554845
965	13	554845	555925
966	9	555945	557025
967	9	557025	557145
968	9	557145	558225
969	9	558225	558345
970	9	558345	559425
971	9	559425	559545
972	9	559545	560625
973	9	560625	560745
974	9	560745	561825
975	11	561875	562095
976	21	562125	562345
977	21	562345	563183
978	21	563183	563325
979	21	563325	563445
980	21	563445	564525
981	21	564525	564645
982	21	564645	565725
983	21	565725	565845
984	21	565845	566837
985	21	566837	566925
986	21	566925	567045
987	21	567045	568125
988	21	568125	568245
989	21	568245	569325
990	21	569325	569445
991	21	569445	570525
992	21	570525	570645
993	21	570645	571725
994	21	571725	571845
995	21	571845	572925
996	21	572925	573145
997	21	573145	574125
998	21	574125	574245
999	21	574245	575325
1000	21	575325	575445
1001	21	575445	576525
1002	21	576525	576745
1003	21	576745	577725
1004	21	577725	577845
1005	21	577845	578925
1006	21	578925	579045
1007	21	579045	580125
1008	21	580125	580245
1009	21	580245	581325
1010	21	581325	581445
1011	21	581445	582525
1012	21	582525	582645
1013	21	582645	583725
1014	21	583725	583945
1015	21	583945	584448
1016	45	591031	591525
1017	45	591525	591645
1018	45	591645	592725
1019	45	592725	592845
1020	45	592845	593925
1021	45	593925	594045
1022	45	594045	595125
1023	45	595125	595345
1024	45	595345	596325
1025	45	596325	596445
1026	45	596445	597525
1027	45	597525	597645
1028	45	597645	598725
1029	45	598725	598845
1030	45	598845	599925
1031	45	599925	600045
1032	45	600045	601125
1033	45	601125	601245
1034	45	601245	602325
1035	45	602325	602445
1036	5	602525	602645
1037	5	602645	603612
1038	5	603612	603725
1039	5	603725	603845
1040	5	603845	604925
1041	5	604925	605245
1042	5	605245	605510
1043	5	605510	606125
1044	5	606125	606245
1045	5	606245	607325
1046	3	607395	608475
1047	3	608475	608595
1048	3	608595	609675
1049	3	609675	609795
1050	3	609795	610875
1051	3	610875	610995
1052	3	610995	612075
1053	3	612075	612195
1054	27	612486	612675
1055	27	612675	612795
1056	27	612795	612802
1057	27	612802	613875
1058	27	613875	613995
1059	27	613995	615075
1060	27	615075	615195
1061	27	615195	616275
1062	27	616275	616495
1063	27	616495	617475
1064	27	617475	617595
1065	27	617595	618675
1066	27	618675	618795
1067	27	618795	619875
1068	27	619875	619995
1069	27	619995	621075
1070	27	621075	621195
1071	27	621195	622275
1072	27	622275	622395
1073	29	622445	623525
1074	29	623525	623645
1075	29	623645	624725
1076	29	624725	624845
1077	29	624845	625925
1078	29	625925	626045
1079	29	626045	626727
1080	29	626727	627125
1081	29	627125	627345
1082	29	627345	628325
1083	29	628325	628445
1084	29	628445	629525
1085	29	629525	629645
1086	35	629675	629795
1087	1	630025	630145
1088	1	630145	631225
1089	1	631225	631345
1090	1	631345	631595
1091	1	631595	631811
1092	1	631811	632425
1093	1	632425	632545
1094	1	632545	633625
1095	1	633625	633845
1096	1	633845	634825
1097	1	634825	634945
1098	1	634945	636025
1099	1	636025	636145
1100	1	636145	637225
1101	1	637225	637445
1102	1	637445	638425
1103	1	638425	638545
1104	15	638775	638895
1105	15	638895	639975
1106	15	639975	640095
1107	15	640095	641175
1108	15	641175	641295
1109	15	641295	642375
1110	15	642375	642495
1111	33	642825	642945
1112	33	642945	644025
1113	33	644025	644145
1114	33	644145	645225
1115	1	645745	646825
1116	35	647675	647795
1117	1	648809	649225
1118	1	649225	649345
1119	1	649345	650425
1120	1	650425	650545
1121	1	650545	650827
1122	1	651745	652825
1123	1	652825	652945
1124	1	652945	654025
1125	1	654025	654145
1126	1	654145	655225
1127	1	655225	655345
1128	15	658478	659175
1129	15	659175	659395
1130	15	659395	659917
1131	15	659917	660375
1132	21	672525	672645
1133	21	672645	673725
1134	21	673725	673845
1135	21	673845	674925
1136	21	674925	675045
1137	21	675045	676125
1138	21	676125	676245
1139	21	676245	677325
1140	21	677325	677445
1141	21	677445	678525
1142	21	678525	678645
1143	47	679098	679175
1144	47	679175	679295
1145	47	679295	680375
1146	47	680375	680495
1147	47	680495	681575
1148	47	681575	681795
1149	47	681795	682775
1150	47	682775	682895
1151	47	682895	683975
1152	47	683975	684095
1153	47	684095	684735
1154	47	684735	685175
1155	47	685175	685295
1156	47	685295	686375
1157	47	686375	686495
1158	47	686495	687575
1159	47	687575	687695
1160	47	687695	688775
1161	47	688775	688895
1162	47	688895	689975
1163	47	689975	690095
1164	47	690095	690217
1165	47	690217	691175
1166	47	691175	691295
1167	47	691295	692375
1168	47	692375	692695
1169	45	693525	693645
1170	45	693645	694725
1171	45	694725	694845
1172	45	694845	695925
1173	45	696045	697125
1174	45	697125	697245
1175	45	697245	698325
1176	45	698325	698445
1177	45	698445	699525
1178	45	699525	699645
1179	45	699645	700725
1180	45	700725	700845
1181	45	700845	701925
1182	45	701925	702045
1183	45	702045	703125
1184	45	703125	703345
1185	45	703345	704325
1186	45	704325	704445
1187	9	705110	705825
1188	9	705825	705945
1189	9	705945	707025
1190	9	707025	707145
1191	9	707145	708225
1192	9	708225	708345
1193	9	708345	708563
1194	9	708563	709425
1195	9	709425	709545
1196	9	709545	710625
1197	9	710745	711825
1198	9	711825	711945
1199	9	711945	713025
1200	9	713025	713245
1201	9	713245	714225
1202	9	714225	714345
1203	9	714345	715425
1204	9	715425	715545
1205	9	715545	716625
1206	9	716625	716745
1207	9	716745	717825
1208	9	717825	717945
1209	9	717945	719025
1210	9	719025	719145
1211	9	719145	720225
1212	9	720225	720445
1213	9	720445	721425
1214	9	721425	721545
1215	9	721545	722625
1216	9	722625	722745
1217	9	722745	723825
1218	9	723825	724045
1219	9	724045	724860
1220	3	724875	724995
1221	3	724995	726075
1222	3	726075	726195
1223	3	726195	726623
1224	3	726623	727275
1225	3	727275	727395
1226	3	727395	728475
1227	3	728475	728595
1228	3	728595	729675
1229	3	729675	729795
1230	3	729795	730875
1231	3	730875	730995
1232	3	730995	732075
1233	3	732075	732195
1234	3	732195	733275
1235	3	733275	733395
1236	31	733904	733975
1237	31	733975	734095
1238	31	734095	735175
1239	31	735175	735395
1240	31	735395	736375
1241	31	736375	736495
1242	31	736495	737575
1243	31	737575	737695
1244	31	737695	738044
1245	31	738044	738775
1246	31	738775	738895
1247	31	738895	739975
1248	31	739975	740095
1249	39	740295	741375
1250	39	741375	741495
1251	39	741495	742575
1252	39	742575	742695
1253	39	742695	743775
1254	39	743775	743895
1255	39	743895	744975
1256	39	744975	745095
1257	39	745095	746175
1258	39	746175	746395
1259	5	746525	746645
1260	5	746645	747725
1261	5	747725	747845
1262	5	747845	748925
1263	5	748925	749145
1264	5	749145	750125
1265	5	750125	750245
1266	5	750245	751325
1267	37	751335	752125
1268	37	752125	752245
1269	37	752245	753325
1270	37	753325	753445
1271	37	753445	754391
1272	37	754391	754525
1273	37	754525	754645
1274	3	754875	754995
1275	3	754995	756075
1276	3	756075	756295
1277	3	756295	757275
1278	3	757275	757395
1279	3	757395	758475
1280	3	758475	758595
1281	3	758595	759675
1282	3	759675	759795
1283	3	759795	760875
1284	3	760875	760995
1285	3	760995	761093
1286	3	761093	762075
1287	1	762145	763225
1288	1	763225	763345
1289	1	763345	764425
1290	1	764425	764545
1291	1	764545	765518
1292	1	765518	765625
1293	1	765625	765745
1294	1	765745	766825
1295	1	766825	767045
1296	1	767045	768025
1297	1	768025	768145
1298	1	768145	769225
1299	1	769225	769345
1300	23	769775	769895
1301	23	769895	770975
1302	23	770975	771095
1303	35	771275	771395
1304	35	771395	772475
1305	35	772475	772595
1306	35	772595	773226
1307	35	773226	773675
1308	35	773675	773795
1309	35	773795	774875
1310	35	774875	774995
1311	35	774995	775487
1312	35	775487	776075
1313	35	776075	776195
1314	35	776195	777275
1315	35	777275	777395
1316	35	777395	778475
1317	35	778475	778795
1318	35	778795	779675
1319	35	779675	779795
1320	37	779845	780925
1321	37	780925	781045
1322	37	781045	782125
1323	37	782125	782245
1324	37	782245	783325
1325	37	783325	783445
1326	37	783445	784525
1327	37	784525	784645
1328	47	784775	784895
1329	47	784895	785864
1330	47	785864	785975
1331	47	785975	786095
1332	47	786095	787175
1333	47	787175	787295
1334	47	787295	788375
1335	47	788375	788495
1336	47	788495	789575
1337	47	789575	789795
1338	47	789795	790775
1339	47	790775	790895
1340	47	790895	791975
1341	15	792250	792375
1342	15	792375	792495
1343	15	792495	793575
1344	15	793575	793695
1345	15	793695	794775
1346	15	794895	795975
1347	15	795975	796095
1348	15	796095	797175
1349	15	797175	797295
1350	15	797295	798375
1351	15	798375	798495
1352	15	798495	799575
1353	15	799575	799795
1354	15	799795	800775
1355	15	800775	800895
1356	15	800895	801975
1357	15	801975	802095
1358	15	802095	803175
1359	15	803175	803295
1360	15	803295	804375
1361	15	804375	804495
1362	15	804495	805075
1363	11	805475	805595
1364	11	805595	806675
1365	11	806675	806895
1366	21	806925	807145
1367	21	807145	808125
1368	21	808125	808245
1369	21	808245	809325
1370	21	809325	809445
1371	21	809445	809531
1372	33	809625	809745
1373	33	809745	810825
1374	33	810825	811045
1375	33	811045	812025
1376	33	812025	812145
1377	33	812145	813133
1378	11	813875	813995
1379	11	813995	815075
1380	11	815195	816275
1381	11	816275	816395
1382	43	817075	817195
1383	43	817195	818275
1384	43	818395	819475
1385	43	819475	819595
1386	43	819595	820675
1387	43	820675	820795
1388	43	820795	821875
1389	47	821975	822195
1390	47	822195	823175
1391	47	823175	823295
1392	47	823295	823676
1393	45	824445	825525
1394	9	825825	825945
1395	9	825945	827025
1396	9	827025	827145
1397	41	827825	827945
1398	41	827945	829025
1399	41	829025	829145
1400	41	829145	830225
1401	41	830225	830345
1402	41	830345	831425
1403	41	831425	831545
1404	41	831545	832625
1405	41	832845	833825
1406	41	833825	833945
1407	41	833945	835025
1408	41	835025	835145
1409	41	835145	836225
1410	41	836225	836445
1411	41	836445	837425
1412	41	837425	837545
1413	41	837545	838625
1414	41	838625	838745
1415	41	838745	839825
1416	5	840125	840245
1417	5	840245	841325
1418	5	841325	841445
1419	5	841445	842525
1420	5	842525	842745
1421	5	842745	843725
1422	5	843725	843845
1423	5	843845	844925
1424	5	844925	845045
1425	5	845045	846125
1426	5	846125	846245
1427	5	846245	847325
1428	5	847325	847445
1429	5	847445	848525
1430	5	848525	848645
1431	5	848645	849725
1432	5	849725	849845
1433	5	849845	850925
1434	5	850925	851045
1435	5	851045	852125
1436	5	852125	852245
1437	5	852245	853325
1438	5	853325	853545
1439	5	853545	854525
1440	5	854525	854645
1441	5	854645	855725
1442	5	855725	855845
1443	5	855845	856481
1444	5	856481	856897
1445	5	856897	856925
1446	5	856925	857045
1447	5	857045	858125
1448	5	858125	858245
1449	5	858245	859325
1450	5	859325	859445
1451	5	859445	860525
1452	5	860525	860645
1453	5	860645	861649
1454	1	861745	862825
1455	1	862825	862945
1456	3	862995	863343
1457	3	863343	864075
1458	3	864075	864395
1459	3	864395	865275
1460	3	865275	865395
1461	3	865395	865633
1462	3	865633	866475
1463	3	866475	866595
1464	15	866775	866895
1465	15	866895	867108
1466	29	867125	867245
1467	29	867245	868325
1468	29	868325	868445
1469	29	868445	869525
1470	29	869525	869645
1471	29	869645	870725
1472	29	870725	870845
1473	29	870845	871925
1474	29	871925	872045
1475	29	872045	872456
1476	29	872456	873125
1477	29	873125	873245
1478	37	873325	873445
1479	37	873445	874525
1480	37	874525	874645
1481	37	874645	875725
1482	37	875725	875945
1483	37	875945	876925
1484	37	876925	877045
1485	37	877045	878125
1486	37	878125	878245
1487	37	878245	879325
1488	37	879325	879445
1489	37	879445	880525
1490	37	880525	880645
1491	37	880645	881725
1492	37	881725	881845
1493	37	881845	882925
1494	37	882925	883045
1495	37	883045	884125
1496	37	884125	884245
1497	37	884245	885325
1498	37	885325	885445
1499	37	885445	886525
1500	37	886525	886745
1501	37	886745	887725
1502	37	887725	887845
1503	37	887845	888925
1504	37	888925	889045
1505	1	889225	889345
1506	1	889345	890425
1507	1	890425	890545
1508	1	890545	891591
1509	1	891591	891625
1510	1	891625	891745
1511	1	891745	892825
1512	1	892825	893045
1513	1	893045	894025
1514	1	894025	894145
1515	1	894145	895225
1516	1	895225	895345
1517	1	895345	896425
1518	1	896425	896645
1519	1	896645	897625
1520	1	897625	897745
1521	1	897745	898792
1522	1	898792	898825
1523	1	898825	898945
1524	1	898945	900025
1525	1	900025	900145
1526	1	900145	901225
1527	1	901225	901345
1528	1	901345	901938
1529	1	901938	902425
1530	1	902425	902545
1531	1	902545	903625
1532	1	903625	903745
1533	1	903745	904825
1534	47	904895	905975
1535	11	906395	907200
Site : Tahiti
Anntenna : 1 nbContacts : 1577
	Sat 	StartTime 	EndTime 
0	39	0	42
1	39	42	975
2	39	975	1295
3	39	1295	2175
4	39	2175	2295
5	39	2295	3375
6	39	3375	3495
7	39	3495	4575
8	39	4575	4695
9	39	4695	5775
10	39	5775	5895
11	39	5895	6975
12	39	6975	7095
13	39	7095	8175
14	39	8175	8295
15	39	8295	9375
16	39	9375	9495
17	39	9495	10575
18	39	10575	10695
19	39	10695	11775
20	39	11775	11995
21	39	11995	12975
22	39	12975	13095
23	39	13095	14175
24	39	14175	14295
25	39	14295	15375
26	39	15375	15495
27	39	15495	16575
28	39	16575	16695
29	39	16695	17654
30	39	17654	17775
31	39	17775	17895
32	39	17895	18975
33	39	18975	19095
34	39	19095	19628
35	39	19628	20175
36	39	20175	20295
37	39	20295	21375
38	39	21375	21495
39	39	21495	22575
40	39	22575	22795
41	39	22795	23775
42	39	23775	23895
43	3	24075	24195
44	3	24195	25275
45	3	25275	25395
46	3	25395	26475
47	3	26475	26595
48	15	26775	26895
49	15	26895	27975
50	15	27975	28095
51	15	28095	28900
52	15	28900	29175
53	23	29375	29595
54	23	29595	30575
55	23	30575	30695
56	23	30695	31775
57	23	31775	31895
58	23	31895	32975
59	23	32975	33195
60	37	33325	33545
61	37	33545	34525
62	37	34525	34645
63	37	34645	35725
64	37	35725	35845
65	37	35845	36925
66	37	36925	37045
67	37	37045	38125
68	37	38125	38245
69	37	38245	39325
70	37	39325	39445
71	37	39445	40525
72	37	40525	40645
73	37	40645	40742
74	37	40742	41725
75	35	41795	42249
76	35	42249	42875
77	35	42875	42995
78	35	42995	44075
79	35	44075	44295
80	35	44295	45275
81	35	45275	45395
82	35	45395	46475
83	35	46475	46595
84	35	46595	47675
85	35	47675	47795
86	35	47795	48875
87	35	48875	48995
88	35	48995	50075
89	35	50075	50195
90	35	50195	51275
91	33	51345	52425
92	33	52425	52545
93	47	52775	52895
94	47	52895	53975
95	47	53975	54095
96	47	54095	55175
97	47	55175	55395
98	47	55395	56375
99	47	56375	56495
100	47	56495	57575
101	47	57575	57695
102	47	57695	58775
103	47	58775	58995
104	47	58995	59975
105	47	59975	60095
106	47	60095	60850
107	47	60850	61175
108	47	61175	61295
109	47	61295	62375
110	47	62375	62495
111	47	62495	63575
112	47	63575	63695
113	47	63695	64775
114	47	64775	64895
115	9	65025	65245
116	9	65245	66225
117	9	66225	66345
118	9	66345	67425
119	9	67425	67545
120	9	67545	68625
121	9	68625	68745
122	9	68745	69825
123	9	69825	69945
124	9	69945	71025
125	11	72275	72395
126	11	72395	73301
127	11	73301	73475
128	11	73475	73595
129	11	73595	74675
130	11	74675	74795
131	11	74795	75875
132	11	75875	76095
133	11	76095	77075
134	11	77075	77195
135	11	77195	77421
136	11	77421	78275
137	11	78275	78395
138	21	78525	78645
139	21	78645	79416
140	21	79416	79725
141	21	79725	79845
142	21	79845	80925
143	21	80925	81045
144	21	81045	82125
145	21	82125	82245
146	21	82245	83325
147	21	83325	83445
148	21	83445	84525
149	21	84525	84645
150	21	84645	85725
151	21	85725	85845
152	21	85845	86925
153	21	86925	87245
154	21	87245	88125
155	21	88125	88245
156	21	88245	89325
157	21	89325	89445
158	21	89445	89566
159	45	89925	90045
160	45	90045	91125
161	45	91125	91245
162	45	91245	92325
163	45	92325	92445
164	45	92445	93525
165	45	93525	93645
166	45	93645	94725
167	45	94725	94845
168	45	94845	95925
169	45	95925	96045
170	45	96045	97125
171	45	97125	97245
172	45	97245	97887
173	45	97887	98325
174	45	98325	98545
175	45	98545	99525
176	45	99525	99645
177	45	99645	100450
178	45	100450	100725
179	45	100725	100845
180	45	100845	101925
181	45	101925	102045
182	45	102045	103125
183	45	103125	103245
184	45	103245	103579
185	9	103697	104625
186	9	104625	104745
187	9	104745	105825
188	9	105825	105945
189	9	105945	107025
190	9	109425	109545
191	3	115275	115495
192	3	115495	116085
193	3	116085	116475
194	3	116475	116595
195	3	116595	117675
196	3	117675	117795
197	3	117795	118346
198	3	118346	118875
199	3	118875	119095
200	3	119095	120075
201	3	120075	120195
202	3	120195	121275
203	3	121275	121395
204	37	121415	122125
205	37	122125	122245
206	37	122245	123325
207	37	123325	123445
208	37	123445	124525
209	37	124525	124645
210	37	124645	125725
211	37	125725	125845
212	37	125845	126925
213	37	126925	127045
214	37	127045	128125
215	37	128125	128245
216	37	128245	129325
217	37	129325	129445
218	37	129445	130525
219	39	130575	130795
220	39	130795	131775
221	39	131775	131895
222	39	131895	132975
223	39	132975	133095
224	39	133095	134175
225	39	134175	134295
226	39	134295	134650
227	39	134650	135375
228	39	135375	135495
229	39	135495	136575
230	39	136575	136695
231	3	136875	136995
232	3	136995	137564
233	3	137564	138075
234	3	138075	138195
235	3	138195	139219
236	3	139219	139275
237	3	139275	139395
238	3	139395	140475
239	3	140475	140695
240	3	140695	141675
241	3	141675	141795
242	3	141795	142875
243	3	142875	142995
244	3	142995	144075
245	3	144075	144295
246	3	144295	145275
247	3	145275	145395
248	3	145395	146475
249	3	146475	146595
250	15	146775	146895
251	15	146895	147975
252	15	147975	148095
253	15	148095	149175
254	15	149175	149295
255	27	149475	149595
256	27	149595	150675
257	27	150675	150795
258	27	150795	151875
259	27	151875	152095
260	27	152095	153075
261	27	153075	153195
262	27	153195	154275
263	27	154275	154395
264	27	154395	155475
265	27	155475	155595
266	27	155595	156675
267	27	156675	156795
268	27	156795	157875
269	27	157875	157995
270	27	157995	158046
271	27	158046	159075
272	27	159075	159195
273	27	159195	160275
274	27	160275	160395
275	27	160395	161475
276	27	161475	161595
277	27	161595	162675
278	27	162675	162895
279	27	162895	163875
280	27	163875	163995
281	35	164075	164195
282	35	164195	165275
283	35	165275	165395
284	35	165395	165506
285	35	165506	166475
286	35	166475	166595
287	35	166595	167675
288	35	167675	167795
289	35	167795	168875
290	35	168875	168995
291	35	168995	170075
292	35	170075	170195
293	35	170195	171275
294	35	171275	171395
295	35	171395	172475
296	35	172475	172595
297	35	172595	173675
298	35	173675	173995
299	35	173995	174875
300	35	174875	174995
301	35	174995	175761
302	35	175761	176075
303	35	176075	176195
304	35	176195	177275
305	35	177275	177395
306	35	177395	178475
307	35	178475	178595
308	35	178595	179675
309	35	179675	179795
310	35	179795	180875
311	35	180875	180995
312	35	180995	182075
313	35	182075	182195
314	35	182195	183275
315	35	183275	183395
316	35	183395	183643
317	21	184345	185325
318	21	185445	186525
319	21	186645	187725
320	33	188025	188145
321	33	188145	189225
322	33	189225	189345
323	33	189345	190186
324	33	190186	190425
325	33	190425	190545
326	33	190545	191625
327	33	191625	191745
328	33	191745	192825
329	33	192825	192945
330	33	192945	194025
331	33	194025	194145
332	33	194145	194813
333	9	195717	195825
334	9	195825	195945
335	9	195945	197025
336	9	197025	197145
337	9	197145	198225
338	9	198225	198345
339	9	198345	199425
340	9	199425	199545
341	9	199545	200625
342	9	200625	200745
343	9	200745	200802
344	9	200802	200994
345	9	200994	201825
346	9	201825	202045
347	9	202045	203025
348	9	203025	203145
349	9	203145	204225
350	9	204225	204345
351	9	204345	205425
352	9	205425	205645
353	9	205645	206625
354	9	206625	206745
355	9	206745	207825
356	9	207825	207945
357	9	207945	209025
358	9	209025	209145
359	9	209145	210225
360	9	210225	210345
361	9	210345	211425
362	9	211425	211545
363	9	211545	212625
364	9	212625	212745
365	9	212745	213825
366	9	213825	213945
367	9	213945	215025
368	9	215025	215145
369	9	215145	216225
370	9	216225	216445
371	9	216445	217425
372	9	217425	217545
373	9	217545	218031
374	9	218031	218625
375	9	218625	218745
376	9	218745	219825
377	9	219825	219945
378	9	219945	220046
379	9	220046	221025
380	9	221025	221145
381	9	221145	222225
382	9	222225	222345
383	9	222345	223425
384	9	223425	223545
385	9	223545	224625
386	9	224625	224745
387	9	224745	225759
388	39	226695	227775
389	39	227775	227995
390	5	228125	228245
391	5	228245	229325
392	5	229325	229445
393	5	229445	230525
394	5	230525	230745
395	5	230745	231725
396	5	231725	231845
397	5	231845	232925
398	5	232925	233045
399	5	233045	234125
400	5	234125	234245
401	5	234245	235325
402	5	235325	235445
403	5	235445	236525
404	5	236525	236645
405	5	236645	237725
406	5	237725	237945
407	5	237945	238925
408	5	238925	239045
409	5	239045	240125
410	5	240125	240245
411	5	240245	241325
412	5	241325	241445
413	5	241445	241978
414	5	241978	242525
415	5	242525	242645
416	5	242645	243725
417	5	243725	243845
418	5	243845	244925
419	5	244925	245045
420	5	245045	246125
421	5	246125	246245
422	5	246245	247325
423	5	247325	247445
424	5	247445	248358
425	5	248358	248525
426	5	248525	248745
427	5	248745	249725
428	5	249725	249845
429	5	249845	250808
430	3	250875	250995
431	3	250995	252075
432	3	252075	252195
433	3	252195	253275
434	3	253275	253395
435	3	253395	254475
436	3	254475	254595
437	3	254595	255112
438	3	255112	255450
439	3	255450	255675
440	3	255675	255795
441	27	256275	256395
442	37	256525	256645
443	37	256645	257725
444	37	257725	257845
445	37	257845	258829
446	37	258829	258925
447	37	258925	259045
448	37	259045	259893
449	37	259893	260125
450	37	260125	260445
451	37	260445	261325
452	37	261325	261445
453	1	261472	261625
454	1	261625	261745
455	1	261745	262825
456	1	262825	262945
457	1	262945	264025
458	1	264025	264145
459	15	264375	264495
460	15	264495	265575
461	15	265575	265695
462	15	265695	266775
463	15	266775	266895
464	15	266895	267419
465	15	267419	267975
466	15	267975	268095
467	15	268095	268186
468	25	268225	268345
469	25	268345	269425
470	25	269425	269545
471	25	269545	270625
472	27	270675	270895
473	27	270895	271875
474	27	271875	271995
475	27	271995	273075
476	27	273075	273195
477	27	273195	273205
478	27	273205	274275
479	27	274275	274395
480	27	274395	275475
481	27	275475	275595
482	27	275595	276675
483	27	276675	276795
484	27	276795	277875
485	27	277875	277995
486	27	277995	278026
487	27	278026	279075
488	27	279075	279195
489	27	279195	280275
490	27	280275	280395
491	27	280395	281475
492	27	281475	281695
493	27	281695	282021
494	1	282145	283225
495	1	283225	283345
496	15	283406	283575
497	15	283575	283695
498	15	283695	284775
499	15	284775	284895
500	15	284895	285975
501	15	285975	286095
502	15	286095	287175
503	15	287175	287295
504	15	287295	287647
505	15	287647	288375
506	15	288375	288595
507	15	288595	289575
508	15	289575	289695
509	15	289695	290775
510	15	290775	290895
511	15	290895	291975
512	15	291975	292195
513	15	292195	293175
514	15	293175	293295
515	15	293295	294375
516	15	294375	294495
517	15	294495	295575
518	15	295575	295695
519	15	295695	296775
520	15	296775	296895
521	15	296895	297975
522	15	297975	298095
523	15	298095	298151
524	15	298151	299175
525	15	299175	299295
526	15	299295	300375
527	15	300375	300495
528	15	300495	300814
529	15	300814	301575
530	15	301575	301695
531	15	301695	302775
532	15	302775	302995
533	15	302995	303874
534	11	303875	303995
535	33	304120	304425
536	33	304425	304545
537	33	304545	305625
538	33	305625	305745
539	47	305975	306095
540	47	306095	307175
541	47	307175	307295
542	13	307525	307645
543	13	307645	307967
544	13	307967	308725
545	13	308725	308845
546	13	308845	309731
547	13	309731	309925
548	13	309925	310045
549	13	310045	311125
550	13	311125	311245
551	13	311245	312325
552	13	312325	312445
553	13	312445	313525
554	13	313525	313745
555	13	313745	314725
556	13	314725	314845
557	13	314845	315925
558	11	315995	317075
559	11	317075	317295
560	11	317295	318275
561	11	318275	318395
562	11	318395	319475
563	11	319475	319595
564	11	319595	320675
565	11	320675	320795
566	11	320795	321875
567	11	321875	321995
568	11	321995	323075
569	11	323075	323195
570	11	323195	324275
571	11	324275	324495
572	11	324495	325475
573	11	325475	325595
574	11	325595	326675
575	11	326675	326795
576	11	326795	327875
577	11	327875	327995
578	11	327995	329075
579	11	329075	329195
580	11	329195	330275
581	11	330275	330395
582	11	330395	331475
583	11	331475	331595
584	11	331595	332675
585	11	332675	332795
586	11	332795	333005
587	47	333202	333575
588	47	333695	334775
589	47	334775	334895
590	47	334895	335975
591	47	335975	336195
592	47	336195	337175
593	47	337175	337295
594	47	337295	338375
595	47	338375	338495
596	47	338495	339575
597	47	339575	339695
598	47	339695	340775
599	47	340775	340895
600	47	340895	341975
601	47	341975	342095
602	47	342095	343175
603	47	343175	343295
604	47	343295	344145
605	31	345295	346375
606	31	346375	346695
607	31	346695	347575
608	31	347575	347695
609	31	347695	348775
610	31	348775	348895
611	31	348895	349975
612	31	349975	350095
613	31	350095	351175
614	31	351175	351295
615	31	351295	352375
616	31	352375	352495
617	31	352495	353575
618	31	353575	353695
619	31	353695	354775
620	31	354775	354895
621	31	354895	355975
622	31	355975	356095
623	31	356095	357175
624	31	357175	357395
625	31	357395	358375
626	31	358375	358495
627	31	358495	359575
628	31	359575	359695
629	39	359775	359895
630	39	359895	360975
631	43	361075	361195
632	43	361195	362275
633	43	362275	362395
634	43	362395	363475
635	43	363475	363595
636	43	363595	364385
637	27	364395	365475
638	29	365645	366725
639	29	366725	366845
640	29	366845	367925
641	29	367925	368145
642	29	368145	369125
643	29	369125	369245
644	29	369245	370325
645	29	370325	370445
646	29	370445	371525
647	29	371525	371645
648	29	371645	372725
649	29	372725	372845
650	29	372845	373462
651	29	373462	373925
652	29	373925	374045
653	29	374045	375125
654	29	375125	375345
655	29	375345	376325
656	29	376325	376445
657	29	376445	377525
658	29	377525	377645
659	37	377725	377845
660	37	377845	378925
661	37	378925	379145
662	37	379145	380125
663	37	380125	380245
664	37	380245	381325
665	37	381325	381445
666	37	381445	382525
667	37	382525	382645
668	37	382645	383725
669	37	383725	383845
670	37	383845	384925
671	37	384925	385045
672	37	385045	386125
673	37	386125	386245
674	37	386245	387325
675	37	387325	387445
676	37	387445	388525
677	37	388525	388645
678	37	388645	389725
679	29	389790	390130
680	29	390130	390725
681	29	390725	390845
682	29	390845	391925
683	29	391925	392045
684	37	392125	392245
685	15	392775	392895
686	15	392895	393975
687	15	393975	394095
688	29	394325	394445
689	29	394445	395525
690	29	395525	395645
691	29	395645	396725
692	29	396725	396845
693	29	396845	397925
694	29	397925	398045
695	29	398045	399125
696	29	399125	399245
697	29	399245	400325
698	29	400325	400545
699	29	400545	401525
700	29	401525	401645
701	29	401645	402725
702	29	402725	402845
703	29	402845	403925
704	25	404045	405025
705	25	405025	405145
706	25	405145	406225
707	25	406225	406345
708	25	406345	407425
709	25	407425	407545
710	25	407545	408625
711	25	408625	408745
712	25	408745	409825
713	25	409825	409945
714	25	409945	411025
715	25	411025	411245
716	25	411245	412225
717	25	412225	412345
718	25	412345	413425
719	25	413425	413545
720	25	413545	414625
721	25	414625	414745
722	25	414745	415825
723	25	415825	415945
724	25	415945	417025
725	25	417025	417145
726	25	417145	418225
727	25	418225	418345
728	25	418345	418452
729	25	418452	419425
730	25	419425	419545
731	25	419545	420518
732	25	420518	420625
733	25	420625	420745
734	25	420745	421825
735	25	421825	422045
736	25	422045	423025
737	25	423025	423145
738	25	423145	424225
739	25	424225	424345
740	25	424345	425425
741	25	425425	425545
742	25	425545	425642
743	47	426095	427175
744	47	427175	427295
745	47	427295	428375
746	47	428375	428495
747	47	428495	429575
748	47	429575	429695
749	47	429695	430775
750	47	430775	430895
751	47	430895	430987
752	11	432595	433475
753	11	433475	433595
754	11	433595	434675
755	11	434675	434795
756	11	434795	434849
757	11	434849	435875
758	11	435875	435995
759	11	435995	437075
760	11	437075	437195
761	11	437195	437839
762	45	437925	438045
763	47	438095	439175
764	47	439295	440375
765	45	440445	441525
766	45	441525	441645
767	45	441645	442725
768	43	444095	445075
769	43	445075	445195
770	43	445195	446275
771	43	446275	446395
772	11	446795	447875
773	11	447875	447995
774	11	447995	448991
775	11	448991	449075
776	11	449075	449195
777	11	449195	450275
778	11	450275	450395
779	11	450395	451475
780	11	451475	451595
781	11	451595	452675
782	11	452675	452795
783	11	452795	453875
784	11	453875	454095
785	11	454095	455075
786	11	455075	455195
787	11	455195	456275
788	11	456275	456395
789	11	456395	457475
790	11	457475	457595
791	11	457595	458675
792	11	458675	458795
793	11	458795	459875
794	11	459875	459995
795	11	459995	461075
796	11	461075	461295
797	11	461295	462275
798	11	462275	462395
799	11	462395	463475
800	11	463475	463595
801	11	463595	464482
802	5	464745	465725
803	5	465725	465845
804	5	465845	466832
805	5	466832	466925
806	5	466925	467045
807	5	467045	468125
808	5	468125	468245
809	5	468245	469325
810	5	469325	469445
811	5	469445	470525
812	5	470525	470645
813	5	470645	471725
814	5	471725	471845
815	5	471845	472925
816	5	472925	473045
817	5	473045	474125
818	5	474125	474245
819	5	474245	475325
820	5	475325	475545
821	5	475545	476525
822	5	476525	476645
823	5	476645	477725
824	5	477725	477845
825	31	478495	479575
826	31	479575	479695
827	31	479695	480775
828	31	480775	480895
829	31	480895	481975
830	31	481975	482095
831	31	482095	483175
832	31	483175	483295
833	31	483295	484084
834	31	484084	484375
835	31	484375	484495
836	31	484495	485575
837	31	485575	485695
838	31	485695	486775
839	31	486775	486995
840	31	486995	487975
841	31	487975	488095
842	31	488095	488927
843	31	488927	489175
844	31	489175	489295
845	31	489295	490375
846	31	490375	490595
847	31	490595	491575
848	31	491575	491695
849	31	491695	492775
850	31	492775	492895
851	31	492895	493975
852	31	493975	494095
853	31	494095	495175
854	31	495175	495295
855	31	495295	496375
856	31	496375	496495
857	31	496495	497575
858	31	497575	497795
859	31	497795	498444
860	31	498444	498775
861	31	498775	498895
862	31	498895	499975
863	31	499975	500095
864	31	500095	501175
865	31	501175	501295
866	3	501675	501795
867	3	501795	502875
868	3	502875	502995
869	3	502995	504047
870	3	504047	504075
871	3	504075	504195
872	3	504195	505275
873	3	505275	505395
874	15	505575	505695
875	15	505695	506775
876	15	506775	506895
877	15	506895	507975
878	15	507975	508195
879	15	508195	509175
880	15	509175	509295
881	27	509475	509595
882	27	509595	510675
883	27	510675	510795
884	39	510975	511095
885	39	511095	512175
886	37	512245	513325
887	37	513325	513445
888	37	513445	513576
889	37	513576	514525
890	37	514525	514645
891	37	514645	515725
892	37	515725	515845
893	37	515845	516925
894	37	516925	517045
895	37	517045	517284
896	37	517284	518125
897	37	518125	518245
898	37	518245	519325
899	37	519325	519645
900	37	519645	520525
901	37	520525	520645
902	37	520645	521725
903	37	521725	521845
904	37	521845	522925
905	37	522925	523045
906	37	523045	524125
907	37	524125	524245
908	37	524245	525325
909	37	525325	525445
910	37	525445	526525
911	37	526525	526645
912	37	526645	527725
913	37	527725	527845
914	37	527845	528659
915	37	528659	528925
916	37	528925	529045
917	37	529045	530125
918	37	530125	530345
919	37	530345	531229
920	37	531229	531325
921	37	531325	531445
922	37	531445	532525
923	37	532525	532645
924	37	532645	533725
925	37	533725	533845
926	37	533845	534349
927	15	534375	534495
928	15	534495	535575
929	15	535575	535695
930	15	535695	536775
931	15	536775	536895
932	15	536895	537349
933	15	537349	537975
934	15	537975	538095
935	23	538175	538295
936	23	538295	539375
937	23	539375	539495
938	23	539495	540575
939	23	540575	540795
940	23	540795	541775
941	23	541775	541895
942	23	541895	542975
943	23	542975	543095
944	23	543095	544175
945	23	544175	544295
946	23	544295	544500
947	23	544500	545375
948	23	545375	545495
949	23	545495	545786
950	23	545786	546575
951	23	546575	546695
952	33	546825	546945
953	33	546945	548025
954	33	548025	548245
955	33	548245	548965
956	33	548965	549225
957	33	549225	549345
958	33	549345	550079
959	33	550079	550425
960	33	550425	550545
961	33	550545	551625
962	33	551625	551845
963	33	551845	552825
964	33	552825	552945
965	33	552945	554025
966	33	554025	554145
967	33	554145	555225
968	33	555225	555345
969	33	555345	556425
970	33	556425	556545
971	33	556545	557625
972	33	557625	557745
973	33	557745	558825
974	33	558825	558945
975	33	558945	560025
976	33	560025	560145
977	33	560145	560541
978	33	560541	561225
979	33	561225	561345
980	33	561345	562425
981	33	562425	562645
982	23	562722	563375
983	23	563375	563495
984	23	563495	564575
985	23	564575	564695
986	23	564695	565775
987	23	565775	565895
988	23	565895	566975
989	23	566975	567095
990	23	567095	568175
991	23	568175	568295
992	23	568295	569375
993	23	569375	569495
994	23	569495	570575
995	23	570695	571775
996	23	571775	571895
997	23	571895	572975
998	23	572975	573195
999	23	573195	574175
1000	23	574175	574295
1001	23	574295	574632
1002	43	574675	574795
1003	45	575663	575925
1004	45	575925	576045
1005	45	576045	577125
1006	45	577125	577345
1007	45	577345	578325
1008	45	578325	578445
1009	45	578445	579276
1010	41	579425	579545
1011	43	580218	580675
1012	43	580795	581875
1013	43	581875	581995
1014	43	581995	583075
1015	43	583075	583195
1016	43	583195	583538
1017	43	583538	584121
1018	31	584195	585175
1019	31	585175	585295
1020	31	585295	586375
1021	31	586375	586495
1022	31	586495	587575
1023	31	587575	587695
1024	31	587695	588775
1025	31	588775	588895
1026	31	588895	589975
1027	31	589975	590095
1028	31	590095	591175
1029	31	591175	591295
1030	31	591295	592375
1031	31	592375	592495
1032	31	592495	593575
1033	31	595975	596095
1034	31	596095	597175
1035	31	597175	597295
1036	31	597295	598375
1037	31	598375	598495
1038	31	598495	599575
1039	31	599575	599695
1040	31	599695	600775
1041	31	600775	600895
1042	43	601075	601195
1043	43	601195	602275
1044	43	602275	602395
1045	43	602395	603475
1046	43	603475	603595
1047	43	603595	604675
1048	43	604675	604795
1049	43	604795	605875
1050	43	605875	606195
1051	43	606195	606677
1052	43	606677	607075
1053	43	607075	607195
1054	43	607195	608275
1055	43	608275	608395
1056	43	608395	609475
1057	43	609475	609595
1058	43	609595	610486
1059	43	610486	610675
1060	43	610675	610795
1061	43	610795	611875
1062	43	611875	611995
1063	43	611995	613075
1064	43	613075	613195
1065	43	613195	614275
1066	43	614275	614395
1067	29	615125	615245
1068	29	615245	616325
1069	29	616325	616545
1070	29	616545	617525
1071	31	617575	617695
1072	31	617695	618775
1073	31	618775	618895
1074	31	618895	619877
1075	31	619877	619975
1076	31	619975	620095
1077	31	620095	621175
1078	31	621175	621295
1079	37	621325	621445
1080	37	621445	622525
1081	37	622525	622645
1082	37	622645	623725
1083	37	623725	623845
1084	37	623845	624925
1085	37	624925	625045
1086	37	625045	626125
1087	37	626125	626245
1088	5	626525	626745
1089	5	626745	627725
1090	5	627725	627845
1091	5	627845	628925
1092	5	628925	629045
1093	5	629045	630125
1094	27	630675	630795
1095	27	630795	631875
1096	27	631875	631995
1097	27	631995	633075
1098	27	633075	633195
1099	27	633195	633198
1100	27	633198	634275
1101	27	634275	634495
1102	27	634495	635366
1103	27	635366	635475
1104	27	635475	635595
1105	35	635675	635795
1106	35	635795	636875
1107	35	636875	636995
1108	35	636995	638075
1109	37	638125	638345
1110	37	638345	639325
1111	37	639325	639445
1112	37	639445	640525
1113	37	640525	640645
1114	37	640645	641421
1115	37	641421	641725
1116	37	641725	641845
1117	37	641845	642925
1118	37	642925	643045
1119	37	643045	643096
1120	37	643096	644125
1121	37	644125	644245
1122	37	644245	645325
1123	37	645325	645445
1124	37	645445	646525
1125	37	646525	646645
1126	37	646645	647725
1127	37	647725	647845
1128	37	647845	648925
1129	37	648925	649145
1130	37	649145	649510
1131	37	649510	650125
1132	37	650125	650245
1133	37	650245	651325
1134	37	651325	651445
1135	37	651445	652525
1136	25	654625	654745
1137	25	654745	655253
1138	25	655253	655825
1139	25	655825	655945
1140	25	655945	656081
1141	25	656081	657025
1142	25	657025	657145
1143	25	657145	658225
1144	25	658225	658345
1145	25	658345	659033
1146	25	659033	659425
1147	25	659425	659645
1148	25	659645	660625
1149	25	660625	660745
1150	25	660745	661825
1151	25	661825	661945
1152	25	661945	662260
1153	25	662260	663025
1154	25	663025	663245
1155	25	663245	664225
1156	25	665545	666625
1157	25	666625	666745
1158	25	666745	667825
1159	25	667825	667945
1160	25	667945	668113
1161	25	668113	669025
1162	25	669025	669145
1163	25	669145	670225
1164	25	670225	670445
1165	25	670445	671425
1166	25	671425	671545
1167	25	671545	672625
1168	25	672625	672745
1169	25	672745	673825
1170	25	673825	673945
1171	25	673945	674479
1172	9	674625	674745
1173	9	674745	675825
1174	9	675825	675945
1175	33	676545	677625
1176	33	677625	677745
1177	33	677745	678825
1178	33	678825	678945
1179	33	678945	679136
1180	33	679136	680025
1181	33	680025	680145
1182	33	680145	681225
1183	33	681225	681445
1184	33	681445	682425
1185	33	682425	682545
1186	33	682545	683625
1187	33	683625	683745
1188	33	683745	684825
1189	33	684825	684945
1190	33	684945	686025
1191	33	686025	686145
1192	11	686226	686675
1193	11	686675	686795
1194	11	686795	687875
1195	11	687875	687995
1196	11	687995	689075
1197	11	689075	689195
1198	11	689195	690275
1199	11	690275	690395
1200	11	690395	690839
1201	45	691125	691245
1202	45	691245	692325
1203	9	692625	692745
1204	9	692745	693825
1205	9	693825	693945
1206	9	693945	694912
1207	9	694912	695025
1208	9	695025	695145
1209	9	695145	696225
1210	9	696225	696345
1211	9	696345	697422
1212	43	698275	698395
1213	43	698395	699475
1214	43	699475	699595
1215	43	699595	700675
1216	43	700675	700795
1217	43	700795	701875
1218	43	701875	701995
1219	43	701995	703075
1220	43	703075	703295
1221	43	703295	704275
1222	43	704275	704395
1223	43	704395	705475
1224	43	705475	705595
1225	43	705595	706675
1226	43	706675	706795
1227	43	706795	707875
1228	11	708395	709475
1229	11	709475	709595
1230	11	709595	710675
1231	11	710675	710795
1232	11	710795	711875
1233	11	711875	711995
1234	11	711995	713075
1235	11	713075	713295
1236	11	713295	713815
1237	43	714095	715075
1238	43	715075	715195
1239	43	715195	716275
1240	43	716275	716395
1241	43	716395	717475
1242	43	717475	717595
1243	43	717595	718675
1244	43	718675	718795
1245	43	718795	718826
1246	43	718826	719875
1247	43	719875	719995
1248	43	719995	720099
1249	43	720099	721075
1250	43	721075	721295
1251	43	721295	722275
1252	43	722275	722395
1253	43	722395	723475
1254	43	723475	723595
1255	43	723595	724675
1256	43	724675	724895
1257	43	724895	725875
1258	43	725875	725995
1259	43	725995	727075
1260	43	727075	727195
1261	43	727195	728275
1262	43	728275	728395
1263	43	728395	729475
1264	43	729475	729595
1265	43	729595	730675
1266	43	730675	730795
1267	43	730795	731434
1268	41	731825	731945
1269	41	731945	733025
1270	41	733025	733145
1271	41	733145	734225
1272	41	734225	734345
1273	41	734345	734870
1274	41	734870	735425
1275	41	735425	735645
1276	41	735645	736625
1277	41	736625	736745
1278	41	736745	737825
1279	41	737825	737945
1280	41	737945	738430
1281	41	738430	739025
1282	41	739025	739145
1283	1	739225	739345
1284	1	739345	740425
1285	3	740475	740595
1286	3	740595	741675
1287	3	741675	741795
1288	3	741795	742875
1289	3	742875	742995
1290	3	742995	744075
1291	3	744075	744195
1292	3	744195	745275
1293	3	745275	745495
1294	3	745495	746475
1295	3	746475	746595
1296	3	746595	747675
1297	3	747675	747795
1298	3	747795	748875
1299	3	748875	749095
1300	3	749095	749140
1301	3	749140	750075
1302	3	750075	750195
1303	3	750195	750303
1304	3	750303	751275
1305	3	751275	751395
1306	3	751395	752475
1307	3	752475	752595
1308	3	752595	753675
1309	3	753675	753795
1310	15	753975	754095
1311	15	754095	755175
1312	15	755175	755295
1313	15	755295	756375
1314	15	756375	756595
1315	15	756595	757575
1316	15	757575	757695
1317	15	757695	758775
1318	15	758775	758895
1319	15	758895	759975
1320	15	759975	760095
1321	15	760095	761175
1322	15	761175	761295
1323	25	761425	761545
1324	25	761545	762625
1325	25	762625	762745
1326	25	762745	763825
1327	25	763825	763945
1328	39	764041	764175
1329	39	764175	764295
1330	39	764295	765375
1331	39	765375	765495
1332	39	765495	766575
1333	39	766575	766695
1334	39	766695	767775
1335	39	767775	767995
1336	39	767995	768975
1337	39	768975	769095
1338	39	769095	770175
1339	39	770175	770295
1340	39	770295	771375
1341	39	771375	771495
1342	39	771495	772575
1343	39	772575	772695
1344	39	772695	773775
1345	39	773775	773895
1346	15	774375	774495
1347	15	774495	774656
1348	15	774656	775575
1349	15	775575	775695
1350	15	775695	776100
1351	15	776100	776775
1352	15	776775	776895
1353	15	776895	777975
1354	15	777975	778295
1355	33	778425	778745
1356	33	778745	779339
1357	33	779339	779625
1358	33	779625	779745
1359	33	779745	780825
1360	33	780825	780945
1361	33	780945	782025
1362	33	782025	782145
1363	33	782145	783225
1364	33	783225	783345
1365	33	783345	784425
1366	33	784425	784545
1367	33	784545	785625
1368	33	785625	785745
1369	33	785745	786825
1370	33	786825	786945
1371	33	786945	788025
1372	33	788025	788145
1373	33	788145	789225
1374	33	789445	790425
1375	33	790425	790545
1376	33	790545	791625
1377	13	791816	792325
1378	13	792325	792445
1379	13	792445	793525
1380	13	793525	793645
1381	13	793645	793699
1382	13	793699	794725
1383	13	794725	794845
1384	13	794845	795925
1385	13	795925	796045
1386	13	796045	796941
1387	13	796941	797125
1388	13	797125	797245
1389	13	797245	798325
1390	13	798325	798445
1391	13	798445	799525
1392	13	799525	799745
1393	13	799745	800725
1394	13	800725	800845
1395	13	800845	801925
1396	13	801925	802045
1397	13	802045	803125
1398	13	803125	803245
1399	13	803245	804325
1400	13	804325	804445
1401	13	804445	805525
1402	13	805525	805645
1403	13	805645	806725
1404	13	806725	806945
1405	13	806945	807925
1406	13	807925	808045
1407	13	808045	809125
1408	13	809125	809245
1409	13	809245	810325
1410	13	810325	810545
1411	13	810545	811525
1412	13	811525	811645
1413	13	811645	812725
1414	13	812725	812845
1415	13	812845	813925
1416	13	813925	814045
1417	13	814045	814802
1418	45	814845	815925
1419	45	815925	816045
1420	45	816045	817125
1421	45	817125	817245
1422	45	817245	818325
1423	45	818325	818445
1424	9	818745	819825
1425	9	819825	819945
1426	9	819945	821025
1427	9	821025	821245
1428	9	821245	822225
1429	9	822225	822345
1430	9	822345	823425
1431	9	823425	823545
1432	9	823545	824625
1433	41	825425	825545
1434	41	825545	826625
1435	43	826675	826795
1436	43	826795	827875
1437	9	828759	829425
1438	9	829425	829545
1439	9	829545	830311
1440	9	830311	830625
1441	9	830625	830745
1442	9	830745	831825
1443	9	831825	832045
1444	9	832045	833025
1445	9	833025	833145
1446	9	833145	834225
1447	9	834225	834345
1448	9	834345	835425
1449	9	835425	835645
1450	9	835645	836625
1451	9	836625	836745
1452	9	836745	837825
1453	9	837825	837945
1454	9	837945	839025
1455	9	839025	839145
1456	9	839145	840225
1457	9	840225	840345
1458	9	840345	841425
1459	9	841425	841545
1460	9	841545	842625
1461	9	842625	842845
1462	9	842845	842949
1463	9	842949	843566
1464	29	843754	844325
1465	29	844325	844445
1466	29	845112	845525
1467	29	845525	845645
1468	29	845645	846725
1469	29	846725	846845
1470	29	846845	847925
1471	29	847925	848045
1472	29	848045	849125
1473	29	849125	849245
1474	29	849245	850325
1475	29	850325	850445
1476	41	850625	850745
1477	41	850745	851825
1478	41	851825	851945
1479	41	851945	853025
1480	41	853025	853145
1481	41	853145	854225
1482	41	854225	854445
1483	41	854445	855160
1484	41	855160	855425
1485	41	855425	855545
1486	41	855545	855909
1487	41	855909	856625
1488	41	856625	856745
1489	39	856787	857775
1490	39	857775	857895
1491	39	857895	858975
1492	39	858975	859095
1493	39	859095	860175
1494	39	860175	860295
1495	39	860295	861375
1496	39	861375	861495
1497	39	861495	861675
1498	39	861675	861780
1499	39	861780	862575
1500	39	862575	862695
1501	39	862695	863775
1502	39	863775	863895
1503	39	863895	864975
1504	27	864995	865875
1505	27	865875	865995
1506	27	865995	867075
1507	27	867075	867195
1508	27	867195	868275
1509	27	868275	868395
1510	27	868395	869475
1511	27	869475	869595
1512	27	869595	870675
1513	27	870675	870795
1514	27	870795	871875
1515	27	871875	871995
1516	27	871995	873075
1517	27	873075	873195
1518	27	873195	874275
1519	27	874275	874395
1520	27	874395	875475
1521	27	875475	875695
1522	27	875695	876675
1523	27	876675	876795
1524	27	876795	877875
1525	27	877875	877995
1526	27	877995	879075
1527	1	879745	880825
1528	1	880825	880945
1529	1	880945	882025
1530	1	882025	882145
1531	1	882145	883225
1532	1	883225	883345
1533	1	883345	884425
1534	1	884425	884545
1535	1	884545	885365
1536	1	885365	885625
1537	1	885625	885845
1538	1	885845	886825
1539	1	886825	886945
1540	1	886945	888025
1541	1	888025	888145
1542	15	888375	888495
1543	15	888495	889575
1544	15	889575	889695
1545	15	889695	890526
1546	15	890526	890775
1547	27	891075	891195
1548	33	891225	891345
1549	33	891345	892425
1550	33	892425	892545
1551	33	892545	893625
1552	33	893625	893845
1553	33	893845	894825
1554	33	894825	894945
1555	33	894945	896025
1556	33	896025	896145
1557	33	896145	897225
1558	33	897225	897445
1559	33	897445	898425
1560	33	898425	898545
1561	33	898545	899625
1562	33	899625	899745
1563	33	899745	900825
1564	33	900825	900945
1565	33	900945	902025
1566	35	902075	902195
1567	35	902195	903275
1568	35	903275	903395
1569	35	903395	903721
1570	35	903721	904475
1571	35	904475	904595
1572	35	904595	905675
1573	35	905675	905795
1574	35	905795	906875
1575	35	906875	906995
1576	35	906995	907200
Site : Tahiti
Anntenna : 2 nbContacts : 1557
	Sat 	StartTime 	EndTime 
0	3	0	75
1	3	75	395
2	3	395	1275
3	3	1275	1395
4	3	1395	1758
5	3	1758	2475
6	3	2475	2595
7	3	2595	3675
8	3	3675	3795
9	3	3795	4065
10	3	4065	4875
11	3	4875	4995
12	3	4995	6075
13	3	6075	6195
14	3	6195	7045
15	37	7045	8125
16	37	8125	8245
17	37	8245	9325
18	37	9325	9445
19	37	9445	10525
20	37	10525	10645
21	37	10645	11725
22	37	11725	11945
23	37	11945	12925
24	37	12925	13045
25	37	13045	14125
26	37	14125	14245
27	37	14245	15325
28	37	15325	15445
29	3	15912	16875
30	3	16875	16995
31	3	16995	18075
32	3	18075	18195
33	3	18195	19275
34	3	19275	19395
35	3	19395	20475
36	3	20475	20595
37	3	20595	21675
38	3	21675	21895
39	27	22275	22495
40	27	22495	23475
41	27	23475	23595
42	27	23595	24675
43	27	24675	24795
44	27	24795	24946
45	27	24946	25066
46	27	25066	25875
47	27	25875	25995
48	27	25995	27075
49	27	27075	27195
50	27	27195	28275
51	27	28275	28395
52	37	28525	28645
53	37	28645	28786
54	37	28786	29725
55	37	29725	29945
56	37	29945	30925
57	37	30925	31045
58	37	31045	32125
59	37	32125	32245
60	1	32425	32645
61	1	32645	33625
62	1	33625	33745
63	1	33745	34825
64	1	34825	34945
65	1	34945	36025
66	1	36025	36145
67	1	36145	37225
68	1	37225	37345
69	1	37345	38425
70	1	38425	38545
71	1	38545	39625
72	1	39625	39745
73	1	39745	40390
74	1	40390	40825
75	1	40825	40945
76	1	40945	42025
77	1	42025	42145
78	1	42145	43225
79	47	43295	44375
80	25	44554	45025
81	25	45025	45145
82	25	45145	46225
83	25	46225	46345
84	25	46345	47425
85	25	47425	47545
86	25	47671	48625
87	25	48625	48745
88	25	48745	49825
89	25	49825	49945
90	25	49945	51025
91	25	51025	51145
92	25	51145	52225
93	25	52225	52345
94	25	52345	53425
95	25	53425	53545
96	33	53625	53745
97	33	53745	54519
98	33	54519	54825
99	33	54825	55045
100	33	55045	55087
101	33	55087	56025
102	33	56025	56145
103	33	56145	57225
104	33	57225	57345
105	13	57554	57925
106	13	57925	58145
107	13	58145	58862
108	13	58862	59125
109	13	59125	59245
110	13	59245	60325
111	13	60325	60445
112	13	60445	61525
113	13	61525	61645
114	13	61645	62725
115	13	62725	62845
116	13	62845	63925
117	13	63925	64045
118	13	64045	65125
119	13	65125	65345
120	13	65345	66325
121	13	66325	66445
122	13	66445	67525
123	13	67525	67645
124	13	67645	68725
125	13	68725	68845
126	13	68845	69925
127	13	69925	70045
128	13	70045	70406
129	13	70406	71125
130	13	71125	71245
131	13	71245	72325
132	13	72325	72445
133	13	72445	72592
134	21	73725	73845
135	21	73845	74925
136	21	74925	75045
137	21	75045	76125
138	45	77203	77925
139	45	77925	78045
140	45	78045	79125
141	45	79125	79245
142	45	79245	80325
143	45	80325	80445
144	45	80445	81525
145	45	81525	81645
146	45	81645	82725
147	45	82725	82845
148	45	82845	83925
149	45	83925	84045
150	45	84045	85125
151	45	85125	85245
152	45	85245	86325
153	45	86325	86445
154	45	86445	86454
155	9	86625	86945
156	9	86945	87825
157	9	87825	87945
158	9	87945	89025
159	5	89045	90125
160	5	90125	90245
161	31	90895	91975
162	31	91975	92095
163	31	92095	93175
164	31	93175	93295
165	31	93295	94375
166	31	94375	94495
167	31	94495	95575
168	31	95575	95695
169	31	95695	96775
170	31	96775	96895
171	31	96895	97975
172	31	97975	98195
173	31	98195	99175
174	31	99175	99295
175	31	99295	100375
176	31	100375	100495
177	31	100495	101575
178	31	101575	101695
179	31	101695	102775
180	31	102775	102895
181	31	102895	103975
182	31	103975	104095
183	39	104295	105375
184	39	105375	105495
185	39	105495	106575
186	39	106575	106695
187	5	107045	108125
188	5	108345	109325
189	5	110645	111725
190	5	111845	112258
191	5	112258	112925
192	5	112925	113045
193	5	113045	114125
194	5	114125	114245
195	5	114245	114933
196	5	114933	115325
197	5	116525	116645
198	5	116645	117725
199	5	117725	117845
200	41	118204	118625
201	41	118625	118745
202	41	118745	119314
203	41	119314	119825
204	29	119930	120725
205	29	120725	120845
206	29	120845	121925
207	29	121925	122045
208	29	122045	123090
209	29	123090	123125
210	29	123125	123245
211	41	123425	123545
212	1	123625	123745
213	1	123745	124825
214	1	124825	124945
215	1	124945	126025
216	1	126025	126145
217	1	126145	127225
218	1	127225	127345
219	1	127345	128425
220	1	128425	128545
221	3	128595	129675
222	3	129675	129895
223	3	129895	130875
224	3	130875	130995
225	3	130995	132075
226	3	132075	132195
227	3	132195	133275
228	3	133275	133395
229	3	133395	134475
230	3	134475	134595
231	3	134595	135675
232	3	135675	135795
233	27	136399	137475
234	27	137475	137595
235	27	137595	138675
236	27	138675	138795
237	27	138795	139875
238	27	139875	139995
239	27	139995	141075
240	27	141075	141295
241	27	141295	141792
242	27	141792	142275
243	27	142275	142395
244	27	142395	143475
245	27	143475	143595
246	33	143625	143745
247	33	143745	144825
248	33	144825	145045
249	33	145045	146025
250	33	146025	146145
251	33	146145	147225
252	33	147225	147345
253	35	147395	148475
254	35	148475	148595
255	35	148595	149424
256	35	149424	149675
257	35	149675	149795
258	15	150375	150495
259	15	150495	151575
260	15	151575	151795
261	25	151825	152045
262	25	152045	153025
263	25	153025	153145
264	25	153145	154225
265	25	154225	154345
266	25	154345	155425
267	25	155425	155545
268	25	155545	156625
269	25	156625	156745
270	25	156745	157825
271	25	157825	157945
272	25	157945	159025
273	23	159095	160175
274	37	160198	160525
275	37	160525	160645
276	37	160645	161725
277	37	161725	161845
278	37	161845	162925
279	37	162925	163145
280	37	163145	164125
281	37	164125	164245
282	37	164245	165325
283	37	165325	165445
284	37	165445	166525
285	37	166525	166645
286	37	166645	167725
287	37	167725	167845
288	37	167845	168925
289	37	168925	169045
290	37	169045	170125
291	37	170125	170245
292	37	170245	171325
293	13	171925	172045
294	13	172045	172819
295	13	172819	173125
296	13	173125	173445
297	13	173445	174325
298	13	174325	174445
299	13	174445	174727
300	13	174727	175525
301	13	175525	175645
302	13	175645	176725
303	47	177503	177575
304	47	177575	177695
305	47	177695	178775
306	47	178775	178895
307	47	178895	179975
308	47	179975	180095
309	47	180095	181175
310	47	181175	181295
311	47	182375	182495
312	47	182495	183575
313	47	183575	183695
314	47	183695	184775
315	47	184995	185975
316	47	186095	187175
317	47	187295	188375
318	47	188375	188495
319	11	189426	189875
320	11	189875	189995
321	11	189995	191075
322	11	191075	191195
323	11	191195	192275
324	11	192275	192395
325	11	192395	193470
326	11	193470	193475
327	11	193475	193595
328	11	193595	194675
329	11	194675	194895
330	11	194895	194954
331	11	194954	195875
332	11	195875	195995
333	11	195995	197075
334	11	197075	197195
335	11	197195	198275
336	11	198275	198395
337	11	198395	199475
338	11	199475	199595
339	13	199645	200725
340	13	200725	200845
341	13	200845	201925
342	13	201925	202145
343	13	202145	203125
344	13	203125	203245
345	13	203245	204055
346	47	204095	205175
347	47	205175	205295
348	47	205295	206375
349	47	206375	206595
350	47	206595	207575
351	47	207575	207695
352	47	207695	208775
353	47	208775	208895
354	47	208895	209975
355	47	209975	210095
356	47	210095	211175
357	47	211175	211295
358	47	211295	211618
359	47	211618	212375
360	43	212395	213475
361	43	213475	213595
362	43	213595	214675
363	43	214675	214795
364	43	214795	215875
365	43	215875	215995
366	43	215995	217075
367	43	217075	217295
368	43	217295	218275
369	43	218275	218395
370	43	218395	219475
371	43	219475	219595
372	43	220675	220795
373	43	220795	221875
374	41	223025	223145
375	41	223145	224225
376	41	224225	224345
377	41	224345	225425
378	31	225446	226375
379	31	226375	226495
380	31	226495	227575
381	31	227575	227795
382	31	227795	228775
383	31	228775	228895
384	31	228895	229873
385	31	229873	229975
386	31	229975	230095
387	31	230095	230358
388	31	230358	231175
389	31	231175	231395
390	31	231395	232375
391	31	232375	232495
392	29	233400	233525
393	29	233525	233645
394	29	233645	234725
395	29	234725	234845
396	29	234845	235925
397	29	235925	236045
398	29	236045	236668
399	29	236668	237125
400	29	237125	237245
401	29	237245	238325
402	29	238325	238545
403	29	238545	239525
404	29	239525	239645
405	29	239645	240725
406	29	240725	240845
407	29	240845	241925
408	29	241925	242045
409	29	242045	243125
410	29	243125	243245
411	29	243245	244325
412	29	244325	244445
413	29	244445	245525
414	29	245525	245645
415	41	245681	245825
416	41	245825	245945
417	41	245945	247025
418	41	247025	247145
419	41	247145	248225
420	39	248303	249375
421	39	249375	249595
422	39	249595	250575
423	39	250575	250695
424	39	250695	251775
425	39	251775	251895
426	39	251895	252975
427	39	252975	253095
428	39	253095	253941
429	39	253941	254175
430	39	254175	254295
431	39	254295	255375
432	39	255375	255495
433	39	255495	256575
434	39	256575	256695
435	39	256695	257775
436	39	257775	257895
437	39	257895	258975
438	39	258975	259095
439	39	259095	259378
440	39	259378	260175
441	39	260175	260495
442	39	260495	261375
443	39	261375	261495
444	39	261495	262575
445	39	262575	262695
446	39	262695	263775
447	39	263775	263895
448	39	263895	264975
449	39	264975	265095
450	39	265095	266175
451	39	266175	266295
452	39	266295	267375
453	39	267375	267495
454	39	267495	267917
455	39	267917	268575
456	39	268575	268695
457	39	268695	269775
458	39	269775	269895
459	39	269895	270862
460	39	270862	270975
461	39	270975	271195
462	39	271195	272175
463	39	272175	272295
464	39	272295	273375
465	39	273375	273495
466	39	273495	273751
467	1	274289	274825
468	1	274825	274945
469	1	274945	276025
470	1	276025	276145
471	1	276145	277225
472	1	277225	277345
473	1	277345	277768
474	1	277768	278425
475	1	278425	278545
476	1	278545	279625
477	1	279625	279745
478	3	279795	280875
479	3	280875	281095
480	23	281375	281595
481	35	281675	281895
482	35	281895	282875
483	35	282875	282995
484	35	282995	284075
485	35	284075	284195
486	35	284195	285275
487	35	285275	285395
488	35	285395	286475
489	35	286475	286595
490	35	286595	287675
491	35	287675	287795
492	35	287795	288057
493	35	288057	288875
494	35	288875	289095
495	35	289095	289327
496	35	289327	290075
497	35	290075	290195
498	35	290195	291275
499	35	291275	291395
500	35	291395	292475
501	35	292475	292695
502	35	292695	293675
503	35	293675	293795
504	35	293795	294875
505	35	294875	294995
506	35	294995	296075
507	35	296075	296195
508	35	296195	297275
509	35	297275	297395
510	35	297395	298475
511	35	298475	298595
512	35	298595	299675
513	35	299675	299795
514	35	299795	300646
515	35	300646	300875
516	35	300875	300995
517	35	300995	302075
518	35	302075	302195
519	35	302195	303019
520	23	303195	304175
521	23	304175	304295
522	23	304295	305375
523	23	305375	305495
524	23	305495	306575
525	23	306575	306695
526	23	306695	307249
527	23	307249	307775
528	23	307775	307895
529	23	307895	308975
530	23	308975	309095
531	23	309095	310175
532	23	310175	310295
533	23	310295	311375
534	23	311375	311495
535	23	311495	312575
536	23	312575	312695
537	23	312695	313775
538	23	313775	313995
539	23	313995	314975
540	23	314975	315095
541	45	315525	315645
542	45	315645	316725
543	45	316725	316845
544	45	316845	317925
545	45	317925	318145
546	45	318145	319125
547	45	319125	319245
548	45	319245	320325
549	45	320325	320445
550	45	320445	320542
551	45	320542	321525
552	45	321525	321645
553	45	321645	322725
554	45	322725	322845
555	45	322845	323604
556	45	323604	323925
557	45	323925	324045
558	45	324045	325125
559	45	332044	332325
560	45	332325	332445
561	45	332646	333525
562	45	333525	333645
563	45	333645	334725
564	45	334725	334845
565	45	334845	335925
566	45	335925	336145
567	45	336145	336706
568	45	336706	337125
569	45	337125	337245
570	45	337245	338325
571	45	338325	338445
572	45	338445	339525
573	45	339525	339645
574	45	339645	340725
575	45	340725	340845
576	45	340845	341925
577	45	341925	342045
578	45	342045	343125
579	45	343125	343245
580	45	343245	344325
581	45	344325	344445
582	45	344445	345525
583	45	345525	345645
584	45	345645	346725
585	45	346725	347045
586	45	347045	347925
587	45	347925	348045
588	45	348045	349125
589	45	349125	349245
590	45	349245	350325
591	45	350325	350445
592	45	350445	351525
593	45	351525	351645
594	45	351645	352725
595	45	352725	352845
596	5	352925	353045
597	5	353045	353303
598	5	353303	354125
599	5	354125	354245
600	29	354725	354845
601	29	354845	355925
602	29	355925	356045
603	29	356045	357125
604	29	357125	357345
605	29	357345	358325
606	29	358325	358445
607	29	358445	359525
608	29	359525	359645
609	29	359645	360725
610	29	360725	360845
611	29	360845	361925
612	29	361925	362045
613	39	362175	362295
614	39	362295	363375
615	39	363375	363495
616	39	363495	364575
617	41	364625	364745
618	41	364745	365825
619	41	365825	365945
620	41	365945	367025
621	41	367025	367145
622	41	367145	367967
623	41	367967	368225
624	41	368225	368445
625	41	368445	369425
626	41	369425	369545
627	41	369545	369595
628	3	369675	369795
629	3	369795	370875
630	3	370875	370995
631	3	370995	371919
632	3	371919	372075
633	3	372075	372195
634	3	372195	373275
635	3	373275	373395
636	3	373395	374475
637	3	374475	374695
638	41	375425	375645
639	3	375675	375795
640	27	376275	376395
641	27	376395	377475
642	27	377475	377595
643	27	377595	378675
644	27	378675	378895
645	27	378895	379600
646	27	379600	379875
647	27	379875	379995
648	27	379995	381075
649	27	381075	381195
650	27	381195	382275
651	27	382275	382395
652	27	382395	383008
653	27	383008	383247
654	15	383295	384375
655	15	384375	384495
656	15	384495	384670
657	15	384670	385575
658	15	385575	385695
659	15	385695	386775
660	15	386775	386895
661	15	386895	387975
662	15	387975	388095
663	3	388419	388875
664	3	388875	389095
665	3	389095	390075
666	3	390075	390195
667	3	390195	390597
668	3	390597	391275
669	3	391275	391395
670	3	391395	392475
671	3	392475	392595
672	3	392595	393675
673	3	393675	393795
674	3	393795	394869
675	1	394945	396025
676	1	396025	396145
677	1	396145	397225
678	1	397225	397345
679	1	397345	397983
680	1	397983	398425
681	1	398425	398545
682	1	398545	399533
683	1	399533	399625
684	1	399625	399845
685	1	399845	400825
686	1	400825	400945
687	1	400945	402025
688	1	402025	402145
689	1	402145	403225
690	1	403225	403445
691	1	403445	404425
692	1	404425	404545
693	1	404545	405625
694	1	405625	405745
695	1	405745	406825
696	1	406825	406945
697	1	406945	408025
698	1	408025	408145
699	1	408145	409225
700	1	409225	409345
701	1	409345	410425
702	1	410425	410645
703	1	410645	411625
704	1	411625	411745
705	1	411745	412161
706	23	412175	412295
707	23	412295	413375
708	23	413375	413495
709	23	413495	414575
710	23	414575	414695
711	23	414695	415775
712	23	415775	415895
713	23	415895	416975
714	23	416975	417095
715	23	417095	418175
716	35	418257	418475
717	35	418475	418595
718	35	418595	419569
719	35	419569	419675
720	35	419675	419795
721	35	419795	420875
722	35	420875	420995
723	35	420995	422075
724	35	422075	422295
725	35	422295	423275
726	35	423275	423395
727	35	423395	424475
728	35	424475	424595
729	35	424595	425675
730	35	425675	425795
731	35	425795	426875
732	35	426875	426995
733	35	426995	428075
734	35	428075	428195
735	35	428195	429275
736	35	429275	429395
737	35	429395	430475
738	35	430475	430595
739	35	430595	431675
740	35	431675	431795
741	35	431795	432875
742	35	432875	433195
743	35	433195	434075
744	35	434075	434195
745	35	434195	434489
746	9	434745	435825
747	9	435825	435945
748	9	435945	437025
749	9	437025	437145
750	9	437145	438225
751	9	438579	439425
752	21	439845	440925
753	21	440925	441045
754	21	441045	441723
755	21	441723	442125
756	21	442125	442245
757	21	442245	443325
758	21	443325	443545
759	21	443545	444525
760	21	444525	444645
761	21	444645	445725
762	21	445725	445845
763	21	445845	446925
764	21	446925	447045
765	21	447045	448125
766	21	448125	448245
767	21	448245	448377
768	21	448377	448958
769	21	448958	449325
770	21	449325	449445
771	21	449445	450525
772	21	450525	450645
773	21	450645	451725
774	21	451725	451845
775	21	451845	452662
776	43	454895	455875
777	43	455875	455995
778	43	455995	457075
779	43	457075	457195
780	43	457195	458275
781	43	458395	459475
782	43	459475	459595
783	43	459595	460675
784	43	460675	460795
785	43	460795	461875
786	43	461875	462095
787	43	462095	463075
788	43	463075	463195
789	43	463195	464275
790	43	464275	464395
791	45	464445	465525
792	45	465525	465745
793	45	465745	466725
794	45	466725	466845
795	45	466845	467925
796	45	467925	468045
797	45	468045	469125
798	45	469125	469245
799	45	469245	470325
800	45	470325	470445
801	45	470445	471525
802	45	471525	471645
803	45	471645	472725
804	43	472795	472985
805	43	472985	473875
806	43	473875	473995
807	43	473995	475075
808	43	475075	475195
809	43	475195	476275
810	43	476275	476495
811	43	476495	477475
812	43	477475	477595
813	43	477595	478582
814	43	478675	478795
815	43	478795	479875
816	43	479875	479995
817	43	479995	481075
818	43	481075	481195
819	43	481195	482101
820	43	482101	482275
821	43	482275	482395
822	43	482395	482480
823	5	482525	482645
824	5	482645	483725
825	5	483725	483845
826	5	483845	484925
827	5	484925	485045
828	5	485045	486125
829	5	486125	486345
830	5	486345	487325
831	5	487325	487445
832	5	487445	488324
833	5	488324	488525
834	5	488525	488645
835	5	488645	489633
836	5	489633	489725
837	5	489725	489945
838	5	489945	490925
839	5	490925	491045
840	29	491525	491645
841	29	491645	492725
842	29	492725	492845
843	29	492845	493925
844	29	493925	494045
845	29	494045	495125
846	29	495125	495245
847	29	495245	496325
848	29	496325	496445
849	29	496445	497525
850	29	497525	497745
851	29	497745	498725
852	29	498725	498845
853	29	498845	499925
854	29	499925	500045
855	29	500045	501125
856	29	501125	501245
857	29	501245	502325
858	29	502325	502445
859	29	502445	503525
860	29	503525	503645
861	29	503645	504725
862	29	504725	504845
863	29	504845	505925
864	29	505925	506045
865	29	506045	507125
866	29	507125	507245
867	29	507245	508325
868	29	508325	508545
869	29	508545	509525
870	29	509525	509645
871	29	509645	510196
872	29	510196	510725
873	29	510725	510845
874	29	510845	511925
875	29	511925	512045
876	29	512045	513125
877	29	513125	513245
878	29	513245	514325
879	29	514325	514445
880	29	514445	515525
881	29	515525	515645
882	29	515645	516725
883	29	516725	516845
884	35	516875	516995
885	35	516995	517795
886	35	517795	518075
887	35	518075	518195
888	35	518195	519275
889	35	519275	519595
890	35	519595	519608
891	15	519975	520095
892	15	520095	521170
893	15	521170	521175
894	15	521175	521295
895	15	521295	522375
896	15	522375	522495
897	15	522495	523575
898	15	523575	523695
899	15	523695	524135
900	15	524135	524775
901	15	524775	524895
902	27	525075	525195
903	27	525195	526275
904	27	526275	526395
905	27	526395	527475
906	27	527475	527595
907	27	527595	528675
908	27	528675	528795
909	27	528795	529875
910	27	529875	530095
911	27	530095	530893
912	27	530893	531075
913	27	531075	531195
914	27	531195	532275
915	27	532275	532395
916	27	532395	533426
917	25	533545	534625
918	25	534625	534745
919	25	534745	534866
920	25	534866	535825
921	25	535825	535945
922	25	535945	537025
923	25	537025	537145
924	25	537145	537870
925	25	537870	538225
926	25	538225	538345
927	35	538361	538475
928	35	538475	538595
929	35	538595	539675
930	35	539675	539795
931	35	539795	540097
932	35	540097	540875
933	35	540875	541095
934	35	541095	542075
935	35	542075	542195
936	35	542195	543275
937	35	543275	543395
938	35	543395	544475
939	35	544475	544595
940	35	544595	545675
941	35	545675	545795
942	35	545795	546875
943	35	546875	546995
944	35	546995	548075
945	35	548075	548295
946	35	548295	549275
947	35	549275	549395
948	35	549395	550475
949	35	550475	550595
950	35	550595	551589
951	47	551975	552195
952	47	552195	553175
953	47	553175	553295
954	47	553295	554375
955	47	554375	554495
956	47	554495	555575
957	47	555575	555695
958	11	555875	555995
959	13	556045	557125
960	13	557125	557245
961	13	557245	558325
962	13	558325	558445
963	13	558445	558739
964	13	558739	559525
965	13	559525	559645
966	13	559645	560725
967	13	560725	560845
968	13	560845	561123
969	13	561123	561925
970	13	561925	562145
971	13	562145	563125
972	13	563125	563245
973	13	563245	564325
974	13	564325	564445
975	13	564445	564600
976	9	565545	566625
977	9	566625	566745
978	9	566745	567825
979	9	567825	567945
980	11	567995	568341
981	11	568341	569075
982	11	569075	569195
983	11	569195	569998
984	11	569998	570275
985	11	570275	570395
986	11	570395	571475
987	11	571475	571595
988	11	571595	572675
989	11	572675	572895
990	11	572895	573875
991	11	573875	573995
992	11	573995	575075
993	11	575075	575195
994	11	575195	576275
995	11	576275	576495
996	11	576495	577475
997	11	577475	577595
998	11	577595	578675
999	11	578675	578795
1000	11	578795	579875
1001	11	579875	579995
1002	11	579995	581075
1003	11	581075	581195
1004	11	581195	582275
1005	11	582275	582395
1006	11	582395	582421
1007	5	582545	583325
1008	5	583325	583545
1009	5	583545	584525
1010	5	584525	584645
1011	5	584645	585725
1012	5	585725	585845
1013	5	585845	586925
1014	5	586925	587045
1015	5	587045	588125
1016	5	588125	588245
1017	5	588245	589325
1018	5	589325	589445
1019	5	589445	590525
1020	5	590525	590645
1021	43	591062	591475
1022	43	591475	591595
1023	43	591595	592675
1024	43	592675	592795
1025	43	592795	593527
1026	43	593527	593875
1027	43	593875	593995
1028	43	593995	595075
1029	43	595075	595295
1030	43	595295	596275
1031	43	596275	596395
1032	43	596395	597475
1033	43	597475	597595
1034	43	597595	598675
1035	43	598675	598795
1036	43	598795	599875
1037	43	599875	599995
1038	5	600125	600245
1039	5	600245	601325
1040	5	601325	601445
1041	29	601925	602045
1042	29	602045	603125
1043	29	603125	603245
1044	29	603245	604325
1045	29	604325	604445
1046	29	604445	605525
1047	29	605525	605845
1048	29	605845	606725
1049	29	606725	606845
1050	29	606845	607925
1051	29	607925	608045
1052	31	608095	609175
1053	31	609175	609295
1054	31	609295	610361
1055	31	610361	610375
1056	31	610375	610495
1057	31	610495	611363
1058	31	611363	611575
1059	31	611575	611695
1060	31	611695	612775
1061	31	612775	612895
1062	39	612975	613095
1063	39	613095	614175
1064	39	614175	614295
1065	39	614295	615375
1066	39	615375	615495
1067	39	615495	616575
1068	39	616575	616795
1069	39	616795	617775
1070	39	617775	617895
1071	39	617895	618975
1072	39	618975	619095
1073	39	619095	620175
1074	39	620175	620295
1075	3	620595	621675
1076	3	621675	621795
1077	3	621795	622875
1078	3	622875	622995
1079	3	622995	624075
1080	3	624075	624195
1081	3	624195	624214
1082	3	624214	625275
1083	3	625275	625395
1084	3	625395	625749
1085	3	625749	626475
1086	3	626475	626695
1087	3	626695	627675
1088	3	627675	627795
1089	3	627795	628875
1090	3	628875	628995
1091	3	628995	630075
1092	3	630075	630195
1093	3	630195	631275
1094	3	631275	631395
1095	3	631395	632475
1096	3	632475	632595
1097	3	632595	633171
1098	3	633171	633675
1099	3	633675	633895
1100	3	633895	634875
1101	3	634875	634995
1102	3	634995	636075
1103	3	636075	636195
1104	3	636195	637275
1105	3	637275	637495
1106	3	637495	638475
1107	3	638475	638595
1108	3	638595	639675
1109	3	639675	639795
1110	3	639795	640875
1111	3	640875	640995
1112	3	640995	641206
1113	3	641206	642075
1114	3	642075	642195
1115	3	642195	643275
1116	3	643275	643395
1117	3	643395	644416
1118	1	644425	644545
1119	15	644775	644895
1120	15	644895	645975
1121	15	645975	646095
1122	15	646095	647175
1123	15	647175	647295
1124	27	647899	648675
1125	27	648675	648895
1126	27	648895	649693
1127	27	649693	649875
1128	27	649875	649995
1129	27	649995	651075
1130	27	652275	652395
1131	27	652395	653475
1132	27	653475	653595
1133	27	654675	654795
1134	27	655875	655995
1135	27	657075	657195
1136	27	657195	658275
1137	23	665495	666575
1138	23	670395	671375
1139	23	671375	671495
1140	23	671495	672575
1141	23	672575	672695
1142	23	672695	673775
1143	23	673775	673895
1144	23	673895	674975
1145	23	674975	675095
1146	23	675095	676175
1147	23	676175	676295
1148	23	676295	677375
1149	23	677375	677495
1150	23	677495	678575
1151	23	678575	678695
1152	23	678695	678818
1153	23	678818	679775
1154	23	679775	679895
1155	23	679895	680744
1156	23	680744	680975
1157	23	680975	681195
1158	23	681195	682175
1159	23	682175	682295
1160	23	682295	683375
1161	23	683375	683495
1162	23	683495	684575
1163	23	684575	684695
1164	23	684695	685775
1165	23	685775	685895
1166	23	685895	686975
1167	23	686975	687095
1168	33	687225	687345
1169	33	687345	688425
1170	33	688425	688545
1171	21	688644	689325
1172	21	689325	689445
1173	21	689445	689999
1174	21	689999	690525
1175	21	690525	690645
1176	21	690645	691725
1177	21	691725	692045
1178	21	692045	692925
1179	21	692925	693045
1180	21	693045	694125
1181	21	694125	694245
1182	21	694245	695325
1183	21	695325	695445
1184	21	695445	696525
1185	21	696525	696645
1186	21	696645	697725
1187	21	697725	697845
1188	21	697845	698925
1189	21	698925	699045
1190	21	699045	700125
1191	21	700125	700245
1192	21	700245	701325
1193	21	701325	701445
1194	21	701445	701780
1195	21	701780	702525
1196	21	702525	702745
1197	21	702745	703725
1198	41	703785	703803
1199	31	703975	704095
1200	41	704345	705425
1201	41	705545	706625
1202	41	706625	706745
1203	41	706745	707825
1204	41	707825	707945
1205	41	707945	709025
1206	41	709025	709145
1207	41	709145	710225
1208	41	710225	710345
1209	41	710345	711425
1210	41	711425	711545
1211	41	711545	712625
1212	41	712625	712745
1213	41	712745	713825
1214	41	713825	714045
1215	41	714045	715025
1216	41	715025	715145
1217	29	716045	717125
1218	29	717125	717245
1219	29	717245	718325
1220	29	718325	718445
1221	29	718445	719525
1222	29	719525	719645
1223	29	719645	720725
1224	29	720725	720945
1225	29	720945	721925
1226	29	721925	722045
1227	29	722045	723125
1228	29	723125	723245
1229	29	723245	724325
1230	29	724325	724545
1231	29	724545	725525
1232	29	725525	725645
1233	29	725645	726725
1234	29	726725	726845
1235	39	726975	727095
1236	39	727095	728175
1237	39	728175	728295
1238	39	728295	729375
1239	39	729375	729495
1240	39	729495	730575
1241	39	730575	730695
1242	39	730695	731775
1243	39	731775	731895
1244	39	731895	732975
1245	39	732975	733095
1246	39	733095	734175
1247	39	734175	734295
1248	1	734425	734645
1249	1	734645	735625
1250	1	735625	735745
1251	1	735745	736825
1252	1	736825	736945
1253	1	736945	738025
1254	1	738025	738145
1255	29	738150	738725
1256	29	738725	738845
1257	29	738845	739925
1258	29	739925	740045
1259	29	740045	741125
1260	29	741125	741245
1261	29	741245	742325
1262	29	742325	742445
1263	29	742445	743525
1264	29	743525	743645
1265	29	743645	743724
1266	29	743724	744725
1267	29	744725	744845
1268	31	744895	745975
1269	31	745975	746195
1270	31	746195	747175
1271	27	747195	747737
1272	27	747737	748275
1273	27	748275	748395
1274	27	748395	749475
1275	27	749475	749695
1276	27	749695	749782
1277	27	749782	750675
1278	27	750675	750795
1279	27	750795	751875
1280	27	751875	751995
1281	27	751995	753075
1282	27	753075	753195
1283	27	753195	754275
1284	27	754275	754395
1285	27	754395	755475
1286	27	755475	755595
1287	27	755595	756675
1288	27	756675	756895
1289	27	756895	757875
1290	27	757875	757995
1291	27	757995	759075
1292	27	759075	759195
1293	27	759195	760275
1294	27	760275	760395
1295	27	760395	761475
1296	27	761475	761595
1297	27	761595	762675
1298	27	762675	762795
1299	27	762795	763875
1300	27	763875	763995
1301	27	763995	765075
1302	27	765075	765195
1303	27	765195	766275
1304	27	766275	766395
1305	27	766395	767475
1306	27	767475	767695
1307	27	767695	768675
1308	27	768675	768795
1309	27	768795	769875
1310	27	769875	769995
1311	27	769995	770451
1312	27	770451	771075
1313	27	771075	771195
1314	27	771195	772275
1315	27	772275	772395
1316	27	772395	773475
1317	27	773475	773595
1318	27	773595	774675
1319	27	774675	774795
1320	27	774795	775875
1321	27	775875	775995
1322	27	775995	777075
1323	27	777075	777195
1324	27	777195	778275
1325	27	778275	778595
1326	27	778595	779475
1327	27	779475	779595
1328	27	779595	780675
1329	27	780675	780795
1330	13	780852	781525
1331	13	781525	781645
1332	13	781645	782725
1333	13	782725	782845
1334	13	782845	783925
1335	13	783925	784045
1336	13	784045	784090
1337	13	784090	785082
1338	25	785425	785545
1339	25	785545	786625
1340	25	786625	786745
1341	25	786745	787825
1342	25	787825	787945
1343	25	787945	789025
1344	25	789025	789245
1345	25	789245	790225
1346	25	790345	790785
1347	25	790785	791425
1348	25	791425	791545
1349	25	791545	792625
1350	25	792625	792745
1351	25	792745	793770
1352	23	793775	793895
1353	23	793895	794975
1354	23	794975	795095
1355	23	795095	796008
1356	23	796008	796175
1357	23	796175	796295
1358	23	796295	797375
1359	23	797375	797495
1360	23	797495	797701
1361	23	797701	798575
1362	23	798575	798695
1363	33	798744	798825
1364	33	798825	798945
1365	33	798945	800025
1366	33	800025	800245
1367	33	800245	800374
1368	33	800374	801225
1369	33	801225	801345
1370	33	801345	802425
1371	33	802425	802545
1372	33	802545	803625
1373	33	803625	803745
1374	33	803745	804825
1375	33	804825	804945
1376	33	804945	806025
1377	33	806025	806145
1378	33	806145	807225
1379	33	807225	807445
1380	33	807445	808425
1381	33	808425	808545
1382	47	808775	808895
1383	47	808895	809975
1384	47	809975	810095
1385	47	810095	810263
1386	47	810263	811175
1387	47	811175	811395
1388	47	811395	812375
1389	47	812375	812495
1390	47	812495	813575
1391	47	813575	813695
1392	47	813695	814775
1393	47	814775	814895
1394	47	814895	815975
1395	47	815975	816095
1396	47	816095	817175
1397	47	817175	817295
1398	47	817295	818375
1399	47	818375	818495
1400	47	818495	819575
1401	47	819575	819695
1402	47	819695	820425
1403	47	820425	820775
1404	47	820775	820895
1405	21	820926	821325
1406	21	821325	821545
1407	21	821545	822525
1408	21	822525	822645
1409	21	822645	823725
1410	21	823725	823845
1411	21	823845	824925
1412	21	824925	825045
1413	21	825045	826125
1414	21	826125	826245
1415	21	826245	827325
1416	21	827325	827445
1417	21	827445	828525
1418	21	828525	828645
1419	21	828645	829725
1420	21	829725	829845
1421	21	829845	830925
1422	21	830925	831045
1423	21	831045	832125
1424	21	832125	832345
1425	21	832345	833325
1426	21	833325	833445
1427	21	833445	834525
1428	21	834525	834645
1429	21	834645	835213
1430	5	835325	835545
1431	43	835828	836275
1432	43	836275	836495
1433	43	836495	837475
1434	43	837475	837595
1435	43	837595	838675
1436	43	838675	838795
1437	43	838795	839063
1438	39	839775	839895
1439	39	839895	840185
1440	41	841025	841145
1441	41	841145	842225
1442	41	842225	842345
1443	41	842345	842811
1444	3	842911	843235
1445	3	843235	843675
1446	3	843675	843795
1447	3	843795	844875
1448	3	844875	844995
1449	3	844995	846075
1450	3	846075	846195
1451	3	846195	847275
1452	3	847275	847395
1453	3	847395	848475
1454	3	848475	848595
1455	43	849085	849475
1456	43	849475	849595
1457	43	849595	850365
1458	43	850365	850675
1459	43	850675	850795
1460	43	850795	851875
1461	43	851875	851995
1462	43	851995	853075
1463	43	853075	853195
1464	43	853195	854275
1465	43	854275	854495
1466	43	854495	855475
1467	43	855475	855595
1468	43	855595	856675
1469	43	856675	856795
1470	43	856795	857875
1471	43	857875	857995
1472	43	857995	859075
1473	43	859075	859195
1474	3	859275	859395
1475	3	859395	860475
1476	3	860475	860595
1477	3	860595	861675
1478	3	861675	861795
1479	41	861815	862625
1480	41	862625	862745
1481	41	862745	863825
1482	41	863825	863945
1483	41	863945	865025
1484	37	865245	866125
1485	39	866175	866295
1486	39	866295	867375
1487	39	867375	867495
1488	39	867495	868575
1489	39	868575	868695
1490	39	868695	869775
1491	39	869775	869895
1492	39	869895	870975
1493	39	870975	871095
1494	39	871095	872175
1495	39	872175	872295
1496	39	872295	873375
1497	39	873375	873495
1498	39	873495	874575
1499	39	874575	874695
1500	39	874695	875775
1501	39	875775	875995
1502	39	875995	876975
1503	39	876975	877095
1504	39	877095	878175
1505	39	878175	878295
1506	39	878295	879209
1507	39	879209	879375
1508	39	879375	879495
1509	39	879495	880575
1510	39	880575	880695
1511	39	880695	881190
1512	39	881190	881775
1513	39	881775	881895
1514	39	881895	882975
1515	39	882975	883095
1516	39	883095	884175
1517	39	884175	884295
1518	39	884295	885375
1519	39	885375	885495
1520	3	885675	885895
1521	3	885895	886875
1522	3	886875	886995
1523	3	886995	888075
1524	3	888075	888195
1525	3	888195	889275
1526	3	889275	889395
1527	3	889395	890475
1528	3	890475	890595
1529	3	890595	891675
1530	3	891675	891795
1531	3	891795	892875
1532	3	892875	893095
1533	3	893095	894075
1534	3	894075	894195
1535	3	894195	895259
1536	13	895525	895645
1537	13	895645	896725
1538	13	896725	896945
1539	13	896945	897623
1540	13	897623	897925
1541	13	897925	898045
1542	13	898045	899125
1543	13	899125	899245
1544	13	899245	900325
1545	13	900325	900445
1546	13	900445	901525
1547	13	901525	901645
1548	13	901645	902725
1549	13	902725	902845
1550	13	902845	903925
1551	13	903925	904045
1552	13	904045	905125
1553	13	905245	906325
1554	13	906325	906445
1555	25	906625	906745
1556	25	906745	907200
Site : Tahiti
Anntenna : 3 nbContacts : 1549
	Sat 	StartTime 	EndTime 
0	41	0	1025
1	41	1025	1345
2	41	1345	2174
3	41	2174	2225
4	41	2225	2345
5	41	2345	3425
6	41	3425	3545
7	41	3545	4625
8	41	4625	4745
9	41	4745	5825
10	41	5825	5945
11	41	5945	6536
12	41	6536	7025
13	41	7025	7145
14	41	7145	8225
15	41	8225	8345
16	41	8345	9425
17	41	9425	9545
18	41	9545	10299
19	41	10299	10625
20	41	10625	10745
21	41	10745	11825
22	41	11825	12045
23	41	12045	13025
24	41	13025	13145
25	41	13145	13273
26	29	13925	14045
27	29	14045	15125
28	29	15125	15245
29	29	15245	16325
30	29	16325	16445
31	29	16445	17525
32	29	17525	17645
33	29	17645	18145
34	29	18145	18169
35	29	18169	18725
36	29	18725	18845
37	29	18845	19925
38	29	19925	20045
39	35	20075	20195
40	35	20195	21275
41	37	21325	21445
42	37	21445	22525
43	37	22525	22745
44	37	22745	23725
45	37	23725	23845
46	37	23845	24925
47	37	24925	25045
48	37	25045	26125
49	37	26125	26245
50	37	26245	27325
51	37	27325	27445
52	3	27675	27795
53	3	27795	28875
54	3	28875	29095
55	3	29095	30075
56	3	30075	30195
57	3	30195	31275
58	3	31275	31395
59	3	31395	32475
60	3	32475	32695
61	3	32695	33675
62	13	33925	34045
63	13	34045	35125
64	13	35125	35245
65	13	35245	36041
66	13	36041	36325
67	13	36325	36445
68	13	36445	37525
69	13	37525	37645
70	13	37645	38725
71	13	38725	38845
72	13	38845	39925
73	13	39925	40045
74	33	40425	40545
75	33	40545	41625
76	33	41625	41745
77	33	41745	42825
78	33	42825	42945
79	33	42945	44025
80	33	44025	44245
81	33	44245	45225
82	33	45225	45345
83	33	45345	46425
84	33	46425	46545
85	13	47245	48325
86	13	48325	48445
87	27	48675	48795
88	27	48795	49875
89	27	49875	49995
90	27	49995	51075
91	23	51095	52175
92	23	52175	52295
93	23	52295	53290
94	23	53290	53375
95	23	53375	53495
96	23	53495	54575
97	23	54575	54795
98	23	54795	55775
99	23	55775	55895
100	23	55895	56975
101	23	56975	57095
102	23	57095	58091
103	23	58091	58175
104	23	58175	58395
105	23	58395	59375
106	23	59375	59495
107	23	59495	60575
108	23	60575	60695
109	23	60695	61775
110	23	61775	61895
111	23	61895	62975
112	23	62975	63095
113	23	63095	64175
114	23	64175	64295
115	23	64295	65375
116	23	65375	65595
117	23	65595	66575
118	23	66575	66695
119	23	66695	67676
120	23	67676	67775
121	23	67775	67895
122	23	67895	68975
123	23	68975	69095
124	23	69095	70175
125	23	70175	70295
126	23	70295	70457
127	23	70457	71375
128	23	71375	71495
129	23	71495	72575
130	23	72575	72695
131	23	72695	73445
132	9	74625	74745
133	33	75772	76425
134	33	76425	76645
135	33	76645	77625
136	33	77625	77745
137	33	77745	78825
138	33	78825	78945
139	33	78945	80025
140	33	80025	80145
141	33	80145	81225
142	33	81225	81345
143	33	81345	82425
144	33	82425	82545
145	33	82545	83157
146	43	84391	85075
147	43	85075	85195
148	43	85195	86275
149	43	86275	86395
150	43	86395	86988
151	43	86988	87475
152	43	87475	87795
153	43	87795	88675
154	43	88815	89875
155	43	89875	89995
156	43	89995	91075
157	43	91075	91195
158	43	91195	92275
159	43	92275	92395
160	43	92395	93475
161	43	93475	93595
162	43	93595	94675
163	43	94675	94795
164	43	94795	95875
165	43	95875	95995
166	43	95995	97075
167	43	97075	97195
168	43	97195	98275
169	43	98275	98495
170	43	98495	99475
171	43	99475	99595
172	43	99595	100675
173	43	100675	100795
174	43	100795	101875
175	43	101875	101995
176	43	101995	103075
177	43	103075	103195
178	43	103195	104275
179	43	104275	104395
180	29	105125	105245
181	31	105295	106375
182	31	106375	106495
183	43	106675	106795
184	43	107584	107875
185	43	107875	107995
186	43	107995	109075
187	43	109075	109295
188	43	109295	109317
189	43	109317	110275
190	43	110275	110395
191	43	110395	111475
192	43	111475	111595
193	43	111595	112675
194	43	112675	112795
195	43	112795	113875
196	43	113875	113995
197	43	115075	115195
198	43	115195	116275
199	43	116275	116495
200	39	117375	117495
201	39	117495	118575
202	39	118575	118695
203	39	118695	119775
204	39	119775	119995
205	43	120095	120847
206	39	120975	121095
207	39	121095	122175
208	39	122175	122295
209	39	122295	123375
210	39	123375	123495
211	39	123495	124575
212	39	124575	124695
213	39	124695	125775
214	39	125775	125895
215	39	125895	126975
216	39	126975	127095
217	39	127095	128175
218	39	128175	128295
219	39	128295	129375
220	39	129375	129495
221	41	129545	129752
222	41	129752	130625
223	41	130625	130845
224	41	130845	131825
225	31	131885	132775
226	31	132775	132895
227	31	132895	133975
228	31	133975	134095
229	31	134095	135175
230	31	135175	135295
231	31	135295	136375
232	31	136375	136495
233	31	136495	137575
234	31	137575	137695
235	31	137695	138775
236	31	138775	138895
237	31	138895	139975
238	31	139975	140095
239	37	140125	140245
240	37	140245	141325
241	37	141325	141545
242	37	141545	142525
243	37	142525	142645
244	37	142645	143260
245	37	143260	143725
246	37	143725	143845
247	37	143845	144882
248	37	144882	144925
249	37	144925	145145
250	1	145225	145345
251	1	145345	146425
252	1	146425	146545
253	1	146545	147625
254	1	147625	147745
255	1	147745	148774
256	1	148774	148825
257	1	148825	148945
258	1	148945	149776
259	1	149776	150025
260	1	150025	150145
261	1	150145	151225
262	1	151225	151445
263	1	151445	152425
264	1	152425	152545
265	1	152545	153625
266	1	153625	153745
267	1	153745	154825
268	1	154825	154945
269	1	154945	156025
270	1	156025	156145
271	1	156145	157225
272	1	157225	157345
273	1	157345	158425
274	1	158425	158545
275	1	158545	159404
276	1	159404	159625
277	1	159625	159745
278	1	159745	160825
279	1	160825	160945
280	1	160945	162025
281	1	162025	162245
282	1	162245	162538
283	13	162545	163525
284	13	163525	163645
285	13	163645	164725
286	13	164725	164845
287	13	164845	165925
288	13	165925	166045
289	25	166225	166345
290	25	166345	167425
291	25	167425	167545
292	25	167545	167607
293	25	167607	168625
294	25	168625	168745
295	25	168745	169190
296	25	169190	169825
297	25	169825	169945
298	25	169945	171025
299	25	171025	171145
300	25	171145	172225
301	25	172345	173425
302	25	173425	173745
303	25	173745	174625
304	25	174745	175825
305	25	175825	175945
306	25	175945	177025
307	25	177025	177145
308	25	177145	178225
309	25	178225	178345
310	25	178345	179425
311	25	179425	179545
312	25	179545	180625
313	25	180625	180745
314	45	183525	183645
315	45	183645	184110
316	33	184425	184645
317	45	186045	187125
318	45	187125	187245
319	45	187245	188325
320	13	188562	188725
321	13	188725	188845
322	13	188845	189426
323	13	189426	189925
324	13	189925	190045
325	13	190045	191125
326	13	191125	191245
327	13	191245	192325
328	13	192325	192445
329	13	192445	193525
330	13	193525	193645
331	13	193645	194725
332	13	194725	194945
333	13	194945	195925
334	13	195925	196045
335	13	196045	197125
336	13	197125	197245
337	47	197629	197975
338	47	197975	198095
339	47	198095	199148
340	47	199148	199175
341	47	199175	199295
342	47	199295	200375
343	47	200375	200495
344	47	200495	201575
345	47	201575	201695
346	47	201695	202775
347	47	202775	202995
348	47	202995	203975
349	45	204045	205125
350	45	205125	205245
351	45	205245	206325
352	45	206325	206545
353	45	206545	207525
354	45	207525	207645
355	45	207645	208725
356	45	208725	208845
357	45	208845	209925
358	45	209925	210045
359	45	210045	210686
360	45	210686	211125
361	45	211125	211245
362	45	211245	212325
363	45	212325	212445
364	45	212445	213525
365	45	213525	213645
366	45	213645	214725
367	45	214725	214845
368	45	214845	215925
369	45	215925	216045
370	45	216045	217125
371	45	217125	217345
372	45	217345	218325
373	45	218325	218445
374	45	218445	218721
375	45	218721	219525
376	45	219525	219645
377	45	219645	220725
378	45	220725	220845
379	45	220845	221925
380	45	221925	222045
381	43	224395	225402
382	43	225402	225475
383	43	225475	225595
384	43	225595	226675
385	43	226675	226795
386	43	226795	227875
387	43	227875	228095
388	43	228095	229075
389	43	229075	229195
390	43	229195	230275
391	3	230695	231675
392	3	231675	231795
393	3	231795	232875
394	3	232875	232995
395	3	232995	234075
396	3	234075	234195
397	3	234195	235275
398	3	235275	235395
399	3	235395	236475
400	3	236475	236595
401	3	236595	237675
402	3	237675	237895
403	3	237895	238875
404	3	238875	238995
405	3	238995	240075
406	3	240075	240195
407	3	240195	241275
408	3	241275	241395
409	3	241395	242475
410	3	242475	242595
411	3	242595	243675
412	3	243675	243795
413	3	243795	244875
414	3	244875	244995
415	3	244995	246075
416	3	246075	246195
417	29	246725	246845
418	29	246845	247925
419	29	247925	248045
420	29	248045	249125
421	29	249125	249345
422	29	249345	250325
423	29	250325	250445
424	29	250445	251525
425	29	251525	251645
426	29	251645	252725
427	29	252725	252845
428	29	252845	253925
429	29	253925	254045
430	29	254045	255125
431	29	255125	255245
432	29	255245	256325
433	29	256325	256445
434	29	256445	257525
435	29	257525	257645
436	29	257645	257872
437	29	257872	258725
438	29	258725	258845
439	29	258845	259224
440	29	259224	259925
441	29	259925	260245
442	29	260245	261125
443	29	261125	261245
444	29	261245	262325
445	29	262325	262445
446	29	262445	263525
447	29	263525	263645
448	29	263645	264725
449	29	264725	264845
450	37	264925	265045
451	37	265045	266125
452	37	266125	266245
453	35	266257	267275
454	35	267275	267395
455	35	267395	268475
456	35	268475	268595
457	35	268595	269675
458	35	269675	269795
459	35	269795	270875
460	35	270875	271095
461	35	271095	272075
462	35	272075	272195
463	35	272195	273275
464	35	273275	273395
465	35	273395	274475
466	35	274475	274595
467	35	274595	275675
468	35	275675	275795
469	35	275795	276875
470	3	277410	278475
471	3	278475	278595
472	23	278975	279095
473	23	279095	280175
474	23	280175	280295
475	37	280525	280645
476	37	280645	281725
477	37	281725	281945
478	37	281945	282925
479	37	282925	283045
480	37	283045	284125
481	37	284125	284245
482	1	284425	284545
483	1	284545	285625
484	1	285625	285745
485	13	285925	286045
486	13	286045	287125
487	13	287125	287245
488	13	287245	287805
489	13	287805	288325
490	13	288325	288545
491	13	288545	289412
492	13	289412	289525
493	13	289525	289645
494	13	289645	290725
495	13	290725	290845
496	13	290845	291925
497	13	291925	292145
498	23	292175	292395
499	23	292395	293375
500	23	293375	293495
501	23	293495	293905
502	23	293905	294575
503	23	294575	294695
504	23	294695	295775
505	11	295832	296675
506	11	296675	296795
507	11	296795	297875
508	11	297875	297995
509	11	297995	299075
510	11	299075	299195
511	13	299245	300325
512	13	300325	300445
513	13	300445	301525
514	13	301525	301645
515	13	301645	302725
516	13	302725	302945
517	13	302945	303925
518	13	303925	304045
519	13	304045	305125
520	25	305425	305545
521	25	305545	306625
522	25	306625	306745
523	33	306825	306945
524	33	306945	307641
525	33	307641	308025
526	33	308025	308145
527	47	308375	308495
528	47	308495	309575
529	47	309575	309695
530	47	309695	310775
531	47	310775	310895
532	47	310895	311975
533	47	311975	312095
534	47	312095	313175
535	47	313175	313295
536	47	313295	314293
537	47	314293	314375
538	47	314375	314595
539	47	314595	315422
540	47	315575	315695
541	47	315695	316775
542	47	316775	316895
543	47	316895	317975
544	47	317975	318195
545	13	318325	318445
546	13	318445	319525
547	13	319525	319645
548	13	319645	320613
549	9	320625	320745
550	9	320745	321825
551	9	321825	321945
552	9	321945	323025
553	9	323025	323145
554	9	323145	324225
555	9	324225	324445
556	9	324445	325425
557	9	325425	325545
558	9	325545	326625
559	9	326625	326745
560	9	326745	327825
561	9	327825	327945
562	9	327945	329025
563	9	329025	329145
564	9	329145	330225
565	9	330225	330345
566	9	330345	331425
567	9	331425	331545
568	9	331545	332625
569	9	332625	332745
570	9	332745	333825
571	9	334760	335025
572	9	335025	335245
573	9	335245	336225
574	9	336225	336345
575	9	336345	337261
576	9	337261	337425
577	9	337425	337545
578	9	337545	338625
579	9	338625	338745
580	9	338745	339825
581	9	339825	339945
582	9	339945	341025
583	9	341025	341145
584	9	341145	341590
585	41	344427	345425
586	41	345425	345545
587	41	345545	346134
588	41	346134	346625
589	41	346625	346945
590	41	346945	347825
591	41	347825	347945
592	41	347945	348547
593	41	348547	349025
594	41	349025	349145
595	41	349145	350225
596	41	350225	350345
597	41	350345	351425
598	41	351425	351545
599	41	351545	352625
600	41	352625	352745
601	41	352745	353825
602	41	353825	353945
603	41	353945	355025
604	41	355025	355145
605	41	355145	356225
606	41	356225	356345
607	41	356345	357425
608	41	357425	357645
609	41	357645	358625
610	41	358625	358745
611	41	358745	359825
612	41	359825	359945
613	41	359945	361025
614	41	361025	361145
615	41	361145	362225
616	41	362225	362345
617	5	362525	362645
618	5	362645	362935
619	5	362935	363725
620	5	363725	363845
621	5	363845	364925
622	5	364925	365045
623	5	365045	366125
624	5	366125	366245
625	5	366245	367325
626	5	367325	367545
627	27	367875	368095
628	27	368095	369075
629	27	369075	369195
630	27	369195	370275
631	27	370275	370395
632	41	370625	370745
633	41	370745	371825
634	41	371825	371945
635	41	371945	373025
636	41	373145	374225
637	41	374225	374345
638	1	374645	375345
639	1	375345	375625
640	1	375625	375745
641	1	375745	376825
642	1	376825	376945
643	1	376945	378025
644	1	378025	378245
645	1	378245	379225
646	1	379225	379345
647	1	379345	380425
648	1	380425	380545
649	1	380545	381625
650	1	381625	381745
651	1	381745	382825
652	1	382825	382945
653	1	382945	384025
654	1	384025	384145
655	1	384145	385225
656	1	385225	385345
657	1	385345	386425
658	1	386425	386545
659	1	386545	387625
660	1	387625	387745
661	1	387745	388825
662	1	388825	389045
663	1	389045	390025
664	1	390025	390145
665	1	390145	391225
666	15	391575	391695
667	27	391875	391995
668	27	391995	393075
669	27	393075	393195
670	27	393195	393470
671	27	393470	394275
672	27	394275	394395
673	27	394395	395475
674	27	395475	395595
675	27	395595	395641
676	27	395641	396675
677	27	396675	396795
678	27	396795	397875
679	27	397875	397995
680	27	397995	399075
681	27	399075	399195
682	33	399225	399345
683	33	399345	400425
684	25	400445	401425
685	25	401425	401545
686	25	401545	402032
687	25	402032	402625
688	25	402625	402745
689	35	402875	402995
690	35	402995	403002
691	15	403575	403795
692	15	403795	404775
693	15	404775	404895
694	15	404895	405975
695	15	405975	406095
696	15	406095	407175
697	15	407175	407295
698	15	407295	408375
699	15	408375	408495
700	15	408495	409575
701	15	409575	409695
702	15	409695	410471
703	15	410471	410775
704	15	410775	410995
705	15	410995	411634
706	15	411634	411975
707	15	411975	412095
708	15	412095	413175
709	15	413175	413295
710	15	413295	414375
711	11	414395	415475
712	15	415575	415695
713	15	415695	416775
714	15	416775	416895
715	15	416895	417975
716	15	417975	418095
717	15	418095	419175
718	15	419175	419295
719	15	419295	420375
720	15	420375	420495
721	15	420495	421575
722	15	421575	421795
723	15	421795	422772
724	13	422845	423925
725	13	423925	424045
726	13	424045	425125
727	13	425125	425245
728	13	425245	425709
729	13	425709	426107
730	13	426107	426325
731	13	426325	426445
732	13	426445	427525
733	13	427525	427645
734	13	427645	428725
735	13	428725	428845
736	13	428845	429925
737	13	429925	430045
738	13	430045	430863
739	33	430908	431625
740	33	431625	431745
741	33	431745	432825
742	33	432825	433145
743	47	433175	433495
744	45	433829	434101
745	45	434101	434325
746	45	434325	434445
747	45	434445	435525
748	45	435525	435645
749	45	435645	436725
750	45	436725	436845
751	45	436845	437268
752	33	437268	437625
753	33	437625	437745
754	33	437745	438825
755	33	438825	438945
756	33	438945	440025
757	33	440025	440145
758	33	440145	441067
759	33	441067	441225
760	33	441225	441345
761	33	441345	442425
762	33	442425	442545
763	33	442545	443625
764	33	443625	443845
765	33	443845	444049
766	47	444195	445175
767	47	445175	445295
768	47	445295	446375
769	47	446375	446495
770	47	446495	447575
771	47	447695	448432
772	47	448432	448775
773	47	448775	448895
774	47	448895	449975
775	47	449975	450095
776	47	450095	450409
777	47	450409	451175
778	47	451175	451295
779	47	451295	452375
780	47	452375	452495
781	47	452495	453575
782	47	453575	453695
783	47	453695	454775
784	47	454775	454995
785	47	454995	455975
786	47	455975	456095
787	47	456095	456763
788	31	456775	456895
789	31	456895	457975
790	45	458156	458325
791	45	458325	458445
792	45	458445	459525
793	45	459525	459645
794	45	459645	460725
795	45	460725	460845
796	45	460845	461925
797	45	461925	462145
798	45	462145	463125
799	45	463125	463245
800	45	463245	464325
801	41	464345	465425
802	41	465425	465645
803	41	465645	466625
804	41	466625	466745
805	41	466745	467825
806	41	467825	467945
807	41	467945	469025
808	41	469025	469145
809	41	469145	470225
810	41	470225	470345
811	41	470345	471425
812	41	471425	471545
813	41	471545	472625
814	41	472625	472745
815	41	472745	473825
816	41	473825	473945
817	41	473945	475025
818	39	475095	476175
819	39	476175	476395
820	39	476395	477375
821	39	477495	478575
822	39	478575	478695
823	39	478695	479775
824	39	479775	479895
825	39	479895	480975
826	39	480975	481095
827	39	481095	482175
828	39	482175	482295
829	39	482295	483375
830	41	483425	483545
831	41	483545	484625
832	41	484625	484745
833	41	484745	485310
834	41	485310	485825
835	41	485825	485945
836	41	485945	487025
837	41	487025	487245
838	41	487245	488225
839	41	488225	488345
840	41	488345	489425
841	41	489425	489545
842	41	489545	490288
843	29	490325	490545
844	39	490575	490795
845	39	490795	491643
846	39	491643	491775
847	39	491775	491895
848	39	491895	492975
849	39	492975	493095
850	39	493095	494175
851	39	494175	494295
852	1	494425	494545
853	1	494545	495625
854	1	495625	495745
855	1	495745	496825
856	1	496825	497045
857	1	497045	498025
858	1	498025	498145
859	1	498145	499225
860	1	499225	499345
861	1	499345	500425
862	1	500425	500545
863	1	500545	501625
864	1	501625	501745
865	1	501745	502825
866	1	502825	502945
867	1	502945	504025
868	1	504025	504145
869	1	504145	505225
870	1	505225	505345
871	1	505345	506425
872	3	506475	506595
873	3	506595	507675
874	3	507675	507895
875	3	507895	508211
876	3	508211	508875
877	3	508875	508995
878	3	508995	510075
879	3	510075	510195
880	3	510195	511275
881	3	511275	511395
882	3	511395	512290
883	1	512425	512545
884	1	512545	513625
885	1	513625	513745
886	1	513745	514825
887	1	514825	514945
888	1	514945	515826
889	1	515826	516025
890	1	516025	516145
891	1	516145	517225
892	1	517225	517345
893	1	517345	518425
894	1	518425	518745
895	1	518745	519625
896	1	519625	519745
897	1	519745	519987
898	35	520475	520595
899	35	520595	521675
900	35	521675	521795
901	35	521795	522875
902	35	522875	522995
903	35	522995	524075
904	35	524075	524195
905	35	524195	525275
906	35	525275	525395
907	35	525395	526475
908	35	526475	526595
909	35	526595	527675
910	35	527675	527795
911	35	527795	528875
912	35	528875	528995
913	35	528995	530075
914	35	530075	530295
915	35	530295	531275
916	35	531275	531395
917	35	531395	532475
918	35	532475	532595
919	35	532595	533675
920	35	533675	533795
921	35	533795	534875
922	35	534875	534995
923	35	534995	536075
924	35	536075	536195
925	35	536195	537275
926	35	537275	537395
927	13	537532	537925
928	13	537925	538045
929	13	538045	539125
930	15	539175	539295
931	15	539295	540375
932	15	540375	540595
933	25	540625	540845
934	25	540845	541825
935	1	542425	542545
936	15	542775	542895
937	15	542895	543975
938	15	543975	544095
939	15	544095	545175
940	15	545295	546375
941	15	546375	546495
942	15	546495	547575
943	15	547575	547795
944	15	547795	548775
945	15	548775	548895
946	15	548895	549975
947	15	549975	550095
948	15	550095	551175
949	15	551175	551395
950	15	551395	552375
951	15	552375	552495
952	21	552525	552645
953	21	552645	553725
954	21	553725	553845
955	21	553845	553877
956	21	553877	554925
957	21	554925	555045
958	21	555045	555181
959	45	555525	555645
960	45	555645	556725
961	45	556725	556845
962	45	556845	557925
963	45	557925	558045
964	45	558045	559125
965	45	559125	559245
966	45	559245	560325
967	45	560325	560445
968	45	560445	561525
969	47	561575	561695
970	47	561695	562775
971	47	562775	562995
972	47	562995	563975
973	47	563975	564095
974	47	564095	565175
975	47	565175	565295
976	47	565295	565411
977	47	565411	566375
978	47	566375	566495
979	47	566495	567475
980	47	567575	567695
981	47	567695	568775
982	47	568775	568895
983	9	569025	569145
984	9	569145	570225
985	9	570225	570345
986	9	570345	571425
987	9	571425	571545
988	9	571545	572625
989	9	572625	572845
990	9	572845	573825
991	9	573825	573945
992	9	573945	575025
993	9	575025	575145
994	9	575145	576225
995	9	576225	576445
996	9	576445	577425
997	9	577425	577545
998	9	577545	578625
999	9	578625	578745
1000	9	578745	579528
1001	9	579528	579825
1002	9	579825	579945
1003	9	579945	580533
1004	9	580533	581025
1005	9	581025	581145
1006	9	581145	582225
1007	9	582225	582345
1008	9	582345	583425
1009	9	583425	583645
1010	9	583645	584625
1011	9	584625	584745
1012	9	584745	585825
1013	9	585825	585945
1014	9	585945	587025
1015	9	587025	587145
1016	9	587145	588225
1017	9	588225	588345
1018	9	588345	589425
1019	9	589425	589545
1020	9	589545	590193
1021	9	590193	590625
1022	9	590625	590745
1023	9	590745	591825
1024	9	591825	591945
1025	9	591945	593025
1026	9	593025	593145
1027	9	593145	593317
1028	5	596525	596645
1029	41	596867	597425
1030	41	597425	597545
1031	41	597545	598625
1032	41	598625	598745
1033	41	598745	599825
1034	41	599825	599945
1035	41	599945	601025
1036	41	601025	601145
1037	41	601145	602098
1038	41	602098	602225
1039	41	602225	602345
1040	41	602345	603077
1041	41	603077	603425
1042	41	603425	603545
1043	41	603545	604625
1044	41	604625	604745
1045	41	604745	605825
1046	41	605825	606145
1047	41	606145	607025
1048	41	607025	607145
1049	41	607145	608225
1050	41	608225	608345
1051	41	608345	609425
1052	41	609425	609545
1053	41	609545	610625
1054	41	610625	610745
1055	41	610745	611825
1056	41	611825	611945
1057	41	611945	613025
1058	41	613025	613145
1059	41	613145	614225
1060	41	614225	614345
1061	41	614345	615425
1062	41	615425	615545
1063	41	615545	616625
1064	41	616625	616845
1065	41	616845	617825
1066	41	617825	617945
1067	41	617945	618837
1068	41	618837	619025
1069	41	619025	619145
1070	41	619145	620225
1071	41	620225	620345
1072	41	620345	620967
1073	41	620967	621425
1074	41	621425	621545
1075	41	621545	622625
1076	41	622625	622745
1077	41	622745	623825
1078	41	623825	623945
1079	41	623945	625025
1080	41	625025	625145
1081	41	625145	625565
1082	39	626175	626295
1083	39	626295	627375
1084	39	627375	627595
1085	39	627595	628404
1086	39	628404	628575
1087	39	628575	628695
1088	39	628695	629775
1089	39	629775	629895
1090	39	629895	629925
1091	39	629925	630975
1092	39	630975	631095
1093	39	631095	632175
1094	39	632175	632295
1095	39	632295	633375
1096	39	633375	633495
1097	39	633495	634575
1098	39	634575	634795
1099	39	634795	635775
1100	39	635775	635895
1101	39	635895	636975
1102	39	636975	637095
1103	39	637095	638175
1104	39	638175	638395
1105	39	638395	639375
1106	39	639375	639495
1107	39	639495	640575
1108	39	640575	640695
1109	39	640695	641775
1110	39	641775	641895
1111	39	641895	642406
1112	39	642406	642975
1113	39	642975	643095
1114	39	643095	643369
1115	13	643382	643525
1116	13	643525	643645
1117	13	643645	644506
1118	13	644506	644725
1119	13	644725	644845
1120	13	644845	645925
1121	13	647125	647245
1122	13	647245	648325
1123	13	648325	648545
1124	47	652544	652775
1125	35	656075	656195
1126	35	656195	656311
1127	35	656311	657275
1128	35	657275	657395
1129	35	657395	658475
1130	13	672325	672445
1131	13	672445	672711
1132	13	672711	673525
1133	13	673525	673645
1134	13	673645	674725
1135	13	674725	674845
1136	13	674845	675925
1137	13	675925	676045
1138	13	676045	677125
1139	13	677125	677245
1140	13	677245	678325
1141	13	678325	678445
1142	13	678445	679147
1143	13	679147	679525
1144	13	679525	679645
1145	13	679645	680725
1146	13	680725	680945
1147	13	680945	681503
1148	13	681503	681925
1149	13	681925	682045
1150	13	682045	682947
1151	45	685962	686325
1152	45	686325	686445
1153	45	686445	687525
1154	45	687525	687645
1155	45	687645	688725
1156	45	688725	688845
1157	45	688845	689641
1158	33	689745	690825
1159	33	690825	690945
1160	33	690945	692025
1161	33	692025	692345
1162	33	692345	693225
1163	33	693225	693345
1164	33	693345	694425
1165	33	694425	694545
1166	33	694545	694892
1167	47	694895	695975
1168	47	695975	696095
1169	47	696095	697175
1170	47	697175	697295
1171	47	697295	698375
1172	47	698375	698495
1173	47	698495	698681
1174	47	698681	699575
1175	47	699575	699695
1176	47	699695	700775
1177	47	700775	700895
1178	47	700895	701638
1179	47	701638	701975
1180	47	701975	702095
1181	47	702095	703175
1182	47	703175	703395
1183	47	703395	704375
1184	47	704375	704495
1185	47	704495	704525
1186	31	705295	706375
1187	31	706375	706495
1188	31	706495	707575
1189	45	707925	708045
1190	45	708045	708783
1191	45	708783	709125
1192	45	709125	709245
1193	45	709245	710325
1194	45	710325	710445
1195	45	710445	710634
1196	45	710634	711525
1197	45	711525	711645
1198	45	711645	712725
1199	45	712725	712845
1200	45	712845	713925
1201	45	713925	714145
1202	45	714145	715125
1203	45	715125	715245
1204	45	715245	716325
1205	45	716325	716445
1206	45	716445	717525
1207	45	717525	717645
1208	5	717725	717845
1209	5	717845	718614
1210	5	718614	718925
1211	5	718925	719045
1212	5	719045	720125
1213	5	720125	720345
1214	5	720345	721325
1215	5	721325	721445
1216	5	721445	722525
1217	5	722525	722645
1218	5	722645	723725
1219	5	723725	723945
1220	5	723945	724925
1221	5	724925	725045
1222	5	725045	726125
1223	5	726125	726245
1224	5	726245	727325
1225	5	727325	727445
1226	5	727445	728525
1227	5	728525	728645
1228	5	728645	729725
1229	5	729725	729845
1230	5	729845	730925
1231	5	730925	731045
1232	5	731045	732125
1233	5	732125	732245
1234	5	732245	733325
1235	5	733325	733445
1236	5	733445	734525
1237	5	734525	734745
1238	5	734745	735725
1239	5	735725	735845
1240	5	735845	736925
1241	5	736925	737045
1242	5	737045	738125
1243	5	738125	738245
1244	5	738245	738745
1245	5	738745	739325
1246	5	739325	739445
1247	5	739445	740511
1248	5	740511	740525
1249	5	740525	740645
1250	5	740645	741725
1251	5	741725	741845
1252	5	741845	742925
1253	5	742925	743045
1254	5	743045	744125
1255	5	744125	744245
1256	5	744245	745325
1257	5	745325	745545
1258	29	745925	746145
1259	29	746145	746937
1260	29	746937	747125
1261	29	747125	747245
1262	29	747245	748325
1263	29	748325	748445
1264	29	748445	749525
1265	29	749525	749745
1266	29	749745	750725
1267	29	750725	750845
1268	29	750845	751925
1269	29	751925	752045
1270	29	752045	753125
1271	29	753125	753245
1272	29	753245	754325
1273	29	754325	754445
1274	29	754445	755525
1275	29	755525	755645
1276	29	755645	756725
1277	29	756725	756945
1278	29	756945	757925
1279	29	757925	758045
1280	29	758045	759105
1281	29	759105	759125
1282	29	759125	759245
1283	29	759245	760325
1284	29	760325	760445
1285	29	760445	761525
1286	29	761525	761645
1287	29	761645	762725
1288	29	762725	762845
1289	29	762845	763925
1290	29	763925	764045
1291	37	764125	764245
1292	37	764245	765325
1293	37	765325	765445
1294	37	765445	766525
1295	37	766525	766645
1296	37	766645	767501
1297	37	767501	767725
1298	37	767725	767945
1299	37	767945	768925
1300	37	768925	769045
1301	37	769045	770125
1302	37	770125	770245
1303	1	770425	770545
1304	1	770545	771625
1305	1	771625	771745
1306	23	772175	772295
1307	25	772345	773425
1308	25	773425	773545
1309	25	773545	774625
1310	25	774625	774745
1311	25	774745	775825
1312	25	775825	775945
1313	25	775945	777025
1314	25	777025	777145
1315	25	777145	778225
1316	25	778225	778545
1317	25	778545	779425
1318	25	779425	779545
1319	25	779545	779632
1320	25	779632	780625
1321	25	780625	780745
1322	25	780745	781825
1323	27	781875	781995
1324	27	781995	782442
1325	21	782551	782777
1326	21	782777	782925
1327	21	782925	783045
1328	35	783275	783395
1329	35	783395	784475
1330	35	784475	784595
1331	35	784595	785675
1332	35	785675	785795
1333	35	785795	786875
1334	35	786875	786995
1335	35	786995	788075
1336	35	788075	788195
1337	35	788195	789188
1338	35	789188	789275
1339	35	789275	789495
1340	35	789495	790475
1341	35	790475	790595
1342	35	790595	791509
1343	35	791509	791675
1344	35	791675	791795
1345	35	791795	792875
1346	35	792875	792995
1347	35	792995	794075
1348	35	794075	794195
1349	35	794195	795149
1350	11	797384	798275
1351	11	798275	798395
1352	11	798395	799475
1353	11	799475	799695
1354	11	799695	800675
1355	11	800675	800795
1356	11	800795	801875
1357	11	801875	801995
1358	11	801995	802712
1359	11	802712	803075
1360	11	803075	803195
1361	11	803195	804099
1362	11	804099	804275
1363	11	804275	804395
1364	21	804525	804645
1365	9	804967	805425
1366	9	805425	805545
1367	9	805545	806146
1368	9	806146	806625
1369	9	806625	806845
1370	9	806845	807825
1371	9	807825	807945
1372	9	807945	808881
1373	9	808881	809025
1374	9	809025	809145
1375	9	809145	810225
1376	9	810225	810445
1377	9	810445	811425
1378	9	811425	811545
1379	9	811545	812625
1380	9	812625	812745
1381	9	812745	813825
1382	9	813825	813945
1383	9	813945	815025
1384	9	815025	815145
1385	9	815145	816225
1386	9	816225	816345
1387	9	816345	817425
1388	9	817425	817545
1389	11	817595	818675
1390	11	818675	818795
1391	11	818795	819196
1392	11	819196	819875
1393	11	819875	819995
1394	11	819995	821075
1395	11	821075	821295
1396	11	821295	821377
1397	11	821377	822275
1398	11	822275	822395
1399	11	822395	823475
1400	11	823475	823595
1401	11	823595	824675
1402	11	824675	824795
1403	11	824795	825626
1404	45	826308	826725
1405	45	826725	826845
1406	45	826845	827296
1407	45	827296	827925
1408	45	827925	828045
1409	45	828045	829125
1410	45	829125	829245
1411	45	829245	830325
1412	45	830325	830445
1413	45	830445	831525
1414	45	831525	831645
1415	45	831645	831905
1416	5	831945	832925
1417	31	834895	835494
1418	31	835494	835975
1419	31	835975	836195
1420	31	836195	837175
1421	31	837175	837295
1422	31	837295	838375
1423	31	838375	838495
1424	31	838495	839575
1425	31	839575	839695
1426	31	839695	840775
1427	31	840775	840895
1428	31	840895	841975
1429	31	841975	842095
1430	31	842095	843175
1431	31	843175	843395
1432	31	843395	844375
1433	31	844375	844495
1434	31	844495	845575
1435	31	845575	845695
1436	31	845695	846775
1437	31	846775	846895
1438	31	846895	847975
1439	31	847975	848095
1440	31	848095	849175
1441	31	849175	849295
1442	31	849295	850375
1443	31	850375	850495
1444	31	850495	851575
1445	31	851575	851695
1446	31	851695	852775
1447	31	852775	852895
1448	31	852895	853975
1449	31	853975	854195
1450	31	854195	855175
1451	31	855175	855295
1452	31	855295	856375
1453	31	856375	856495
1454	31	856495	857575
1455	31	857575	857695
1456	31	857695	858775
1457	31	858775	858895
1458	31	858895	859975
1459	31	859975	860095
1460	31	860095	860325
1461	31	860325	861175
1462	31	861175	861295
1463	31	861295	862375
1464	31	862375	862495
1465	31	862495	863575
1466	31	863575	863695
1467	1	864025	864345
1468	1	864345	865225
1469	1	865225	865345
1470	41	865345	866225
1471	41	866225	866345
1472	41	866345	867425
1473	41	867425	867545
1474	41	867545	867999
1475	41	867999	868625
1476	41	868625	868745
1477	41	868745	869825
1478	41	869825	869945
1479	41	869945	871025
1480	41	871025	871145
1481	41	871145	871836
1482	31	871975	872095
1483	31	872095	872658
1484	31	872658	873175
1485	31	873175	873295
1486	31	873295	873890
1487	29	874325	874445
1488	29	874445	875525
1489	29	875525	875745
1490	29	875745	876725
1491	29	876725	876845
1492	29	876845	877925
1493	29	877925	878045
1494	29	878045	878119
1495	29	878119	879125
1496	29	879125	879245
1497	29	879245	879747
1498	3	879795	880875
1499	3	880875	880995
1500	3	880995	882075
1501	3	882075	882195
1502	3	882195	883275
1503	3	883275	883395
1504	3	883395	884475
1505	3	884475	884595
1506	27	885075	885195
1507	27	885195	886275
1508	27	886275	886495
1509	27	886495	886528
1510	27	886528	886616
1511	27	886616	887475
1512	27	887475	887595
1513	27	887595	888675
1514	27	888675	888795
1515	27	888795	889875
1516	27	889875	889995
1517	37	890125	890245
1518	37	890245	890336
1519	37	890336	891325
1520	37	891325	891445
1521	37	891445	892525
1522	37	892525	892645
1523	25	892918	893425
1524	25	893425	893645
1525	37	893725	893945
1526	37	893945	894925
1527	37	894925	895045
1528	37	895045	896125
1529	37	896125	896245
1530	37	896245	897325
1531	37	897325	897545
1532	37	897545	898525
1533	37	898525	898645
1534	37	898645	899725
1535	37	899725	899845
1536	37	899845	900925
1537	37	900925	901045
1538	37	901045	902125
1539	37	902125	902245
1540	37	902245	902318
1541	37	902318	903325
1542	37	903325	903445
1543	37	903445	904064
1544	15	904095	905175
1545	15	905175	905295
1546	15	905295	906375
1547	15	906375	906495
1548	15	906495	907200
-----------------
Site : Reunion
-----------------
Site : Reunion
Anntenna : 0 nbContacts : 1597
	Sat 	StartTime 	EndTime 
0	13	0	325
1	13	325	645
2	13	645	1525
3	13	1525	1645
4	13	1645	2725
5	13	2725	2845
6	23	2975	3095
7	23	3095	4175
8	23	4175	4295
9	23	4295	5006
10	23	5006	5375
11	23	5375	5495
12	23	5495	6575
13	23	6575	6695
14	23	6695	7775
15	23	7775	7895
16	23	7895	8975
17	23	8975	9095
18	23	9095	10175
19	23	10175	10295
20	23	10295	11375
21	23	11375	11595
22	23	11595	12575
23	23	12575	12695
24	23	12695	13775
25	23	13775	13895
26	23	13895	14084
27	45	14325	14445
28	45	14445	15525
29	45	15525	15645
30	45	15645	15733
31	13	15925	16045
32	13	16045	17125
33	13	17125	17245
34	13	17245	18325
35	13	18325	18445
36	13	18445	18862
37	13	18862	19075
38	11	19475	19595
39	11	19595	20675
40	11	20675	20795
41	11	20795	21875
42	11	21875	22095
43	11	22095	23075
44	11	23075	23195
45	11	23195	24253
46	11	24253	24275
47	11	24275	24395
48	11	24395	25475
49	11	25475	25595
50	11	25595	26675
51	11	26675	26795
52	11	26795	27875
53	11	27875	27995
54	11	27995	28879
55	45	29156	29925
56	45	29925	30145
57	45	30145	31125
58	45	31125	31245
59	45	31245	32325
60	45	32325	32445
61	45	32445	33525
62	45	33525	33745
63	45	33745	34679
64	45	34679	34725
65	45	34725	34845
66	45	34845	35925
67	45	35925	36045
68	45	36045	37125
69	45	37125	37245
70	45	37245	38325
71	45	38325	38445
72	45	38445	39525
73	45	39525	39645
74	45	39645	40725
75	45	40725	40845
76	47	40895	41517
77	47	41517	41844
78	45	41925	42045
79	45	42045	43125
80	45	43125	43245
81	45	43245	44325
82	45	44325	44545
83	45	44545	44569
84	45	44569	45525
85	45	45525	45645
86	45	45645	46725
87	45	46725	46845
88	45	46845	47925
89	45	47925	48045
90	45	48045	49125
91	45	49125	49245
92	45	49245	50325
93	45	50325	50445
94	45	50445	51079
95	45	51079	51407
96	41	51425	51545
97	41	51545	52625
98	41	52625	52745
99	41	52745	53825
100	41	53825	53945
101	41	53945	55025
102	41	55025	55245
103	41	55245	56225
104	41	56225	56345
105	41	56345	57425
106	41	57425	57545
107	41	57545	58625
108	41	58625	58845
109	41	58845	59825
110	41	59825	59945
111	41	59945	61025
112	41	61025	61145
113	41	61145	62225
114	41	62225	62345
115	41	62345	63425
116	41	63425	63545
117	41	63545	64625
118	41	64625	64745
119	41	64745	64767
120	3	64875	65095
121	3	65095	66075
122	3	66075	66195
123	3	66195	67275
124	3	67275	67395
125	3	67395	68475
126	3	68475	68595
127	3	68595	69675
128	3	69675	69795
129	3	69795	70875
130	3	70995	71395
131	3	71395	72075
132	3	72075	72195
133	37	72426	72925
134	37	72925	73045
135	37	73045	74125
136	37	74125	74245
137	37	74245	75325
138	37	75325	75445
139	37	75445	76525
140	37	76525	76745
141	37	76745	77725
142	37	77725	77845
143	37	77845	78925
144	37	78925	79045
145	37	79045	80125
146	37	80125	80245
147	37	80245	81325
148	37	81325	81445
149	1	81625	81745
150	37	82525	82645
151	1	82825	82945
152	37	83725	83845
153	37	83845	84925
154	37	84925	85045
155	37	85045	86125
156	37	86125	86245
157	37	86245	87325
158	37	87325	87645
159	37	87645	88525
160	37	88525	88645
161	37	88645	88810
162	1	88825	88945
163	1	88945	90025
164	1	90025	90145
165	1	90145	91225
166	1	91225	91345
167	1	91345	92425
168	1	92425	92545
169	15	92775	92895
170	15	92895	92955
171	15	92955	93975
172	15	93975	94095
173	15	94095	95175
174	15	95175	95295
175	15	95295	96375
176	15	96375	96495
177	15	96495	97575
178	15	97575	97795
179	15	97795	98775
180	15	98775	98895
181	15	98895	99975
182	15	99975	100095
183	15	100095	101175
184	15	101175	101295
185	15	101295	102375
186	15	102375	102495
187	15	102495	103575
188	15	103575	103695
189	15	103695	104775
190	15	104775	104895
191	15	104895	105975
192	15	105975	106095
193	15	107175	107295
194	15	108375	108595
195	15	108595	109575
196	15	109575	109695
197	15	110775	110895
198	15	110895	111975
199	15	111975	112095
200	15	112095	112608
201	15	112608	113175
202	15	113175	113295
203	23	113375	113495
204	23	113495	114575
205	23	114575	114695
206	23	114695	115775
207	23	115775	115995
208	23	115995	116975
209	23	116975	117095
210	23	117095	118175
211	23	118175	118295
212	23	118295	119375
213	23	119375	119595
214	33	119625	119845
215	33	119845	120825
216	33	120825	120945
217	33	120945	122025
218	33	122025	122145
219	33	122145	123225
220	33	123225	123345
221	33	123345	123705
222	33	123705	124425
223	33	124425	124545
224	33	124545	125625
225	33	125625	125745
226	47	125975	126095
227	47	126095	127175
228	47	127175	127295
229	47	127295	128375
230	47	128375	128495
231	47	128495	129575
232	47	129575	129695
233	47	129695	130675
234	47	130675	130775
235	47	130775	130995
236	47	130995	131975
237	47	131975	132095
238	47	132095	133175
239	47	133175	133295
240	47	133295	134375
241	47	134375	134495
242	47	134495	135575
243	47	135575	135695
244	47	135695	136775
245	47	136775	136895
246	47	136895	137975
247	47	137975	138095
248	47	138095	139175
249	47	139175	139295
250	47	139295	140375
251	47	140375	140495
252	47	140495	141575
253	47	141575	141795
254	47	141795	142775
255	47	142775	142895
256	47	142895	143975
257	47	143975	144095
258	47	144095	144916
259	47	144916	145175
260	47	145175	145395
261	47	145395	146375
262	47	146375	146495
263	47	146495	147575
264	43	147595	148675
265	43	148675	148795
266	43	148795	149875
267	43	149875	149995
268	43	149995	151075
269	43	151075	151195
270	43	151195	152275
271	43	152275	152495
272	43	152495	153085
273	43	153085	153475
274	43	153475	153595
275	43	153595	154675
276	43	154675	154795
277	43	154795	155875
278	43	155875	155995
279	9	156225	156345
280	9	156345	157425
281	9	157425	157545
282	9	157545	158625
283	9	158625	158745
284	9	158745	159825
285	9	159825	159945
286	9	159945	161025
287	9	161025	161145
288	9	161145	162225
289	9	162225	162445
290	9	162445	163425
291	9	163425	163545
292	9	163545	164625
293	9	164625	164745
294	9	164745	165310
295	45	165525	165645
296	45	165645	166054
297	45	166054	166725
298	45	166725	166845
299	9	167025	167145
300	9	167145	168225
301	9	168225	168345
302	9	168345	169425
303	9	169425	169545
304	9	169545	170625
305	9	170625	170745
306	9	170745	171825
307	9	171825	171945
308	39	171990	172575
309	39	172575	172695
310	39	172695	173775
311	39	173775	174095
312	39	174095	174975
313	39	174975	175095
314	39	175095	176175
315	39	176175	176295
316	39	176295	177375
317	39	177375	177495
318	39	177495	178179
319	39	178179	178575
320	31	181975	182095
321	31	182095	183044
322	31	183044	183175
323	31	183175	183295
324	31	184375	184595
325	31	184595	185575
326	31	185575	185695
327	31	185695	186775
328	31	186775	186895
329	31	186895	187975
330	31	187975	188095
331	31	188095	189175
332	31	189175	189295
333	31	189295	190375
334	31	190375	190495
335	31	190495	191575
336	31	191575	191695
337	31	191695	192775
338	31	192775	192895
339	31	192895	193975
340	31	193975	194095
341	31	194095	195175
342	31	195175	195395
343	3	195675	195795
344	3	195795	196875
345	3	196875	196995
346	3	196995	198075
347	3	198075	198195
348	3	198195	199275
349	3	199275	199395
350	3	199395	200475
351	3	200475	200595
352	3	200595	201003
353	3	201003	201675
354	3	201675	201895
355	3	201895	202875
356	3	202875	202995
357	15	203175	203295
358	15	203295	204375
359	15	204495	205575
360	15	205575	205795
361	15	205795	206775
362	15	206775	206895
363	15	206895	207975
364	15	207975	208095
365	15	208095	209175
366	15	209175	209295
367	15	209295	210375
368	15	210375	210495
369	27	210675	210795
370	27	210795	211875
371	27	211875	211995
372	27	211995	213075
373	27	213075	213195
374	39	213375	213495
375	39	213495	214157
376	27	214275	214395
377	27	214395	215475
378	27	215475	215595
379	27	215595	216675
380	27	216675	216895
381	27	216895	217875
382	27	217875	217995
383	27	217995	219075
384	27	219075	219195
385	27	219195	220275
386	27	220275	220395
387	27	220395	221475
388	27	221475	221595
389	27	221595	222675
390	27	222675	222795
391	35	222875	222995
392	27	223875	223995
393	27	223995	224956
394	25	225025	225145
395	25	225145	226225
396	25	226225	226345
397	25	226345	227425
398	25	227425	227645
399	25	227645	228625
400	25	228625	228745
401	35	228875	228995
402	35	228995	230075
403	35	230075	230195
404	35	230195	231275
405	35	231275	231495
406	35	231495	232475
407	35	232475	232595
408	15	233175	233295
409	15	233295	234375
410	15	234375	234495
411	15	234495	235214
412	15	235214	235575
413	15	235575	235695
414	21	235725	235845
415	21	235845	236925
416	21	236925	237045
417	21	237045	238125
418	13	238145	239125
419	13	239125	239245
420	13	239245	240325
421	13	240325	240445
422	13	240445	241525
423	13	241525	241645
424	13	241645	242325
425	13	242325	242725
426	13	242725	242845
427	21	242925	243045
428	11	243240	243875
429	11	243875	243995
430	11	243995	245075
431	11	245075	245195
432	11	245195	246275
433	11	246275	246395
434	11	246395	247475
435	11	247475	247595
436	11	247595	248675
437	11	248675	248895
438	11	248895	249100
439	11	249100	249875
440	11	249875	249995
441	11	249995	251075
442	11	251075	251195
443	11	251195	252275
444	11	252275	252395
445	33	252825	252945
446	11	253475	253595
447	33	254025	254145
448	33	254145	254385
449	33	254385	255225
450	33	255225	255345
451	33	255345	256425
452	33	256425	256545
453	23	256559	257375
454	23	257375	257495
455	23	257495	257659
456	23	257659	258575
457	23	258575	258695
458	23	258695	258842
459	47	259175	259295
460	47	259295	259972
461	47	259972	260375
462	47	260375	260695
463	47	260695	261575
464	47	261575	261695
465	47	261695	262775
466	47	262775	262895
467	47	262895	263975
468	47	263975	264095
469	47	264095	265175
470	47	265175	265295
471	9	265425	265545
472	9	265545	266625
473	9	266625	266745
474	9	266745	267825
475	9	267825	267945
476	9	267945	269025
477	9	269025	269145
478	9	269145	270225
479	9	270225	270445
480	9	270445	271425
481	9	271425	271545
482	9	271545	272625
483	9	272625	272745
484	9	272745	273825
485	9	273825	273945
486	9	273945	275025
487	9	275025	275145
488	9	275145	276225
489	9	276225	276345
490	9	276345	277425
491	9	277425	277545
492	9	277545	278625
493	9	278625	278745
494	9	278745	279825
495	9	279825	279945
496	9	279945	281025
497	9	281025	281245
498	9	281245	282225
499	9	282225	282345
500	9	282345	283425
501	9	283425	283545
502	9	283545	283824
503	9	283824	284625
504	9	284625	284745
505	9	284745	285825
506	9	285825	285945
507	9	285945	287025
508	9	287025	287145
509	9	287145	288225
510	9	288225	288445
511	9	288445	288999
512	45	289125	289345
513	45	289345	289591
514	45	289591	290325
515	3	290389	290475
516	3	290475	290595
517	3	290595	291675
518	3	291675	291895
519	3	291895	292875
520	3	292875	292995
521	3	292995	294075
522	3	294075	294195
523	3	294195	295275
524	3	295275	295395
525	3	295395	296475
526	3	296475	296595
527	3	296595	297675
528	3	297675	297795
529	3	297795	298875
530	3	298875	298995
531	3	298995	300075
532	3	300075	300195
533	3	300195	301275
534	3	301275	301395
535	3	301395	301846
536	3	301846	302475
537	3	302475	302695
538	29	302786	303125
539	29	303125	303345
540	29	303345	304325
541	29	304325	304445
542	29	304445	305525
543	29	305525	305645
544	29	305645	306725
545	29	306725	306845
546	29	306845	307925
547	29	307925	308045
548	29	308045	309125
549	29	309125	309245
550	29	309245	310325
551	29	310325	310445
552	29	310445	311525
553	29	311525	311645
554	29	311645	312725
555	29	312725	312845
556	39	312975	313095
557	29	313925	314145
558	29	314145	315125
559	29	315125	315245
560	29	315245	316325
561	29	316325	316445
562	29	316445	317525
563	29	317525	317745
564	29	317745	318725
565	29	318725	318845
566	29	318845	318970
567	29	318970	319925
568	29	319925	320045
569	39	320175	320295
570	39	320295	321375
571	39	321375	321495
572	39	321495	322575
573	39	322575	322695
574	3	322875	322995
575	3	322995	324075
576	3	324075	324295
577	3	324295	325275
578	3	325275	325395
579	3	325395	326475
580	3	326475	326595
581	3	326595	327675
582	3	327675	327795
583	3	327795	328875
584	3	328875	328995
585	3	328995	330075
586	3	330075	330195
587	3	330195	331275
588	3	331275	331395
589	3	331395	332475
590	3	332475	332595
591	3	332595	333675
592	3	333675	333795
593	3	333795	334875
594	3	334875	335095
595	3	335095	335547
596	39	335775	335995
597	39	335995	336975
598	39	336975	337095
599	39	337095	337295
600	39	337295	338175
601	39	338175	338295
602	1	338425	338545
603	1	338545	339625
604	1	339625	339745
605	1	339745	340825
606	1	340825	340945
607	1	340945	342025
608	1	342025	342145
609	15	342375	342495
610	15	342495	343575
611	15	343575	343695
612	15	343695	344775
613	15	344775	344895
614	27	345075	345195
615	27	345195	346275
616	27	346275	346595
617	27	346595	346731
618	27	346731	347475
619	27	347475	347595
620	27	347595	348675
621	27	348675	348795
622	33	348825	348945
623	33	348945	350025
624	33	350025	350145
625	33	350145	351225
626	33	351225	351345
627	33	351345	352425
628	33	352425	352545
629	33	352545	353625
630	33	353625	353745
631	33	353745	354478
632	33	354478	354551
633	33	354551	354825
634	33	354825	354945
635	33	354945	356025
636	33	356025	356145
637	47	356375	356495
638	47	356495	357575
639	47	357575	357795
640	47	357795	358775
641	47	358775	358895
642	47	358895	359574
643	27	359595	360675
644	27	360675	360795
645	15	360912	361575
646	15	361575	361695
647	15	361695	362775
648	15	362775	362895
649	21	362912	362925
650	23	362975	363095
651	15	363975	364095
652	23	364175	364295
653	15	365175	365295
654	23	365375	365495
655	23	365495	366575
656	23	366575	366695
657	23	366695	367775
658	23	367775	367995
659	23	367995	368975
660	23	368975	369095
661	23	369095	370175
662	23	370175	370295
663	23	370295	371375
664	23	371375	371495
665	23	371495	372575
666	23	372575	372695
667	23	372695	373775
668	23	373775	373895
669	23	373895	374975
670	23	374975	375195
671	23	375195	375317
672	33	375445	376411
673	33	376411	376425
674	33	376425	376545
675	33	376545	377625
676	33	377625	377745
677	33	377745	378825
678	33	378825	379045
679	33	379045	380025
680	33	380025	380145
681	47	380375	380495
682	47	380495	381575
683	47	381575	381695
684	47	381695	382775
685	47	382775	382895
686	47	382895	383598
687	47	383598	383975
688	47	383975	384095
689	45	384156	385125
690	45	385125	385245
691	45	385245	386325
692	45	386325	386445
693	45	386445	387525
694	45	387525	387645
695	9	387825	387945
696	9	387945	388837
697	45	388845	389925
698	45	389925	390145
699	45	390145	390499
700	45	390499	391125
701	45	391125	391245
702	45	391245	392325
703	45	392325	392445
704	45	392445	393525
705	45	393525	393645
706	45	393645	394725
707	45	394725	394845
708	45	394845	395925
709	45	395925	396045
710	45	396045	397125
711	45	397125	397245
712	45	397245	398325
713	45	398325	398445
714	45	398445	399525
715	45	399525	399645
716	45	399645	400725
717	45	400725	400945
718	45	400945	401925
719	45	401925	402045
720	45	402045	403125
721	45	403125	403245
722	45	403245	404325
723	45	404325	404545
724	45	404545	405298
725	45	405298	405525
726	45	405525	405645
727	45	405645	406725
728	45	406725	406845
729	45	406845	407925
730	45	407925	408045
731	45	408045	409125
732	45	409125	409245
733	45	409245	410325
734	41	410345	411425
735	41	411425	411645
736	41	411645	412625
737	41	412625	412745
738	41	412745	413440
739	41	413440	413825
740	41	413825	413945
741	41	413945	415025
742	41	415025	415145
743	41	415145	416225
744	41	416225	416345
745	41	416345	417425
746	41	417425	417545
747	41	417545	418625
748	41	418625	418745
749	41	418745	419825
750	41	419825	419945
751	41	419945	421025
752	41	421025	421145
753	41	421145	422225
754	41	422225	422445
755	41	422445	423425
756	41	423425	423545
757	41	423545	424625
758	41	424625	424745
759	41	424745	425825
760	41	425825	425945
761	41	425945	427025
762	41	427025	427145
763	41	427145	428225
764	41	428225	428345
765	41	428345	429425
766	41	429425	429545
767	41	429545	430625
768	41	430625	430745
769	41	430745	431149
770	41	431149	431825
771	41	431825	431945
772	41	431945	433025
773	41	433025	433345
774	41	433345	434225
775	41	434225	434345
776	3	434475	434595
777	3	434595	435675
778	3	435675	435795
779	3	435795	436875
780	3	436875	436995
781	3	436995	438075
782	3	438075	438195
783	3	438195	439275
784	3	439275	439395
785	3	439395	440475
786	3	440475	440595
787	29	441125	441245
788	29	441245	442325
789	29	442325	442445
790	29	442445	442922
791	29	442922	443525
792	29	443525	443745
793	29	443745	444725
794	29	444725	444845
795	29	444845	445925
796	29	445925	446045
797	29	446045	447125
798	29	447125	447245
799	29	447245	448325
800	29	448325	448445
801	29	448445	449525
802	29	449525	449645
803	29	449645	450725
804	29	450725	450845
805	29	450845	451925
806	29	451925	452045
807	29	452045	453125
808	29	453125	453245
809	29	453245	454325
810	29	454325	454545
811	29	454545	455525
812	29	455525	455645
813	29	455645	455787
814	1	456025	456145
815	1	456145	457225
816	1	457225	457345
817	1	457345	458425
818	1	458425	458545
819	1	458545	459625
820	1	459625	459745
821	1	459745	460616
822	1	460616	460825
823	1	460825	461045
824	1	461045	462025
825	1	462025	462145
826	13	462325	462445
827	13	462445	463525
828	13	463525	463645
829	13	463645	464725
830	13	464725	464945
831	27	465075	465295
832	27	465295	465427
833	27	465427	466275
834	27	466275	466395
835	27	466395	467475
836	27	467475	467595
837	37	467725	467845
838	37	467845	468925
839	37	468925	469045
840	37	469045	470125
841	37	470125	470245
842	37	470245	471325
843	37	471325	471445
844	37	471445	472525
845	37	472525	472645
846	37	472645	473725
847	37	473725	473845
848	37	473845	474925
849	37	474925	475045
850	37	475045	475333
851	25	475825	476045
852	25	476045	477025
853	25	477025	477145
854	25	477145	478225
855	25	478225	478345
856	33	478425	478545
857	33	478545	479309
858	33	479309	479625
859	33	479625	479745
860	33	479745	480825
861	33	480825	480945
862	33	480945	482025
863	33	482025	482145
864	21	482210	482925
865	21	482925	483045
866	21	483045	484125
867	21	484125	484245
868	21	484245	485325
869	21	485325	485445
870	21	485445	486525
871	21	486525	486745
872	21	486745	487725
873	21	487725	487845
874	21	487845	488925
875	21	488925	489045
876	21	489045	490125
877	21	490125	490345
878	21	490345	491325
879	21	491325	491445
880	21	491445	492525
881	21	492525	492645
882	21	492645	493725
883	21	493725	493845
884	21	493845	494925
885	21	494925	495045
886	21	495045	496084
887	21	496084	496125
888	21	496125	496245
889	21	496245	497325
890	21	497325	497545
891	21	497545	498525
892	21	498525	498645
893	21	498645	499725
894	21	499725	499845
895	33	500025	500145
896	33	500145	501225
897	33	501225	501345
898	45	501645	502725
899	45	502725	502845
900	45	502845	503206
901	45	503206	503925
902	45	503925	504045
903	45	504045	505125
904	45	505125	505245
905	45	505245	506325
906	45	506325	506445
907	45	506445	507525
908	45	507525	507645
909	45	507645	508725
910	45	508725	508945
911	45	508945	509925
912	45	509925	510045
913	45	510045	511125
914	45	511125	511245
915	45	511245	512325
916	45	512325	512445
917	45	512445	513525
918	45	513525	513645
919	9	513825	513945
920	45	514725	514845
921	45	514845	515925
922	45	515925	516045
923	45	516045	517125
924	45	517125	517245
925	45	517245	518325
926	45	518325	518445
927	9	518625	518945
928	9	518945	519825
929	9	519825	519945
930	9	519945	521025
931	9	521025	521145
932	9	521145	522225
933	9	522225	522345
934	21	522525	522645
935	21	522645	523725
936	21	523725	523845
937	21	523845	524925
938	21	524925	525045
939	21	525045	526125
940	21	526125	526245
941	21	526245	527325
942	21	527325	527445
943	21	527445	528525
944	21	528525	528645
945	21	528645	529725
946	21	529725	529945
947	21	529945	530925
948	21	530925	531045
949	21	531045	532125
950	21	532125	532245
951	21	532245	532309
952	21	532309	532627
953	3	541096	541275
954	3	541275	541395
955	3	541395	542199
956	3	542199	542475
957	3	542475	542595
958	3	542595	543675
959	3	543675	543795
960	3	543795	544875
961	3	544875	544995
962	3	544995	546075
963	3	546075	546195
964	3	546195	547275
965	3	547275	547495
966	3	547495	548475
967	3	548475	548595
968	3	548595	549675
969	3	549675	549795
970	3	549795	550875
971	3	550875	551095
972	3	551095	552075
973	3	552075	552195
974	3	552195	553275
975	3	553275	553395
976	3	553395	554475
977	3	554475	554595
978	3	554595	555154
979	3	555154	555675
980	3	555675	555795
981	3	555795	556875
982	3	556875	556995
983	3	556995	558075
984	3	558075	558195
985	3	558195	559275
986	3	559275	559395
987	3	559395	560475
988	3	560475	560595
989	3	560595	560723
990	27	561195	562275
991	31	562375	562595
992	31	562595	563575
993	31	563575	563695
994	39	563775	563895
995	31	564775	564895
996	39	564975	565095
997	31	565975	566095
998	31	566095	567175
999	31	567175	567295
1000	31	567295	567430
1001	37	567445	568049
1002	37	568049	568525
1003	37	568525	568645
1004	37	568645	569725
1005	37	569725	569845
1006	37	569845	570925
1007	37	570925	571045
1008	25	571103	571825
1009	25	571825	571945
1010	25	571945	572396
1011	25	572396	573025
1012	25	573025	573245
1013	25	573245	574225
1014	25	574225	574345
1015	25	574345	575425
1016	25	575425	575545
1017	25	575545	576625
1018	25	576625	576845
1019	25	576845	577825
1020	25	577825	577945
1021	25	577945	579025
1022	25	579025	579145
1023	25	579145	580225
1024	25	580225	580345
1025	25	580345	581425
1026	25	581425	581545
1027	25	581545	582553
1028	25	582553	582625
1029	25	582625	582745
1030	25	582745	583825
1031	25	583825	584045
1032	27	584095	585075
1033	25	585145	586225
1034	25	586225	586345
1035	25	586345	587425
1036	25	587425	587545
1037	25	587545	588625
1038	25	588625	588745
1039	25	588745	588904
1040	37	589045	589715
1041	37	589715	590125
1042	37	590125	590245
1043	37	590245	591325
1044	37	591325	591445
1045	37	591445	592525
1046	37	592525	592645
1047	37	592645	593725
1048	37	593725	593845
1049	1	594025	594245
1050	13	594325	594545
1051	37	594925	595145
1052	1	595225	595345
1053	1	595345	596085
1054	37	596125	596245
1055	37	596245	596850
1056	37	596850	597325
1057	37	597325	597445
1058	13	597596	597925
1059	13	597925	598045
1060	13	598045	599125
1061	13	599125	599245
1062	13	599245	600325
1063	13	600325	600445
1064	13	600445	601525
1065	13	601525	601645
1066	13	601645	601695
1067	13	601695	602725
1068	13	602725	602845
1069	13	602845	603925
1070	13	603925	604045
1071	25	604225	604345
1072	25	604345	605425
1073	25	605425	605745
1074	47	605975	606295
1075	47	606295	607175
1076	47	607175	607295
1077	47	607295	608375
1078	47	608375	608495
1079	47	608495	609072
1080	27	609075	609195
1081	27	609195	610275
1082	27	610275	610395
1083	27	610395	611475
1084	27	611475	611595
1085	27	611595	612486
1086	23	612575	612695
1087	23	612695	613775
1088	23	613775	613895
1089	23	613895	614975
1090	23	614975	615095
1091	23	615095	616175
1092	23	616175	616395
1093	23	616395	617375
1094	23	617375	617495
1095	23	617495	618575
1096	23	618575	618695
1097	23	618695	619775
1098	23	619775	619895
1099	23	619895	620975
1100	23	620975	621095
1101	23	621095	622175
1102	23	622175	622295
1103	23	622295	623375
1104	23	623375	623495
1105	23	623495	624575
1106	23	624575	624695
1107	23	624695	625775
1108	23	625775	625895
1109	23	625895	626159
1110	23	626159	626975
1111	23	626975	627195
1112	23	627195	628175
1113	23	628175	628295
1114	23	628295	629375
1115	23	629375	629495
1116	23	629495	630575
1117	23	630575	630695
1118	33	630825	630945
1119	33	630945	632025
1120	33	632025	632145
1121	47	632375	632495
1122	47	632495	633575
1123	47	633575	633695
1124	47	633695	634775
1125	47	634995	635975
1126	47	635975	636095
1127	47	636095	636335
1128	47	636335	637175
1129	47	637175	637295
1130	47	637295	638375
1131	47	638375	638595
1132	47	638595	639575
1133	47	639575	639695
1134	47	639695	640775
1135	47	640775	640895
1136	47	640895	641975
1137	47	641975	642095
1138	47	642095	643175
1139	47	643175	643295
1140	47	643295	644375
1141	47	644375	644495
1142	47	644495	644910
1143	47	644910	645575
1144	47	645575	645695
1145	47	645695	646775
1146	47	646775	646895
1147	47	646895	647975
1148	47	647975	648095
1149	47	648095	649175
1150	47	649175	649395
1151	47	649395	650375
1152	47	650375	650495
1153	47	650495	651575
1154	47	651575	651695
1155	47	651695	652222
1156	47	652222	652544
1157	41	653503	653825
1158	41	653825	653945
1159	41	653945	655025
1160	41	655025	655145
1161	41	655145	656225
1162	41	656225	656345
1163	41	656345	656718
1164	41	656718	657425
1165	41	657425	657545
1166	41	657545	658625
1167	41	658625	658745
1168	41	658745	659825
1169	41	659825	660045
1170	41	663425	663645
1171	41	663645	664625
1172	41	664625	664745
1173	41	664745	665825
1174	41	665825	665945
1175	41	665945	667025
1176	41	667025	667145
1177	41	667145	668225
1178	41	668225	668345
1179	41	668345	669425
1180	41	669425	669545
1181	41	670625	670845
1182	41	670845	671825
1183	41	671825	671945
1184	41	671945	673025
1185	41	673025	673145
1186	41	673145	674225
1187	41	674225	674345
1188	41	674345	675425
1189	41	675425	675545
1190	41	675545	676625
1191	41	676625	676745
1192	41	676745	677825
1193	41	677825	677945
1194	41	677945	679025
1195	41	679025	679145
1196	41	679145	680225
1197	41	680225	680345
1198	41	680345	681425
1199	41	681425	681645
1200	41	681645	682625
1201	41	682625	682745
1202	3	682875	682995
1203	41	683825	683945
1204	3	684075	684195
1205	41	685025	685145
1206	41	685145	685181
1207	3	685275	685395
1208	3	685395	686475
1209	3	686475	686595
1210	3	686595	687675
1211	3	687675	687795
1212	31	688375	688495
1213	31	688495	689575
1214	31	689575	689695
1215	39	689775	689895
1216	39	689895	690767
1217	39	690767	690975
1218	39	690975	691095
1219	39	691095	692175
1220	39	692175	692495
1221	39	692495	693375
1222	39	693375	693495
1223	1	693625	693745
1224	1	693745	693824
1225	1	693824	694825
1226	1	694825	694945
1227	1	694945	696025
1228	1	696025	696145
1229	1	696145	697225
1230	1	697225	697345
1231	1	697345	698425
1232	1	698425	698545
1233	1	698545	699625
1234	1	699625	699745
1235	1	699745	700825
1236	1	700825	700945
1237	1	700945	702025
1238	1	702025	702245
1239	15	702375	702595
1240	15	702595	703575
1241	15	703575	703695
1242	15	703695	704775
1243	15	704775	704895
1244	25	705025	705145
1245	25	705145	706225
1246	25	706225	706345
1247	25	706345	707425
1248	25	707425	707545
1249	25	707545	708625
1250	25	708625	708745
1251	25	708745	709510
1252	25	709510	709825
1253	25	709825	709945
1254	25	709945	711025
1255	25	711025	711145
1256	13	711504	711925
1257	13	711925	712045
1258	13	712045	712551
1259	13	712551	713125
1260	13	713125	713345
1261	13	713345	714325
1262	13	714325	714445
1263	13	714445	715525
1264	13	715525	715645
1265	13	715645	716725
1266	13	716725	716845
1267	13	716845	717925
1268	13	717925	718045
1269	13	718045	719125
1270	13	719125	719245
1271	13	719245	720325
1272	13	720325	720545
1273	23	720575	720795
1274	23	720795	721775
1275	23	721775	721895
1276	35	722075	722195
1277	35	722195	723275
1278	35	723275	723395
1279	35	723395	724475
1280	35	724475	724695
1281	35	724695	725378
1282	35	725378	725675
1283	35	725675	725795
1284	35	725795	726875
1285	35	726875	726995
1286	35	726995	728075
1287	35	728075	728195
1288	35	728195	729275
1289	35	729275	729395
1290	35	729395	730475
1291	35	730475	730595
1292	35	730595	731675
1293	35	731675	731795
1294	35	731795	732875
1295	35	732875	732995
1296	35	732995	734075
1297	35	734075	734195
1298	35	734195	735275
1299	35	735275	735495
1300	35	735495	736167
1301	23	736175	736295
1302	23	736295	737375
1303	23	737375	737495
1304	23	737495	738575
1305	23	738575	738695
1306	23	738695	739775
1307	23	739775	739895
1308	33	740025	740145
1309	33	740145	741225
1310	33	741225	741345
1311	33	741345	742425
1312	33	742425	742545
1313	33	742545	743625
1314	33	743625	743745
1315	33	743745	744825
1316	33	744825	744945
1317	33	744945	746025
1318	33	746025	746245
1319	33	746245	747225
1320	33	747225	747345
1321	33	747345	748425
1322	33	748425	748545
1323	47	748775	748895
1324	47	748895	749975
1325	47	749975	750195
1326	47	750195	751175
1327	47	751175	751295
1328	47	751295	752375
1329	47	752375	752495
1330	47	752495	753575
1331	47	753575	753695
1332	47	753695	754775
1333	47	754775	754895
1334	47	754895	755975
1335	47	755975	756095
1336	47	756095	756375
1337	47	756375	757175
1338	47	757175	757395
1339	47	757395	758375
1340	47	758375	758495
1341	47	758495	759575
1342	47	759575	759695
1343	47	759695	760775
1344	47	760775	760895
1345	47	760895	761975
1346	47	761975	762095
1347	47	762095	763175
1348	47	763175	763295
1349	43	763436	764275
1350	43	764275	764395
1351	43	764395	765475
1352	43	765475	765595
1353	43	765595	766675
1354	43	766675	766795
1355	43	766795	767875
1356	43	767875	768095
1357	43	768095	769075
1358	43	769075	769195
1359	43	769195	770275
1360	43	770275	770395
1361	43	770395	771475
1362	43	771475	771595
1363	43	771595	772675
1364	43	772675	772795
1365	43	772795	773875
1366	43	773875	773995
1367	43	773995	775075
1368	43	775075	775195
1369	43	775195	776275
1370	43	776275	776395
1371	43	776395	777475
1372	43	777475	777595
1373	43	777595	778675
1374	43	778675	778995
1375	43	778995	779250
1376	43	779250	779875
1377	43	779875	779995
1378	43	779995	781075
1379	43	781075	781195
1380	43	781195	782275
1381	43	782275	782395
1382	43	782395	783475
1383	43	783475	783595
1384	43	783595	784675
1385	43	784675	784795
1386	43	784795	785875
1387	41	785945	787025
1388	41	787025	787145
1389	41	787145	787925
1390	41	787925	788225
1391	41	788225	788345
1392	41	788345	789425
1393	41	789425	789645
1394	41	789645	790625
1395	29	793689	793925
1396	29	793925	794045
1397	29	794045	795125
1398	29	795125	795245
1399	29	795245	796325
1400	29	796325	796445
1401	29	796445	797525
1402	29	797525	797645
1403	29	797645	798238
1404	29	798238	798725
1405	29	798725	798845
1406	29	798845	799925
1407	29	799925	800145
1408	29	800145	800895
1409	29	800895	801125
1410	29	801125	801245
1411	29	801245	802325
1412	29	802325	802445
1413	1	802825	802945
1414	1	802945	804025
1415	1	804025	804145
1416	1	804145	805225
1417	1	805225	805345
1418	1	805345	806425
1419	1	806425	806645
1420	1	806645	807625
1421	1	807625	807745
1422	1	807745	808825
1423	1	808825	808945
1424	1	808945	810025
1425	1	810025	810245
1426	1	810245	811161
1427	39	811195	812175
1428	39	812175	812295
1429	39	812295	813375
1430	39	813375	813495
1431	39	813495	814386
1432	39	814386	814575
1433	39	814575	814695
1434	1	814825	814945
1435	15	815175	815295
1436	15	815295	816375
1437	15	816375	816495
1438	27	816675	816795
1439	27	816795	817875
1440	27	817875	817995
1441	27	817995	819075
1442	27	819075	819195
1443	27	819195	820275
1444	27	820275	820395
1445	27	820395	821475
1446	27	821475	821695
1447	27	821695	822675
1448	27	822675	822795
1449	27	822795	823875
1450	27	823875	823995
1451	27	823995	825075
1452	27	825075	825195
1453	27	825195	826275
1454	27	826275	826395
1455	27	826395	827475
1456	27	827475	827595
1457	27	827595	828675
1458	27	828675	828795
1459	27	828795	829875
1460	27	829875	829995
1461	27	829995	831075
1462	27	831075	831195
1463	27	831195	832275
1464	27	832275	832495
1465	27	832495	833475
1466	23	833495	833761
1467	23	833761	834575
1468	23	834575	834695
1469	23	834695	835775
1470	23	835775	835995
1471	23	835995	836975
1472	23	836975	837095
1473	23	837095	837602
1474	23	837602	838175
1475	23	838175	838295
1476	23	838295	839375
1477	15	840375	840495
1478	15	841575	841695
1479	15	841695	842775
1480	15	842775	842995
1481	15	842995	843975
1482	15	843975	844095
1483	25	844225	844345
1484	25	844345	845232
1485	21	845325	845445
1486	21	845445	845534
1487	33	845625	845745
1488	33	845745	846825
1489	33	846825	846945
1490	33	846945	848025
1491	33	848025	848145
1492	33	848145	849225
1493	33	849225	849345
1494	33	849345	850425
1495	33	850425	850545
1496	33	850545	851625
1497	33	851625	851745
1498	33	851745	852825
1499	33	852825	852945
1500	33	852945	854025
1501	33	854025	854245
1502	33	854245	855225
1503	33	855225	855345
1504	33	855345	856425
1505	33	856425	856545
1506	33	856545	857625
1507	33	857625	857745
1508	33	857745	858825
1509	33	858825	858945
1510	33	858945	860025
1511	33	860025	860145
1512	33	860145	861225
1513	33	861225	861345
1514	33	861345	861944
1515	33	861944	862425
1516	33	862425	862545
1517	33	862545	863625
1518	33	863625	863745
1519	33	863745	864825
1520	33	864825	865145
1521	33	865145	866025
1522	33	866025	866145
1523	33	866145	867225
1524	33	867225	867345
1525	47	867575	867695
1526	47	867695	867795
1527	47	867795	868775
1528	47	868775	868895
1529	47	868895	869975
1530	47	869975	870095
1531	47	870095	871175
1532	47	871175	871295
1533	47	871295	872375
1534	47	872375	872495
1535	9	872625	872745
1536	9	872745	873825
1537	9	873825	873945
1538	9	873945	874148
1539	9	874148	875025
1540	9	875025	875245
1541	9	875245	876225
1542	9	876225	876345
1543	9	876345	877425
1544	9	877425	877545
1545	9	877545	878625
1546	9	878625	878745
1547	9	878745	879825
1548	9	879825	879945
1549	9	879945	881025
1550	9	881025	881145
1551	9	881145	882225
1552	9	882225	882345
1553	9	882345	883425
1554	9	883425	883545
1555	9	883545	884625
1556	9	884625	884745
1557	9	884745	885825
1558	9	885825	886045
1559	9	886045	887025
1560	9	887025	887145
1561	9	887145	888225
1562	9	888225	888345
1563	9	888345	889425
1564	9	889425	889545
1565	9	889545	890625
1566	9	890625	890745
1567	9	890745	891411
1568	9	891411	891825
1569	9	891825	891945
1570	9	891945	893025
1571	9	893025	893245
1572	9	893245	894225
1573	9	894225	894345
1574	9	894345	895425
1575	9	895425	895545
1576	9	895545	896625
1577	43	896662	897475
1578	43	897475	897695
1579	43	897695	898675
1580	43	898675	898795
1581	43	898795	899875
1582	43	899875	899995
1583	43	899995	901075
1584	43	901075	901195
1585	5	901325	901445
1586	5	901445	902525
1587	5	902525	902645
1588	5	902645	903634
1589	5	903634	903725
1590	5	903725	903845
1591	5	903845	904925
1592	5	904925	905045
1593	31	905575	905695
1594	31	905695	906775
1595	31	906775	906895
1596	31	906895	907200
Site : Reunion
Anntenna : 1 nbContacts : 1597
	Sat 	StartTime 	EndTime 
0	33	0	355
1	33	355	825
2	33	825	1145
3	47	1175	1495
4	47	1495	2375
5	47	2375	2495
6	47	2495	3575
7	47	3575	3695
8	13	3925	4045
9	13	4045	4548
10	13	4548	5125
11	13	5125	5245
12	13	5245	6325
13	13	6325	6445
14	13	6445	7525
15	13	7525	7645
16	13	7645	8725
17	13	8725	8845
18	21	8925	9045
19	21	9045	10125
20	21	10125	10245
21	21	10245	11325
22	21	11325	11545
23	21	11545	12133
24	21	12133	12525
25	21	12525	12645
26	21	12645	13725
27	21	13725	13845
28	21	13845	14925
29	21	14925	15045
30	21	15045	16125
31	21	16125	16245
32	21	16245	17325
33	21	17325	17445
34	21	17445	18525
35	21	18525	18645
36	21	18645	19725
37	21	19725	19845
38	21	19845	20925
39	21	20925	21045
40	21	21045	22125
41	21	22125	22345
42	21	22345	23325
43	21	23325	23445
44	21	23445	24525
45	21	24525	24645
46	21	24645	25010
47	21	25010	25725
48	21	25725	25845
49	21	25845	26925
50	21	26925	27045
51	21	27045	28125
52	21	28125	28245
53	21	28245	29325
54	21	29325	29545
55	5	29898	30125
56	5	30125	30245
57	5	30245	31325
58	5	31325	31445
59	5	31445	32525
60	5	32525	32745
61	5	32745	33725
62	5	33725	33845
63	5	33845	34925
64	5	34925	35045
65	5	35045	36125
66	5	36125	36245
67	5	36245	37325
68	5	37325	37445
69	5	37445	38525
70	5	38525	38645
71	31	38964	39175
72	31	39175	39295
73	31	39295	40375
74	31	40375	40495
75	31	40495	41575
76	31	41575	41695
77	31	41695	42539
78	31	42539	42775
79	31	42775	42895
80	41	43025	43145
81	41	43145	44225
82	41	44225	44445
83	41	44445	45425
84	41	45425	45545
85	41	45545	46625
86	41	46625	46745
87	41	46745	47825
88	41	47825	47945
89	41	47945	48518
90	41	48518	49025
91	41	49025	49145
92	41	49145	50225
93	41	50225	50345
94	29	50366	51125
95	29	51125	51245
96	29	51245	51432
97	29	51432	52325
98	29	52325	52445
99	29	52445	53525
100	29	53525	53645
101	29	53645	54725
102	29	54725	54945
103	29	54945	55925
104	29	55925	56045
105	29	56045	57125
106	29	57125	57245
107	29	57245	58325
108	29	58325	58545
109	29	58545	59525
110	29	59525	59645
111	29	59645	60725
112	29	60725	60845
113	29	60845	61925
114	29	61925	62045
115	29	62045	63125
116	29	63125	63245
117	29	63245	64325
118	29	64325	64445
119	29	64445	65291
120	29	65291	65525
121	29	65525	65745
122	29	65745	66725
123	29	66725	66845
124	29	66845	67925
125	29	67925	68045
126	29	68045	69125
127	29	69125	69245
128	39	69375	69495
129	39	69495	70575
130	39	70575	70695
131	39	70695	71775
132	39	71775	71895
133	39	71895	72975
134	39	72975	73095
135	39	73095	74175
136	39	74175	74295
137	39	74295	75375
138	39	75375	75495
139	39	75495	76575
140	39	76575	76795
141	39	76795	77775
142	39	77775	77895
143	39	77895	78975
144	39	78975	79095
145	39	79095	80175
146	39	80175	80295
147	35	80353	81275
148	35	81275	81395
149	35	81395	82475
150	35	82475	82595
151	35	82595	83675
152	35	83675	83795
153	35	83795	84875
154	35	84875	84995
155	35	84995	86075
156	35	86075	86195
157	35	86195	87275
158	35	87275	87595
159	35	87595	88475
160	35	88475	88595
161	35	88595	89675
162	35	89675	89795
163	35	89795	90875
164	35	90875	90995
165	35	90995	92075
166	35	92075	92195
167	35	92195	93275
168	35	93275	93395
169	35	93395	94475
170	35	94475	94595
171	35	94595	94822
172	35	94822	95675
173	35	95675	95795
174	35	95795	96875
175	35	96875	96995
176	35	96995	98075
177	35	98075	98295
178	35	98295	99275
179	35	99275	99395
180	35	99395	100475
181	35	100475	100595
182	35	100595	100786
183	13	101125	101245
184	13	101245	102314
185	13	102314	102325
186	13	102325	102445
187	13	102445	103525
188	13	103525	103645
189	1	103681	104425
190	1	104425	104545
191	13	104725	104845
192	13	104845	105925
193	13	105925	106045
194	13	106045	107125
195	13	107125	107245
196	13	107245	108325
197	13	108325	108545
198	13	108545	109525
199	13	109525	109645
200	13	109645	110725
201	13	110725	110845
202	13	110845	111925
203	13	111925	112045
204	23	112175	112295
205	13	113125	113245
206	13	113245	114325
207	13	114325	114445
208	13	114445	115525
209	13	115525	115745
210	13	115745	116725
211	13	116725	116845
212	13	116845	117925
213	13	117925	118045
214	13	118045	118295
215	13	118295	119125
216	13	119125	119345
217	13	119345	120325
218	13	120325	120445
219	13	120445	121525
220	13	121525	121645
221	13	121645	122725
222	13	122725	122845
223	13	122845	123925
224	13	123925	124045
225	21	124125	124245
226	21	124245	125325
227	21	125325	125445
228	21	125445	126525
229	21	126525	126645
230	21	126645	127725
231	21	127725	127845
232	21	127845	128925
233	21	128925	129045
234	21	129045	130125
235	21	130125	130345
236	21	130345	131325
237	21	131325	131445
238	21	131445	132525
239	21	132525	132645
240	21	132645	133725
241	21	133725	133845
242	21	133845	134925
243	21	134925	135045
244	21	135045	136125
245	21	136125	136245
246	21	136245	137325
247	21	137325	137445
248	21	137445	138525
249	21	138525	138645
250	21	138645	139725
251	21	139725	139845
252	21	139845	140925
253	21	140925	141145
254	21	141145	142095
255	21	142095	142125
256	21	142125	142245
257	21	142245	143325
258	21	143325	143445
259	21	143445	144525
260	13	144545	145525
261	13	145525	145645
262	13	145645	146725
263	13	146725	146845
264	9	146866	147825
265	9	147825	147945
266	9	147945	149025
267	9	149025	149145
268	9	149145	150225
269	9	150225	150345
270	9	150345	151425
271	9	151425	151645
272	9	151645	152625
273	9	152625	152745
274	9	152745	153355
275	9	153355	153825
276	9	153825	153945
277	9	153945	155025
278	9	155025	155145
279	31	155575	155695
280	31	155695	156775
281	31	156775	156895
282	43	157075	157195
283	43	157195	158275
284	43	158275	158395
285	43	158395	159475
286	43	159475	159595
287	43	159595	160675
288	43	160675	160795
289	43	160795	161875
290	43	161875	161995
291	43	161995	163075
292	43	163075	163295
293	43	163295	164275
294	43	164275	164395
295	43	164395	165475
296	43	165475	165595
297	43	165595	166675
298	43	166675	166795
299	43	166795	167875
300	43	167875	167995
301	43	167995	169075
302	43	169075	169195
303	43	169195	170275
304	43	170275	170395
305	43	170395	171475
306	43	171475	171595
307	43	171595	172675
308	43	172675	172795
309	43	172795	173875
310	43	173875	174195
311	43	174195	175075
312	43	175075	175195
313	43	175195	176275
314	43	176275	176395
315	31	176444	177175
316	31	177175	177295
317	31	177295	178375
318	3	180195	181275
319	3	181275	181395
320	3	182475	182595
321	3	182595	183055
322	3	183055	183675
323	3	183675	183895
324	3	183895	184875
325	3	184875	184995
326	3	184995	186075
327	3	186075	186195
328	3	186195	187275
329	3	187275	187395
330	3	187395	188475
331	3	188475	188595
332	3	188595	189675
333	3	189675	189795
334	3	189795	190875
335	3	190875	190995
336	3	190995	192075
337	3	192075	192195
338	3	192195	193275
339	3	193275	193395
340	3	193395	194475
341	3	194475	194695
342	29	195125	195345
343	29	195345	196325
344	29	196325	196445
345	29	196445	197525
346	29	197525	197645
347	29	197645	198725
348	29	198725	198845
349	29	198845	199925
350	29	199925	200045
351	29	200045	201125
352	29	201125	201245
353	29	201245	202325
354	29	202325	202545
355	29	202545	203525
356	29	203525	203645
357	29	203645	204725
358	29	204725	204845
359	29	204845	204944
360	39	204975	205095
361	39	205095	205548
362	39	205548	206175
363	39	206175	206395
364	39	206395	207375
365	39	207375	207495
366	39	207495	208575
367	39	208575	208695
368	1	208825	208945
369	1	208945	210025
370	1	210025	210145
371	1	210145	211225
372	1	211225	211345
373	15	211575	211695
374	15	211695	212775
375	15	212775	212895
376	15	212895	213069
377	15	213069	213975
378	15	213975	214095
379	15	214095	215175
380	15	215175	215295
381	25	215425	215545
382	25	215545	216625
383	25	216625	216845
384	25	216845	217825
385	25	217825	217945
386	25	217945	219025
387	25	219025	219145
388	25	219145	220225
389	25	220225	220345
390	25	220345	221425
391	25	221425	221545
392	25	221545	222625
393	25	222625	222745
394	25	222745	223825
395	25	223825	223945
396	35	224075	224195
397	35	224195	225275
398	35	225275	225395
399	35	225395	226475
400	35	226475	226595
401	35	226595	227675
402	35	227675	227895
403	1	227941	228025
404	1	228025	228145
405	1	228145	228279
406	23	228575	228695
407	23	228695	229775
408	23	229775	229895
409	23	229895	230975
410	23	230975	231195
411	33	231225	231445
412	15	231975	232095
413	23	232175	232295
414	23	232295	233375
415	23	233375	233495
416	35	233675	233795
417	35	233795	234875
418	35	234875	234995
419	35	234995	236075
420	35	236075	236195
421	15	236775	236895
422	15	236895	237975
423	15	237975	238195
424	15	238195	239175
425	15	239175	239295
426	15	239295	240375
427	15	240375	240495
428	15	240495	241575
429	15	241575	241695
430	15	241695	242775
431	15	242775	242895
432	15	242895	243975
433	15	243975	244095
434	15	244095	244699
435	47	244775	244895
436	47	244895	245975
437	47	245975	246095
438	47	246095	247175
439	47	247175	247295
440	47	247295	248375
441	47	248375	248495
442	13	248725	248945
443	13	248945	249925
444	13	249925	250045
445	13	250045	251125
446	13	251125	251245
447	13	251245	252325
448	13	252325	252445
449	13	252445	253525
450	13	253525	253645
451	13	253645	254725
452	13	254725	254845
453	13	254845	255366
454	47	255575	255695
455	47	255695	256775
456	47	256775	256895
457	47	256895	257975
458	47	257975	258095
459	9	258225	258345
460	9	258345	259425
461	9	259425	259745
462	9	259745	260625
463	9	260625	260745
464	9	260745	261825
465	9	261825	261945
466	9	261945	263025
467	9	263025	263145
468	9	263145	264225
469	9	264225	264345
470	21	264645	264922
471	21	264922	265725
472	21	265725	265845
473	21	265845	266925
474	21	266925	267045
475	21	267045	268125
476	21	268125	268245
477	21	268245	269325
478	21	269325	269445
479	21	269445	270525
480	21	270525	270745
481	21	270745	271725
482	21	271725	271845
483	21	271845	272925
484	21	272925	273045
485	21	273045	274125
486	21	274125	274245
487	21	274245	275124
488	21	275124	275325
489	21	275325	275445
490	21	275445	276525
491	21	276525	276645
492	21	276645	277725
493	21	277725	277845
494	21	277845	278925
495	21	278925	279045
496	21	279045	280125
497	21	280125	280245
498	21	280245	281325
499	21	281325	281545
500	21	281545	281843
501	45	285376	285525
502	45	285525	285645
503	45	285645	286725
504	45	286725	286845
505	45	286845	287341
506	45	287341	287925
507	45	287925	288045
508	43	288611	289075
509	43	289075	289295
510	43	289295	290275
511	43	290275	290395
512	43	290395	291475
513	43	291475	291595
514	43	291595	292675
515	43	292675	292895
516	43	292895	293875
517	43	293875	293995
518	43	293995	294590
519	43	294590	295075
520	43	295075	295195
521	43	295195	296275
522	43	296275	296395
523	43	296395	297475
524	43	297475	297595
525	43	297595	298675
526	43	298675	298795
527	43	298795	299875
528	43	299875	299995
529	43	299995	301075
530	43	301075	301195
531	43	301195	302275
532	43	302275	302395
533	43	302395	303475
534	43	303475	303695
535	43	303695	304675
536	43	304675	304795
537	43	304795	305398
538	39	305775	305895
539	39	305895	306975
540	39	306975	307095
541	39	307095	308175
542	39	308175	308295
543	39	308295	309375
544	39	309375	309495
545	39	309495	310575
546	39	310575	310695
547	27	310744	311475
548	27	311475	311595
549	27	311595	311810
550	27	311810	312675
551	27	312675	312795
552	27	312795	313875
553	27	313875	314095
554	27	314095	315075
555	27	315075	315195
556	27	315195	316275
557	27	316275	316395
558	27	316395	317475
559	27	317475	317695
560	27	317695	318675
561	27	318675	318795
562	27	318795	319875
563	27	319875	319995
564	27	319995	321075
565	27	321075	321195
566	27	321195	322275
567	27	322275	322395
568	27	322395	323475
569	27	323475	323595
570	27	323595	324675
571	27	324675	324895
572	27	324895	325008
573	27	325008	325875
574	27	325875	325995
575	27	325995	327075
576	27	327075	327195
577	27	327195	328275
578	27	328275	328395
579	37	328525	328645
580	37	328645	329725
581	37	329725	329845
582	37	329845	330925
583	37	330925	331045
584	37	331045	332125
585	37	332125	332245
586	37	332245	333325
587	37	333325	333445
588	37	333445	334525
589	37	334525	334645
590	37	334645	335725
591	37	335725	335945
592	37	335945	336925
593	37	336925	337045
594	37	337045	338125
595	37	338125	338245
596	37	338245	339325
597	37	339325	339445
598	37	339445	340525
599	37	340525	340645
600	33	340712	341625
601	33	341625	341745
602	33	341745	341843
603	33	341843	342825
604	33	342825	342945
605	33	342945	344025
606	33	344025	344145
607	33	344145	345225
608	33	345225	345345
609	33	345345	346425
610	33	346425	346745
611	33	346745	347625
612	33	347625	347745
613	13	348325	348445
614	13	348445	349525
615	13	349525	349645
616	27	349875	349995
617	27	349995	351075
618	27	351075	351195
619	27	351195	351923
620	25	352225	352345
621	25	352345	353425
622	25	353425	353545
623	25	353545	353943
624	25	353943	354625
625	25	354625	354745
626	25	354745	355825
627	25	355825	355945
628	25	355945	357025
629	25	357025	357245
630	25	357245	358225
631	25	358225	358345
632	25	358345	359425
633	25	359425	359545
634	25	359545	360625
635	25	360625	360745
636	25	360745	361825
637	25	361825	361945
638	25	361945	363025
639	25	363025	363145
640	25	363145	364225
641	25	364225	364345
642	25	364345	365425
643	25	365425	365545
644	25	365545	365688
645	15	366375	366495
646	15	366495	366723
647	15	366723	367575
648	15	367575	367795
649	15	367795	368775
650	15	368775	368895
651	15	368895	369972
652	21	370125	370245
653	21	370245	371325
654	21	371325	371445
655	25	371545	372054
656	9	372150	372225
657	9	372225	372345
658	9	372345	373425
659	9	373425	373545
660	9	373545	374625
661	9	374625	374845
662	9	374845	375825
663	9	375825	375945
664	9	375945	377025
665	9	377025	377145
666	9	377145	378225
667	9	378225	378445
668	9	378445	379425
669	9	379425	379545
670	9	379545	380266
671	9	380266	380625
672	9	380625	380745
673	9	380745	381825
674	9	381825	381945
675	9	381945	383025
676	9	383025	383145
677	9	383145	384103
678	9	384103	384225
679	9	384225	384345
680	9	384345	385425
681	9	385425	385545
682	9	385545	386625
683	9	386625	386745
684	21	386925	387045
685	21	387045	388125
686	21	388125	388245
687	21	388245	389325
688	21	389325	389545
689	21	389545	390525
690	21	390525	390645
691	21	390645	391725
692	21	391725	391845
693	21	391845	392925
694	21	392925	393045
695	21	393045	394125
696	21	394125	394245
697	21	394245	395325
698	21	395325	395445
699	21	395445	396190
700	21	396190	396525
701	21	396525	396645
702	21	396645	397725
703	21	397725	397845
704	21	397845	398925
705	21	398925	399045
706	21	399045	399937
707	11	400350	401075
708	11	401075	401195
709	11	401195	402275
710	11	402275	402395
711	11	402395	403475
712	11	403475	403695
713	11	403695	404675
714	11	404675	404795
715	11	404795	405875
716	11	405875	405995
717	9	406081	407025
718	9	407025	407145
719	9	407145	408225
720	9	408225	408345
721	9	408345	409425
722	9	409425	409545
723	9	409545	410625
724	9	410625	410845
725	9	410845	411825
726	9	411825	411945
727	9	411945	413025
728	9	413025	413145
729	9	413145	414114
730	5	414125	414245
731	5	414245	415325
732	5	415325	415445
733	5	415445	416525
734	5	416525	416645
735	5	416645	417725
736	5	417725	417845
737	5	417845	418925
738	5	418925	419045
739	5	419045	420093
740	5	420093	420125
741	5	420125	420245
742	5	420245	421325
743	5	421325	421545
744	5	421545	422525
745	5	422525	422645
746	5	422645	423725
747	5	423725	423845
748	5	423845	424925
749	5	424925	425045
750	5	425045	426125
751	5	426125	426245
752	5	426245	427325
753	5	427325	427445
754	5	427445	428525
755	5	428525	428645
756	5	428645	429725
757	5	429725	429845
758	5	429845	430925
759	5	430925	431045
760	5	431045	432125
761	5	432125	432445
762	5	432445	433325
763	5	433325	433445
764	5	433445	434525
765	5	434525	434645
766	5	434645	435323
767	37	435325	435445
768	37	435445	436525
769	37	436525	436645
770	37	436645	437725
771	37	437725	437845
772	37	437845	438925
773	37	438925	439045
774	37	439045	440125
775	37	440125	440245
776	1	440425	440545
777	1	440545	441625
778	3	441675	441795
779	3	441795	442875
780	3	442875	443095
781	3	443095	444075
782	3	444075	444195
783	3	444195	445275
784	3	445275	445395
785	3	445395	446475
786	3	446475	446595
787	3	446595	447675
788	3	447675	447795
789	3	447795	448875
790	3	448875	448995
791	5	449045	449214
792	5	449214	449658
793	5	449658	449841
794	3	450075	450195
795	3	450195	451275
796	3	451275	451395
797	15	451575	451695
798	15	451695	452244
799	15	452244	452775
800	15	452775	452895
801	27	453075	453195
802	25	453245	454225
803	25	454225	454445
804	3	454875	454995
805	3	454995	455049
806	3	455049	456075
807	3	456075	456195
808	3	456195	457275
809	3	457275	457395
810	39	457611	458175
811	39	458175	458295
812	39	458295	458911
813	25	459025	459145
814	25	459145	460225
815	25	460225	460345
816	25	460345	461425
817	25	461425	461645
818	25	461645	462625
819	25	462625	462745
820	25	462745	463311
821	25	463311	463825
822	25	463825	463945
823	25	463945	465025
824	25	465025	465245
825	25	465245	466225
826	25	466225	466345
827	25	466345	467425
828	25	467425	467545
829	25	467545	468625
830	25	468625	468745
831	25	468745	469825
832	25	469825	469945
833	25	469945	471025
834	25	471025	471145
835	25	471145	472225
836	25	472225	472345
837	25	472345	473425
838	25	473425	473545
839	25	473545	474625
840	25	474625	474745
841	33	474825	474945
842	33	474945	476025
843	33	476025	476245
844	33	476245	477225
845	33	477225	477345
846	27	477801	478275
847	27	478275	478395
848	27	478395	479121
849	25	479425	479545
850	27	479595	480143
851	25	480625	480745
852	37	480925	481045
853	21	481143	481725
854	25	481825	481945
855	25	481945	483025
856	25	483025	483145
857	33	483225	483345
858	47	483541	483575
859	47	483575	483695
860	25	484225	484345
861	25	484345	484524
862	25	484524	485425
863	25	485425	485545
864	35	485675	485795
865	35	485795	486875
866	35	486875	487095
867	47	487175	487395
868	15	487575	487695
869	15	487695	487871
870	15	487871	488775
871	15	488775	488895
872	15	488895	489538
873	47	489575	489695
874	13	490145	491125
875	13	491125	491245
876	13	491245	492325
877	13	492325	492445
878	13	492445	493525
879	13	493525	493645
880	13	493645	494725
881	13	494725	494845
882	13	494845	495128
883	13	495128	495925
884	13	495925	496045
885	13	496045	497125
886	13	497125	497345
887	13	497345	498325
888	13	498325	498445
889	13	498445	499525
890	13	499525	499645
891	13	499645	500725
892	13	500725	500845
893	13	500845	501925
894	13	501925	502045
895	13	502045	503125
896	13	503125	503245
897	13	503245	504325
898	13	504325	504445
899	13	504445	505525
900	13	505525	505645
901	33	506234	507225
902	33	507225	507345
903	33	507345	508425
904	33	508425	508645
905	47	508775	508995
906	47	508995	509975
907	47	509975	510095
908	47	510095	511175
909	47	511175	511295
910	47	511295	512375
911	47	512375	512495
912	9	512625	512745
913	47	513575	513695
914	47	513695	513959
915	47	513959	514775
916	47	514775	514895
917	9	515025	515145
918	9	515145	516225
919	9	516225	516345
920	9	516345	517425
921	9	517425	517545
922	21	517589	517725
923	21	517725	517845
924	21	517845	518925
925	21	518925	519245
926	45	519525	519845
927	45	519845	520725
928	45	520725	520845
929	45	520845	521925
930	45	521925	522045
931	45	522045	523125
932	45	523125	523245
933	9	523425	523545
934	9	523545	524625
935	9	524625	524745
936	9	524745	525804
937	9	525804	525825
938	9	525825	525945
939	9	525945	527025
940	9	527025	527145
941	9	527145	528225
942	9	528225	528345
943	9	528345	529425
944	9	529425	529645
945	9	529645	530625
946	9	530625	530745
947	9	530745	531825
948	9	531825	531945
949	9	531945	533025
950	9	533025	533145
951	9	533145	534225
952	9	534225	534345
953	9	534345	534520
954	9	534520	535425
955	9	535425	535545
956	9	535545	536625
957	9	536625	536745
958	9	536745	537825
959	9	537825	537945
960	9	537945	537965
961	9	537965	539025
962	9	539025	539145
963	9	539145	540225
964	43	544151	544675
965	43	544675	544795
966	43	544795	545875
967	43	545875	545995
968	43	545995	547075
969	43	547075	547195
970	43	547195	547271
971	43	547271	548275
972	43	548275	548495
973	43	548495	549475
974	43	549475	549595
975	43	549595	550675
976	43	550675	550795
977	43	550795	551634
978	41	551825	552045
979	41	552045	553025
980	41	553025	553145
981	41	553145	554225
982	41	554225	554345
983	41	554345	554493
984	41	554493	555425
985	41	555425	555545
986	41	555545	556625
987	41	556625	556745
988	41	556745	557825
989	41	557825	557945
990	41	557945	559025
991	41	559025	559145
992	41	559145	560225
993	41	560225	560345
994	41	560345	561425
995	41	561425	561545
996	41	561545	562625
997	41	562625	562845
998	41	562845	563825
999	41	563825	563945
1000	41	563945	565025
1001	41	565025	565145
1002	41	565145	566024
1003	39	566175	566295
1004	39	566295	567375
1005	39	567375	567495
1006	39	567495	568575
1007	39	568575	568695
1008	39	568695	569775
1009	39	569775	569895
1010	39	569895	570975
1011	39	570975	571095
1012	39	571095	572175
1013	39	572175	572295
1014	39	572295	573375
1015	39	573375	573595
1016	39	573595	574575
1017	39	574575	574695
1018	39	574695	575693
1019	3	576075	576295
1020	3	576295	576943
1021	3	576943	577275
1022	3	577275	577395
1023	3	577395	578475
1024	3	578475	578595
1025	3	578595	579675
1026	3	579675	579795
1027	3	579795	580875
1028	3	580875	580995
1029	3	580995	582075
1030	3	582075	582195
1031	3	582195	582904
1032	39	582975	583095
1033	1	583225	583445
1034	1	583445	584143
1035	1	584143	584425
1036	1	584425	584545
1037	1	584545	585625
1038	1	585625	585745
1039	15	585975	586095
1040	15	586095	587175
1041	15	587175	587295
1042	23	587375	587495
1043	23	587495	588575
1044	23	588575	588695
1045	23	588695	589065
1046	1	589225	589345
1047	1	589345	590425
1048	1	590425	590545
1049	1	590545	591625
1050	1	591625	591745
1051	1	591745	592825
1052	1	592825	592945
1053	15	593175	593295
1054	15	593295	594375
1055	15	594375	594595
1056	15	594595	595575
1057	15	595575	595695
1058	15	595695	596775
1059	15	596775	596895
1060	15	596895	597975
1061	15	597975	598095
1062	15	598095	599175
1063	15	599175	599295
1064	15	599295	600375
1065	15	600375	600495
1066	15	600495	601575
1067	15	601575	601695
1068	15	601695	602775
1069	15	602775	602895
1070	15	602895	603975
1071	15	603975	604095
1072	15	604095	605175
1073	15	605175	605495
1074	15	605495	605676
1075	15	605676	606375
1076	15	606375	606495
1077	25	606625	606745
1078	25	606745	607825
1079	25	607825	607945
1080	25	607945	609025
1081	25	609025	609145
1082	25	609145	610225
1083	25	610225	610345
1084	25	610345	611425
1085	25	611425	611545
1086	25	611545	612625
1087	25	612625	612745
1088	25	612745	613825
1089	25	613825	613945
1090	25	613945	614061
1091	47	614375	614495
1092	13	614725	614845
1093	13	614845	615925
1094	13	615925	616145
1095	13	616145	617125
1096	13	617125	617245
1097	13	617245	618325
1098	13	618325	618445
1099	13	618445	619525
1100	13	619525	619645
1101	13	619645	620725
1102	13	620725	620845
1103	13	620845	621925
1104	13	621925	622045
1105	13	622045	623125
1106	13	623125	623245
1107	21	623325	623445
1108	13	624325	624445
1109	13	624445	625525
1110	13	625525	625645
1111	13	625645	626281
1112	11	626675	626895
1113	11	626895	627875
1114	11	627875	627995
1115	11	627995	629075
1116	11	629075	629195
1117	11	629195	630275
1118	11	630275	630395
1119	11	630395	631475
1120	11	631475	631595
1121	11	631595	631798
1122	11	631798	632675
1123	11	632675	632795
1124	11	632795	633875
1125	11	633875	634095
1126	21	634125	634345
1127	21	634345	635325
1128	21	635325	635445
1129	21	635445	635720
1130	21	635720	636525
1131	21	636525	636645
1132	21	636645	637725
1133	21	637725	637945
1134	21	637945	638925
1135	21	638925	639045
1136	21	639045	640125
1137	21	640125	640245
1138	21	640245	641325
1139	21	641325	641445
1140	21	641445	642525
1141	21	642525	642645
1142	21	642645	643725
1143	21	643725	643845
1144	43	644224	644275
1145	43	644275	644395
1146	43	644395	645475
1147	43	645475	645595
1148	43	645595	646675
1149	43	646675	646795
1150	43	646795	647875
1151	43	647875	647995
1152	43	647995	649075
1153	43	649075	649295
1154	43	649295	650275
1155	43	650275	650395
1156	43	650395	651475
1157	43	651475	651595
1158	43	651595	652675
1159	43	652675	652795
1160	43	652795	653875
1161	43	653875	653995
1162	43	653995	655075
1163	43	655075	655195
1164	43	655195	656275
1165	43	656275	656395
1166	43	656395	657475
1167	43	657475	657595
1168	43	657595	658675
1169	43	658675	658795
1170	43	658795	659875
1171	43	659875	660095
1172	43	660095	661075
1173	43	661075	661195
1174	43	661195	662275
1175	43	662275	662395
1176	43	662395	663475
1177	43	663475	663695
1178	43	663695	664675
1179	43	664675	664795
1180	43	664795	665743
1181	43	665743	665875
1182	43	665875	665995
1183	39	672975	673095
1184	39	673095	673733
1185	39	673733	674175
1186	39	674175	674295
1187	39	674295	675375
1188	39	675375	675495
1189	39	675495	676575
1190	39	676575	676695
1191	39	676695	677775
1192	39	677775	677895
1193	39	677895	678975
1194	39	678975	679095
1195	39	679095	680175
1196	39	680175	680295
1197	39	680295	681375
1198	39	681375	681595
1199	39	681595	682575
1200	39	682575	682695
1201	39	682695	683775
1202	39	683775	683895
1203	39	683895	684975
1204	39	684975	685095
1205	39	685095	686175
1206	39	686175	686295
1207	39	686295	687375
1208	39	687375	687495
1209	39	687495	688575
1210	39	688575	688695
1211	3	688875	688995
1212	3	688995	690075
1213	3	690075	690195
1214	3	690195	691275
1215	3	691275	691595
1216	3	691595	692475
1217	3	692475	692595
1218	3	692595	693675
1219	3	693675	693795
1220	3	693795	694875
1221	3	694875	694995
1222	3	694995	695845
1223	3	695845	696075
1224	27	696090	696675
1225	27	696675	696795
1226	27	696795	697875
1227	27	697875	697995
1228	27	697995	699075
1229	27	699075	699195
1230	27	699195	700275
1231	27	700275	700395
1232	15	700424	701175
1233	15	701175	701295
1234	27	701475	701595
1235	27	701595	702675
1236	27	702675	702895
1237	27	702895	703875
1238	27	703875	703995
1239	35	704075	704195
1240	35	704195	705028
1241	27	705075	705195
1242	27	705195	706275
1243	27	706275	706395
1244	27	706395	707475
1245	27	707475	707595
1246	27	707595	708675
1247	27	708675	708795
1248	27	708795	709875
1249	27	709875	709995
1250	27	709995	711075
1251	27	711075	711195
1252	27	711195	712275
1253	27	712275	712395
1254	27	712395	713475
1255	27	713475	713695
1256	27	713695	714675
1257	27	714675	714795
1258	27	714795	715875
1259	27	715875	715995
1260	27	715995	716154
1261	37	716245	717325
1262	37	717325	717445
1263	37	717445	718129
1264	37	718129	718525
1265	37	718525	718645
1266	37	718645	719725
1267	37	719725	719845
1268	37	719845	720337
1269	37	720337	720925
1270	37	720925	721145
1271	11	721163	721475
1272	13	721525	721645
1273	13	721645	722725
1274	13	722725	722845
1275	13	722845	723925
1276	13	723925	724145
1277	13	724145	725125
1278	13	725125	725245
1279	13	725245	726224
1280	13	726224	726325
1281	13	726325	726445
1282	13	726445	727525
1283	13	727525	727645
1284	25	727825	727945
1285	25	727945	729025
1286	25	729025	729145
1287	25	729145	730225
1288	25	730225	730345
1289	33	730425	730545
1290	33	730545	731625
1291	33	731625	731745
1292	33	731745	732414
1293	33	732414	732825
1294	33	732825	732945
1295	33	732945	734025
1296	33	734025	734145
1297	33	734145	735225
1298	33	735225	735445
1299	33	735445	736425
1300	33	736425	736545
1301	33	736545	737625
1302	33	737625	737745
1303	33	737745	738825
1304	33	738825	738945
1305	47	739083	739175
1306	47	739175	739295
1307	47	739295	740375
1308	47	740375	740495
1309	47	740495	741575
1310	47	741575	741695
1311	47	741695	742775
1312	47	742775	742895
1313	47	742895	743975
1314	47	743975	744095
1315	47	744095	745175
1316	47	745175	745295
1317	47	745295	746375
1318	47	746375	746595
1319	47	746595	747575
1320	47	747575	747695
1321	13	747801	747925
1322	13	747925	748045
1323	13	748045	749125
1324	13	749125	749345
1325	13	749345	750325
1326	13	750325	750445
1327	13	750445	751360
1328	11	751475	751595
1329	11	751595	752675
1330	11	752675	752795
1331	11	752795	753875
1332	11	753875	753995
1333	11	753995	755035
1334	11	755035	755075
1335	11	755075	755195
1336	11	755195	756275
1337	11	756275	756495
1338	11	756495	757475
1339	11	757475	757595
1340	11	757595	758675
1341	11	758675	758795
1342	11	758795	759875
1343	11	759875	759995
1344	11	759995	761075
1345	11	761075	761195
1346	11	761195	762275
1347	11	762275	762395
1348	11	762395	763475
1349	11	763475	763595
1350	11	763595	764675
1351	11	764675	764795
1352	11	764795	765875
1353	11	765875	765995
1354	11	765995	766319
1355	47	766775	766895
1356	47	766895	767975
1357	47	767975	768195
1358	9	768225	768345
1359	9	768345	769425
1360	9	769425	769545
1361	9	769545	770625
1362	9	770625	770745
1363	9	770745	771825
1364	9	771825	771945
1365	9	771945	773025
1366	9	773025	773145
1367	9	773145	774225
1368	9	774225	774345
1369	9	774345	775425
1370	9	775425	775545
1371	9	775545	776080
1372	9	776080	776625
1373	9	776625	776745
1374	9	776745	777825
1375	9	777825	778145
1376	9	778145	779025
1377	9	779025	779145
1378	9	779145	780225
1379	9	780225	780345
1380	9	780345	781425
1381	9	781425	781545
1382	39	781572	782175
1383	39	782175	782295
1384	39	782295	783375
1385	39	783375	783495
1386	39	783495	784575
1387	39	784575	784695
1388	39	784695	785775
1389	39	785775	785895
1390	39	785895	786975
1391	39	786975	787095
1392	39	787095	788175
1393	39	788175	788295
1394	39	788295	789375
1395	39	789375	789595
1396	39	789595	790411
1397	3	791571	792075
1398	3	792075	792195
1399	3	792195	793275
1400	3	793275	793395
1401	3	793395	794475
1402	3	794475	794595
1403	3	794595	795675
1404	3	795675	795795
1405	3	795795	796875
1406	3	796875	796995
1407	3	796995	798075
1408	3	798075	798195
1409	3	798195	799275
1410	3	799275	799495
1411	3	799495	800475
1412	3	800475	800595
1413	3	800595	801675
1414	3	801675	801795
1415	3	801795	802875
1416	3	802875	802995
1417	3	802995	804075
1418	3	804075	804195
1419	3	804195	805275
1420	3	805275	805395
1421	3	805395	806475
1422	3	806475	806695
1423	3	806695	807675
1424	3	807675	807795
1425	3	807795	808745
1426	3	808745	808875
1427	3	808875	808995
1428	3	808995	810075
1429	3	810075	810295
1430	3	810295	811275
1431	3	811275	811395
1432	3	811395	812475
1433	3	812475	812595
1434	3	812595	813675
1435	3	813675	813795
1436	3	813795	814875
1437	3	814875	814995
1438	3	814995	815751
1439	39	815775	815895
1440	39	815895	816975
1441	39	816975	817095
1442	39	817095	818175
1443	39	818175	818295
1444	39	818295	819375
1445	39	819375	819495
1446	39	819495	820575
1447	39	820575	820695
1448	39	820695	821775
1449	39	821775	821995
1450	39	821995	822975
1451	39	822975	823095
1452	39	823095	824175
1453	39	824175	824295
1454	39	824295	825375
1455	39	825375	825495
1456	39	825495	826523
1457	37	826525	826645
1458	37	826645	827725
1459	37	827725	827845
1460	37	827845	828925
1461	37	828925	829045
1462	37	829045	830125
1463	37	830125	830245
1464	37	830245	831325
1465	37	831325	831445
1466	37	831445	832525
1467	37	832525	832745
1468	37	832745	833725
1469	37	833725	833845
1470	37	833845	834925
1471	37	834925	835045
1472	37	835045	836075
1473	1	836425	836545
1474	1	836545	836868
1475	1	836868	837625
1476	1	837625	837745
1477	1	837745	838825
1478	1	838825	838945
1479	1	840025	840145
1480	1	841225	841345
1481	1	842425	842645
1482	1	843625	843745
1483	1	843745	844825
1484	1	844825	844945
1485	15	845175	845295
1486	15	845295	846375
1487	15	846375	846495
1488	15	846495	847575
1489	15	847575	847695
1490	23	847775	847895
1491	23	847895	848585
1492	15	848775	848895
1493	15	848895	849975
1494	15	849975	850095
1495	15	850095	851175
1496	15	851175	851295
1497	15	851295	852375
1498	15	852375	852495
1499	15	852495	853575
1500	15	853575	853795
1501	15	853795	854775
1502	15	854775	854895
1503	15	854895	855975
1504	15	855975	856095
1505	15	856095	856531
1506	15	856531	857175
1507	15	857175	857295
1508	15	857295	858375
1509	15	858375	858495
1510	15	858495	859575
1511	15	859575	859695
1512	15	859695	860775
1513	15	860775	860895
1514	15	860895	861975
1515	15	861975	862095
1516	15	862095	863175
1517	23	863375	863495
1518	11	863576	864275
1519	11	864275	864595
1520	11	864595	865475
1521	11	865475	865595
1522	11	865595	866675
1523	11	866675	866795
1524	11	866795	867875
1525	11	867875	867995
1526	11	867995	869075
1527	11	869075	869195
1528	11	869195	870275
1529	11	870275	870395
1530	11	870395	871475
1531	11	871475	871595
1532	11	871595	872675
1533	11	872675	872795
1534	11	872795	873875
1535	11	873875	873995
1536	11	873995	875075
1537	11	875075	875295
1538	11	875295	876275
1539	11	876275	876395
1540	11	876395	877475
1541	11	877475	877595
1542	11	877595	878675
1543	11	878675	878795
1544	11	878795	879875
1545	11	879875	879995
1546	21	880125	880245
1547	21	880245	881325
1548	21	881325	881445
1549	21	881445	882525
1550	21	882525	882645
1551	21	882645	883725
1552	21	883725	883845
1553	21	883845	884925
1554	21	884925	885045
1555	21	885045	886125
1556	21	886125	886345
1557	21	886345	886564
1558	21	886564	887325
1559	21	887325	887445
1560	21	887445	888525
1561	21	888525	888645
1562	21	888645	889725
1563	21	889725	889845
1564	21	889845	890925
1565	21	890925	891045
1566	5	891449	891725
1567	5	891725	891845
1568	5	891845	892925
1569	5	892925	893145
1570	5	893145	894125
1571	5	894125	894245
1572	5	894245	895325
1573	5	895325	895445
1574	5	895445	896525
1575	5	896525	896745
1576	5	896745	897725
1577	5	897725	897845
1578	5	897845	898925
1579	5	898925	899045
1580	5	899045	900125
1581	5	900125	900245
1582	31	900464	900775
1583	31	900775	900895
1584	31	900895	901975
1585	31	901975	902095
1586	43	902275	902395
1587	43	902395	903348
1588	43	903348	903475
1589	43	903475	903595
1590	43	903595	904675
1591	43	904675	904795
1592	43	904795	905875
1593	43	905875	905995
1594	43	905995	907075
1595	43	907075	907195
1596	43	907195	907200
Site : Reunion
Anntenna : 2 nbContacts : 1597
	Sat 	StartTime 	EndTime 
0	23	0	575
1	23	575	895
2	23	895	1775
3	23	1775	1895
4	33	2025	2145
5	33	2145	3225
6	33	3225	3345
7	33	3345	4425
8	33	4425	4545
9	47	4775	4895
10	47	4895	5975
11	47	5975	6095
12	47	6095	6209
13	47	6209	7175
14	47	7175	7295
15	47	7295	8375
16	47	8375	8495
17	47	8495	9575
18	47	9575	9695
19	47	9695	10775
20	47	10895	11975
21	47	11975	12195
22	9	12225	12345
23	9	12345	12589
24	9	12589	13425
25	9	13425	13545
26	9	13545	14625
27	9	14625	14745
28	9	14745	15825
29	9	15825	15945
30	9	15945	17025
31	9	17025	17145
32	9	17145	18225
33	9	18225	18345
34	9	18345	19425
35	9	19425	19545
36	9	19545	20625
37	9	20625	20745
38	9	20745	21825
39	9	21825	22045
40	9	22045	23025
41	9	23025	23145
42	9	23145	24225
43	9	24225	24345
44	9	24345	25425
45	9	25425	25545
46	9	25545	26625
47	9	26625	26745
48	9	26745	27825
49	9	27825	27945
50	9	27945	29025
51	9	29025	29245
52	9	29245	29821
53	9	29821	30225
54	9	30225	30345
55	9	30345	31425
56	9	31425	31545
57	9	31545	32625
58	9	32625	32845
59	9	32845	33825
60	9	33825	33945
61	9	33945	35025
62	43	35084	35875
63	43	35875	35995
64	43	35995	37075
65	43	37075	37195
66	43	37195	38275
67	43	38275	38395
68	43	38395	39475
69	43	39475	39595
70	43	39595	40675
71	43	40675	40795
72	43	40795	41770
73	43	41770	41875
74	43	41875	41995
75	43	41995	43075
76	43	43075	43195
77	43	43195	44275
78	43	44275	44495
79	43	44495	45475
80	43	45475	45595
81	43	45595	46675
82	43	46675	46795
83	43	46795	47875
84	43	47875	47995
85	43	47995	49075
86	43	49075	49195
87	43	49195	50275
88	43	50275	50395
89	43	50395	51475
90	43	51475	51595
91	43	51595	52675
92	43	52675	52795
93	43	52795	53875
94	43	53875	53995
95	43	53995	54986
96	43	54986	55075
97	43	55075	55295
98	43	55295	56275
99	43	56275	56395
100	43	56395	57475
101	43	57475	57595
102	31	58375	58595
103	31	58595	59333
104	31	59333	59575
105	31	59575	59695
106	39	59775	59895
107	39	59895	60975
108	39	60975	61095
109	39	61095	62175
110	39	62175	62295
111	39	62295	62817
112	39	62817	63375
113	39	63375	63495
114	39	63495	64575
115	39	64575	64695
116	39	64695	65775
117	39	65775	65995
118	39	65995	66975
119	39	66975	67095
120	39	67095	68175
121	39	68175	68295
122	5	68525	68645
123	5	68645	69725
124	5	69725	69845
125	5	69845	70925
126	5	70925	71045
127	5	71045	72125
128	5	72125	72245
129	1	72641	73225
130	5	73325	73445
131	5	73445	74525
132	5	74525	74645
133	5	74645	74862
134	41	75402	75425
135	41	75425	75545
136	41	75545	76625
137	41	76625	76845
138	41	76845	77742
139	41	77742	77825
140	41	77825	77945
141	1	78025	78145
142	1	78145	79225
143	1	79225	79345
144	1	79345	80425
145	1	80425	80545
146	39	81375	81495
147	39	81495	82575
148	39	82575	82695
149	39	82695	83163
150	39	83163	83775
151	39	83775	83895
152	1	84025	84145
153	15	84350	84375
154	15	84375	84495
155	15	84495	85575
156	15	85575	85695
157	29	85925	86045
158	29	86045	86802
159	29	86802	87125
160	29	87125	87445
161	29	87445	88325
162	29	88325	88445
163	29	88445	89525
164	29	89525	89645
165	29	89645	89723
166	37	89725	89845
167	33	90068	90825
168	33	90825	90945
169	33	90945	92025
170	37	92125	92245
171	37	92245	93325
172	37	93325	93445
173	1	93625	93745
174	1	93745	94825
175	1	94825	94945
176	1	94945	95039
177	27	95475	95595
178	27	95595	96675
179	27	96675	96795
180	27	96795	97875
181	27	97875	98095
182	27	98095	99075
183	27	99075	99195
184	27	99195	100275
185	27	100275	100395
186	27	100395	101475
187	27	101475	101595
188	27	101595	102675
189	27	102675	102795
190	27	102795	103875
191	27	103875	103995
192	27	103995	105075
193	27	105075	105195
194	1	105625	105745
195	1	105745	106825
196	1	106825	106945
197	1	106945	107169
198	23	107375	107495
199	23	107495	107696
200	23	107696	108575
201	23	108575	108795
202	23	109775	109895
203	23	109895	110975
204	23	110975	111095
205	27	111195	111287
206	11	111425	111875
207	11	111875	111995
208	11	111995	113075
209	11	113075	113195
210	11	113195	114275
211	11	114275	114395
212	11	114395	115475
213	11	115475	115695
214	11	115695	116675
215	11	116675	116795
216	11	116795	117875
217	11	117875	117995
218	11	117995	119075
219	11	119075	119295
220	11	119295	120275
221	11	120275	120395
222	23	120575	120695
223	23	120695	121775
224	23	121775	121895
225	23	121895	122975
226	23	122975	123095
227	23	123095	124175
228	23	124175	124295
229	23	124295	125375
230	23	125375	125495
231	23	125495	125583
232	23	125583	126575
233	23	126575	126695
234	33	126825	126945
235	33	126945	128025
236	33	128025	128145
237	33	128145	129225
238	33	129225	129345
239	33	129345	130425
240	33	130425	130645
241	33	130645	131625
242	33	131625	131745
243	33	131745	132825
244	33	132825	132945
245	33	132945	134025
246	33	134025	134145
247	45	134204	134325
248	45	134325	134445
249	45	134445	135525
250	45	135525	135645
251	23	136175	136295
252	23	136295	136634
253	45	136725	136845
254	45	136845	137257
255	45	137257	137925
256	45	137925	138045
257	45	138045	139125
258	45	139125	139245
259	45	139245	140325
260	45	140325	140445
261	45	140445	141525
262	45	141525	141745
263	45	141745	142725
264	45	142725	142845
265	45	142845	143925
266	45	143925	144045
267	45	144045	145125
268	45	145125	145345
269	45	145345	146325
270	45	146325	146445
271	45	146445	147525
272	45	147525	147645
273	45	147645	148725
274	45	148725	148845
275	45	148845	149925
276	45	149925	150045
277	45	150045	151125
278	45	151125	151245
279	45	151245	152325
280	45	152325	152545
281	45	152545	153525
282	45	153525	153645
283	45	153645	154725
284	45	154725	154845
285	45	154845	155925
286	45	155925	156045
287	45	156045	157004
288	45	157004	157125
289	45	157125	157245
290	45	157245	158325
291	45	158325	158445
292	45	158445	158758
293	45	158758	159525
294	45	159525	159645
295	45	159645	160725
296	45	160725	160845
297	45	160845	161925
298	45	161925	162045
299	45	162045	163125
300	45	163125	163345
301	45	163345	164325
302	45	164325	164445
303	5	164525	164645
304	5	164645	165725
305	5	165725	165845
306	5	165845	166804
307	5	166804	166925
308	5	166925	167045
309	5	167045	168125
310	5	168125	168245
311	5	168245	169325
312	5	169325	169445
313	5	169445	170525
314	5	170525	170645
315	5	170645	170975
316	5	170975	171725
317	5	171725	171845
318	5	171845	172925
319	5	172925	173245
320	5	173245	174125
321	5	174125	174245
322	5	174245	175325
323	5	175325	175445
324	5	175445	176525
325	5	176525	176645
326	5	176645	177725
327	5	177725	177845
328	5	177845	178925
329	5	178925	179045
330	5	179045	180125
331	5	180125	180245
332	5	180245	181325
333	5	181325	181445
334	5	181445	182525
335	5	182525	182645
336	5	182645	183725
337	5	183725	183945
338	5	183945	184925
339	5	184925	185045
340	5	185045	186125
341	5	186125	186245
342	5	186245	187325
343	5	187325	187445
344	5	187445	188525
345	5	188525	188645
346	5	188645	189725
347	5	189725	189845
348	5	189845	190925
349	5	190925	191045
350	5	191045	192125
351	5	192125	192245
352	27	192601	192675
353	29	192725	192845
354	5	193325	193445
355	29	193925	194045
356	5	194525	194745
357	5	194745	195485
358	5	195485	195725
359	5	195725	195845
360	27	196275	196395
361	27	196395	197475
362	27	197475	197595
363	27	197595	198675
364	27	198675	198795
365	27	198795	199875
366	27	199875	199995
367	27	199995	201075
368	27	201075	201195
369	27	201195	202129
370	27	202129	202275
371	27	202275	202495
372	27	202495	203475
373	27	203475	203595
374	27	203595	204675
375	27	204675	204795
376	27	204795	205875
377	27	205875	206095
378	27	206095	207075
379	27	207075	207195
380	27	207195	208275
381	27	208275	208395
382	27	208395	209475
383	27	209475	209595
384	39	209775	209895
385	39	209895	210975
386	39	210975	211095
387	39	211095	212175
388	39	212175	212295
389	1	212425	212545
390	37	212691	213325
391	37	213325	213445
392	37	213445	214525
393	37	214525	214645
394	37	214645	215725
395	37	215725	215845
396	37	215845	216925
397	37	216925	217145
398	37	217145	218125
399	37	218125	218245
400	37	218245	219325
401	37	219325	219445
402	37	219445	220525
403	37	220525	220645
404	37	220645	221725
405	37	221725	221845
406	37	221845	222925
407	37	222925	223045
408	37	223045	224125
409	37	224125	224245
410	37	224245	225325
411	37	225325	225445
412	27	226275	226395
413	27	226395	227475
414	27	227475	227695
415	27	227695	228675
416	27	228675	228795
417	27	228795	229374
418	25	229825	229945
419	25	229945	230506
420	25	230506	231025
421	25	231025	231245
422	25	231245	232225
423	25	232225	232345
424	33	232425	232545
425	33	232545	232729
426	33	232729	233625
427	33	233625	233745
428	33	233745	234825
429	33	234825	234945
430	33	234945	236025
431	33	236025	236145
432	33	236145	237225
433	33	237225	237345
434	33	237345	238425
435	33	238425	238645
436	33	238645	239625
437	33	239625	239745
438	33	239745	240825
439	33	240825	240945
440	33	240945	242025
441	33	242025	242145
442	33	242145	243225
443	33	243225	243345
444	33	243345	244425
445	33	244425	244545
446	33	244545	245625
447	33	245625	245745
448	33	245745	246825
449	33	246825	246945
450	33	246945	248025
451	33	248025	248145
452	33	248145	249225
453	33	249225	249445
454	33	249445	250425
455	33	250425	250545
456	33	250545	251625
457	33	251625	251745
458	45	251809	251925
459	45	251925	252045
460	45	252045	253125
461	45	253125	253245
462	45	253245	254325
463	45	254325	254445
464	45	254445	255525
465	45	255525	255645
466	45	255645	256725
467	45	256725	256845
468	45	256845	257925
469	45	257925	258045
470	45	258045	259125
471	45	259125	259245
472	45	259245	260325
473	45	260325	260645
474	45	260645	261525
475	45	261525	261645
476	45	261645	262725
477	45	262725	262845
478	45	262845	263925
479	45	263925	264045
480	45	264045	265125
481	45	265125	265245
482	45	265245	265903
483	45	265903	266325
484	45	266325	266445
485	45	266445	267525
486	45	267525	267645
487	45	267645	268725
488	45	268725	268845
489	45	268845	269925
490	45	269925	270045
491	45	270045	271125
492	45	271125	271345
493	11	271475	271595
494	11	271595	272675
495	11	272675	272795
496	11	272795	273875
497	11	273875	273995
498	11	273995	275075
499	11	275075	275195
500	11	275195	276275
501	11	276275	276395
502	11	276395	276600
503	11	276600	277475
504	11	277475	277595
505	11	277595	278413
506	11	278413	278675
507	11	278675	278795
508	11	278795	279824
509	31	283394	283975
510	31	283975	284095
511	31	284095	285010
512	31	285010	285175
513	31	285175	285295
514	31	285295	286375
515	31	286375	286495
516	31	286495	287575
517	31	287575	287695
518	31	287695	288775
519	31	288775	288995
520	31	288995	289975
521	31	289975	290095
522	31	290095	291175
523	31	291175	291295
524	31	291295	292375
525	31	292375	292595
526	31	292595	293299
527	31	293299	293575
528	31	293575	293695
529	31	293695	294775
530	31	294775	294895
531	31	294895	295975
532	31	295975	296095
533	41	296225	296345
534	41	296345	297425
535	41	297425	297545
536	41	297545	298625
537	41	298625	298745
538	41	298745	299825
539	41	299825	299945
540	41	299945	301025
541	41	301025	301145
542	41	301145	301625
543	41	301625	302225
544	41	302225	302345
545	41	302345	303425
546	41	303425	303645
547	41	303645	304625
548	41	304625	304745
549	41	304745	305825
550	41	305825	305945
551	41	305945	307025
552	41	307025	307145
553	41	307145	308225
554	41	308225	308345
555	41	308345	309425
556	41	309425	309545
557	41	309545	310625
558	41	310625	310745
559	41	310745	311825
560	41	311825	311945
561	41	311945	313025
562	41	313025	313145
563	41	313145	314225
564	41	314225	314445
565	41	314445	315339
566	41	315339	315425
567	41	315425	315545
568	5	315725	315845
569	5	315845	316925
570	5	316925	317145
571	5	317145	318125
572	5	318125	318245
573	5	318245	319325
574	5	319325	319445
575	5	319445	320525
576	5	320525	320645
577	29	321125	321245
578	37	321325	321445
579	37	321445	322525
580	37	322525	322645
581	37	322645	323413
582	37	323413	323725
583	37	323725	323845
584	37	323845	324925
585	37	324925	325145
586	37	325145	326125
587	37	326125	326245
588	37	326245	327325
589	37	327325	327445
590	1	327625	327745
591	1	327745	328825
592	1	328825	328945
593	1	328945	330025
594	1	330025	330145
595	1	330145	331225
596	1	331225	331345
597	1	331345	332425
598	1	332425	332545
599	39	333184	333375
600	39	333375	333495
601	1	333625	333745
602	15	333975	334095
603	39	334575	334695
604	1	334825	335045
605	1	335045	336025
606	1	336025	336145
607	1	336145	337225
608	1	337225	337345
609	15	337575	337695
610	15	337695	337851
611	15	337851	338775
612	15	338775	338895
613	15	338895	339975
614	15	339975	340095
615	15	340095	341175
616	15	341175	341295
617	37	341725	341845
618	37	341845	342746
619	37	342746	342925
620	37	342925	343045
621	1	343225	343345
622	1	343345	344425
623	1	344425	344545
624	1	344545	345303
625	37	345325	345445
626	15	345975	346295
627	15	346295	347175
628	15	347175	347295
629	15	347295	348375
630	15	348375	348495
631	15	348495	349575
632	15	349575	349695
633	15	349695	350775
634	15	350775	350895
635	15	350895	351975
636	15	351975	352095
637	15	352095	353175
638	15	353175	353295
639	15	353295	354375
640	15	354375	354495
641	15	354495	355575
642	15	355575	355695
643	15	355695	356394
644	15	356394	356775
645	15	356775	356995
646	15	356995	357975
647	15	357975	358095
648	23	358175	358295
649	23	358295	359375
650	23	359375	359495
651	23	359495	360575
652	23	360575	360695
653	23	360695	360892
654	23	360892	361775
655	23	361775	361895
656	27	361995	362208
657	11	362541	362675
658	11	362675	362795
659	11	362795	363875
660	11	363875	363995
661	11	363995	365075
662	11	365075	365195
663	11	365195	366275
664	11	366275	366395
665	11	366395	367475
666	11	367475	367695
667	11	367695	368675
668	11	368675	368795
669	11	368795	369875
670	11	369875	369995
671	11	369995	371075
672	11	371075	371195
673	11	371195	372275
674	11	372275	372395
675	11	372395	373475
676	11	373475	373595
677	11	373595	374675
678	11	374675	374895
679	11	374895	375875
680	11	375875	375995
681	11	375995	377075
682	11	377075	377195
683	11	377195	377951
684	11	377951	378275
685	11	378275	378495
686	11	378495	379475
687	11	379475	379595
688	11	379595	380675
689	11	380675	380795
690	11	380795	381875
691	11	381875	381995
692	21	382125	382245
693	21	382245	383325
694	21	383325	383445
695	21	383445	384525
696	21	384525	384645
697	21	384645	385725
698	21	385725	385845
699	33	386025	386145
700	33	386145	387225
701	33	387225	387345
702	33	387345	388425
703	33	388425	388545
704	33	388545	389625
705	33	389625	389845
706	33	389845	390825
707	33	390825	390945
708	33	390945	391855
709	33	391855	392025
710	33	392025	392145
711	33	392145	392173
712	43	392931	393475
713	43	393475	393595
714	43	393595	394675
715	43	394675	394795
716	43	394795	395875
717	43	395875	395995
718	43	395995	396996
719	43	396996	397075
720	43	397075	397195
721	43	397195	398275
722	43	398275	398395
723	43	398395	399475
724	43	399475	399595
725	43	399595	400675
726	31	400686	401575
727	31	401575	401695
728	31	401695	402775
729	31	402775	402895
730	31	402895	403042
731	31	403042	403975
732	31	403975	404195
733	31	404195	405175
734	31	405175	405295
735	31	405295	406375
736	31	406375	406495
737	31	406495	406681
738	31	406681	407575
739	31	407575	407695
740	31	407695	408775
741	31	408775	408895
742	31	408895	409975
743	31	409975	410095
744	31	410095	411175
745	31	411175	411395
746	31	411395	412375
747	31	412375	412495
748	31	412495	413575
749	31	413575	413695
750	31	413695	413703
751	31	413703	414775
752	31	414775	414895
753	31	414895	415975
754	31	415975	416095
755	31	416095	417175
756	31	417175	417295
757	31	417295	417769
758	9	417825	417945
759	9	417945	419025
760	9	419025	419145
761	9	419145	420225
762	9	420225	420345
763	9	420345	421425
764	9	421425	421645
765	9	421645	421827
766	9	421827	422146
767	39	422175	422395
768	39	422395	423375
769	39	423375	423495
770	39	423495	424575
771	39	424575	424695
772	39	424695	425775
773	39	425775	425895
774	39	425895	426975
775	39	426975	427095
776	39	427095	428175
777	39	428175	428295
778	39	428295	429375
779	39	429375	429495
780	39	429495	430575
781	39	430575	430695
782	39	430695	431775
783	39	431775	431895
784	39	431895	432975
785	39	432975	433295
786	39	433295	434175
787	39	434175	434295
788	39	434295	435375
789	39	435375	435495
790	39	435495	436575
791	39	436575	436695
792	39	436695	437002
793	39	437002	437775
794	39	437775	437895
795	39	437895	438975
796	39	438975	439095
797	39	439095	440175
798	39	440175	440295
799	39	440295	441375
800	39	441375	441495
801	39	441495	442575
802	39	442575	442695
803	1	443045	443369
804	1	443369	444025
805	1	444025	444145
806	27	444675	444795
807	27	444795	445875
808	27	445875	445995
809	27	445995	447075
810	27	447075	447195
811	27	447195	448275
812	27	448275	448395
813	27	448395	449475
814	27	449475	449595
815	27	449595	449724
816	27	449724	450675
817	27	450675	450795
818	27	450795	451875
819	27	451875	451995
820	3	452475	452595
821	3	452595	453675
822	3	453675	453895
823	15	453975	454195
824	27	454275	454495
825	27	454495	455475
826	27	455475	455595
827	27	455595	456675
828	27	456675	456795
829	27	456795	457875
830	27	457875	457995
831	27	457995	459075
832	27	459075	459195
833	27	459195	460275
834	27	460275	460395
835	27	460395	461475
836	27	461475	461695
837	27	461695	462675
838	27	462675	462795
839	27	462795	463875
840	27	463875	463995
841	37	464125	464245
842	37	464245	465325
843	37	465325	465545
844	37	465545	466525
845	37	466525	466645
846	13	467125	467245
847	13	467245	468325
848	13	468325	468445
849	13	468445	469525
850	13	469525	469645
851	13	469645	470725
852	13	470725	470845
853	13	470845	471925
854	13	471925	472045
855	13	472045	472844
856	13	472844	473125
857	13	473125	473245
858	23	473319	473375
859	23	473375	473495
860	23	473495	474575
861	23	474575	474695
862	23	474695	475775
863	23	475775	475995
864	23	475995	476975
865	23	476975	477095
866	23	477095	478175
867	23	478175	478295
868	23	478295	479375
869	23	479375	479495
870	23	479495	480575
871	23	480575	480695
872	23	480695	481775
873	23	481775	481895
874	23	481895	482975
875	23	482975	483095
876	23	483095	484175
877	23	484175	484295
878	33	484425	484545
879	33	484545	485625
880	33	485625	485745
881	33	485745	486825
882	33	486825	487045
883	33	487045	488025
884	33	488025	488145
885	33	488145	489225
886	33	489225	489345
887	33	489345	490425
888	33	490425	490645
889	33	490645	491625
890	33	491625	491745
891	33	491745	492825
892	33	492825	492945
893	47	493175	493295
894	47	493295	493587
895	47	493587	494375
896	47	494375	494495
897	47	494495	495575
898	47	495575	495695
899	47	495695	496775
900	47	496775	496895
901	47	496895	497975
902	47	497975	498195
903	11	498275	498395
904	11	498395	499475
905	11	499475	499595
906	11	499595	500675
907	11	500675	500795
908	11	500795	501875
909	11	501875	501995
910	11	501995	502184
911	11	502184	503075
912	11	503075	503195
913	11	503195	504275
914	11	504275	504395
915	11	504395	505475
916	11	505475	505595
917	11	505595	506675
918	11	506675	506795
919	11	506795	507875
920	11	507875	508095
921	11	508095	509075
922	11	509075	509195
923	11	509195	510275
924	11	510275	510395
925	11	510395	511475
926	11	511475	511595
927	11	511595	512675
928	11	512675	512795
929	11	512795	513875
930	11	513875	513995
931	11	513995	515075
932	11	515075	515195
933	11	515195	515726
934	11	515726	516275
935	11	516275	516395
936	11	516395	517475
937	11	517475	517595
938	11	517595	518675
939	11	518675	518995
940	11	518995	519875
941	11	519875	519995
942	21	520125	520245
943	21	520245	520465
944	21	520465	521325
945	21	521325	521445
946	43	521875	521995
947	43	521995	523075
948	43	523075	523195
949	43	523195	524275
950	43	524275	524395
951	43	524395	525475
952	43	525475	525595
953	43	525595	525614
954	43	525614	526675
955	43	526675	526795
956	43	526795	527875
957	43	527875	527995
958	43	527995	529075
959	43	529075	529195
960	43	529195	530275
961	43	530275	530495
962	43	530495	531475
963	5	531725	531845
964	5	531845	532925
965	5	532925	533045
966	5	533045	533095
967	5	533095	534125
968	5	534125	534245
969	5	534245	535325
970	5	535325	535445
971	5	535445	536525
972	5	536525	536645
973	5	536645	537725
974	5	537725	537845
975	5	537845	538925
976	5	538925	539045
977	5	539045	540125
978	5	540125	540345
979	5	540345	541325
980	5	541325	541445
981	5	541445	542525
982	5	542525	542645
983	5	542645	543725
984	5	543725	543845
985	5	543845	544925
986	5	544925	545045
987	5	545045	546125
988	5	546125	546245
989	5	546245	547325
990	5	547325	547545
991	5	547545	548525
992	5	548525	548645
993	5	548645	549089
994	5	549089	549725
995	5	549725	549845
996	5	549845	550925
997	5	550925	551145
998	29	551525	551745
999	29	551745	552725
1000	29	552725	552845
1001	29	552845	553843
1002	29	553843	553925
1003	29	553925	554045
1004	29	554045	555125
1005	29	555125	555245
1006	29	555245	556325
1007	29	556325	556445
1008	29	556445	557525
1009	29	557525	557645
1010	29	557645	558725
1011	29	558725	558845
1012	29	558845	559925
1013	29	559925	560045
1014	29	560045	561125
1015	29	561125	561245
1016	29	561245	562325
1017	29	562325	562545
1018	29	562545	563525
1019	29	563525	563645
1020	29	563645	564725
1021	29	564725	564845
1022	29	564845	565925
1023	29	565925	566045
1024	29	566045	567125
1025	29	567125	567245
1026	29	567245	568325
1027	29	568325	568445
1028	29	568445	569525
1029	29	569525	569645
1030	29	569645	570725
1031	29	570725	570845
1032	29	570845	571925
1033	29	571925	572045
1034	37	572125	572245
1035	37	572245	573325
1036	37	573325	573545
1037	37	573545	574525
1038	37	574525	574645
1039	37	574645	575725
1040	37	575725	575845
1041	37	575845	576925
1042	37	576925	577145
1043	37	577145	578125
1044	37	578125	578245
1045	37	578245	579325
1046	37	579325	579445
1047	37	579445	580525
1048	37	580525	580645
1049	37	580645	581725
1050	37	581725	581845
1051	37	581845	582925
1052	37	582925	583045
1053	37	583045	584125
1054	37	584125	584345
1055	37	584345	585325
1056	37	585325	585445
1057	37	585445	586525
1058	37	586525	586645
1059	37	586645	587652
1060	35	587675	587795
1061	35	587795	588875
1062	35	588875	588995
1063	35	588995	590075
1064	35	590075	590195
1065	35	590195	591275
1066	35	591275	591395
1067	35	591395	592475
1068	35	592475	592595
1069	35	592595	593675
1070	35	593675	593795
1071	35	593795	594875
1072	35	594875	595095
1073	35	595095	596075
1074	35	596075	596195
1075	35	596195	597275
1076	35	597275	597395
1077	35	597395	598475
1078	35	598475	598595
1079	35	598595	599675
1080	35	599675	599795
1081	35	599795	600875
1082	35	600875	600995
1083	35	600995	602075
1084	35	602075	602195
1085	35	602195	602340
1086	47	602375	602495
1087	47	602495	602743
1088	47	602743	603575
1089	47	603575	603695
1090	47	603695	604775
1091	47	604775	604895
1092	13	605125	605445
1093	13	605445	606325
1094	13	606325	606445
1095	13	606445	607525
1096	13	607525	607645
1097	13	607645	608725
1098	13	608725	608845
1099	13	608845	609925
1100	13	609925	610045
1101	13	610045	611125
1102	13	611125	611245
1103	13	611245	612325
1104	13	612325	612445
1105	13	612445	613525
1106	13	613525	613645
1107	11	613833	614675
1108	11	614675	614795
1109	11	614795	615875
1110	11	615875	616095
1111	21	616125	616345
1112	21	616345	617325
1113	21	617325	617445
1114	21	617445	618525
1115	21	618525	618645
1116	21	618645	619725
1117	21	619725	619845
1118	21	619845	620711
1119	21	620711	620925
1120	21	620925	621045
1121	21	621045	622125
1122	21	622125	622245
1123	25	622345	622568
1124	9	622770	623025
1125	9	623025	623145
1126	9	623145	624225
1127	9	624225	624345
1128	9	624345	625425
1129	9	625425	625545
1130	9	625545	626625
1131	9	626625	626845
1132	9	626845	627825
1133	9	627825	627945
1134	9	627945	629025
1135	9	629025	629145
1136	9	629145	630225
1137	9	630225	630345
1138	9	630345	631425
1139	9	631425	631545
1140	9	631545	632625
1141	9	632625	632745
1142	9	632745	633825
1143	9	633825	634045
1144	9	634045	635025
1145	9	635025	635145
1146	9	635145	636225
1147	9	636225	636345
1148	9	636345	637425
1149	9	637425	637645
1150	9	637645	638625
1151	9	638625	638745
1152	9	638745	639825
1153	9	639825	639945
1154	9	639945	641025
1155	9	641025	641145
1156	9	641145	642225
1157	9	642225	642345
1158	9	642345	643425
1159	9	643425	643545
1160	9	643545	644511
1161	21	644925	645045
1162	21	645045	646125
1163	21	646125	646245
1164	21	646245	647325
1165	21	647325	647445
1166	21	647445	648525
1167	21	648525	648745
1168	21	648745	649725
1169	21	649725	649845
1170	21	649845	650061
1171	31	651492	652375
1172	31	652375	652495
1173	31	652495	652704
1174	31	652704	653575
1175	31	653575	653695
1176	31	653695	654775
1177	31	654775	654895
1178	31	654895	655975
1179	31	655975	656095
1180	31	656095	657175
1181	31	657175	657295
1182	31	657295	658375
1183	31	658375	658495
1184	9	658729	659025
1185	9	659025	659245
1186	5	672125	672245
1187	5	672245	673114
1188	5	673114	673325
1189	5	673325	673445
1190	5	674525	674645
1191	5	674645	675725
1192	5	675725	675845
1193	5	675845	676925
1194	5	676925	677045
1195	5	677045	678125
1196	5	678125	678245
1197	5	678245	679325
1198	5	679325	679445
1199	5	679445	680525
1200	5	680525	680745
1201	5	680745	681725
1202	5	681725	681845
1203	5	681845	682925
1204	5	682925	683045
1205	5	683045	684125
1206	5	684125	684245
1207	5	684245	685325
1208	5	685325	685445
1209	5	685445	686144
1210	41	686225	686345
1211	41	686345	687425
1212	41	687425	687545
1213	41	687545	688625
1214	41	688625	688745
1215	41	688745	689825
1216	29	690007	690725
1217	29	690725	690845
1218	29	690845	691925
1219	29	691925	692245
1220	29	692245	693125
1221	29	693125	693245
1222	29	693245	694325
1223	29	694325	694445
1224	29	694445	695525
1225	29	695525	695645
1226	29	695645	695710
1227	29	695710	696725
1228	29	696725	696845
1229	29	696845	697925
1230	29	697925	698045
1231	29	698045	699125
1232	29	699125	699245
1233	29	699245	700325
1234	29	700325	700445
1235	29	700445	701525
1236	29	701525	701645
1237	29	701645	702725
1238	29	702725	702945
1239	29	702945	703925
1240	29	703925	704045
1241	29	704045	705125
1242	29	705125	705245
1243	29	705245	705890
1244	15	705975	706095
1245	15	706095	707175
1246	15	707175	707295
1247	3	707429	708075
1248	3	708075	708195
1249	3	708195	709208
1250	1	709225	709345
1251	1	709345	710425
1252	1	710425	710545
1253	1	710545	711625
1254	1	711625	711745
1255	1	711745	712825
1256	1	712825	713045
1257	15	713175	713395
1258	15	713395	714375
1259	15	714375	714495
1260	25	714625	714745
1261	25	714745	715825
1262	25	715825	715945
1263	25	715945	717025
1264	25	717025	717145
1265	25	717145	718225
1266	25	718225	718345
1267	25	718345	719425
1268	25	719425	719545
1269	25	719545	720625
1270	25	720625	720845
1271	25	720845	721825
1272	25	721825	721945
1273	25	721945	723025
1274	25	723025	723145
1275	25	723145	724225
1276	25	724225	724445
1277	25	724445	725425
1278	25	725425	725545
1279	25	725545	726068
1280	11	726275	726395
1281	11	726395	727475
1282	11	727475	727595
1283	11	727595	728675
1284	13	728725	728845
1285	13	728845	729925
1286	13	729925	730045
1287	13	730045	731125
1288	13	731125	731245
1289	21	731325	731445
1290	21	731445	732525
1291	21	732525	732645
1292	21	732645	733566
1293	21	733566	733725
1294	21	733725	733845
1295	21	733845	734925
1296	21	734925	735145
1297	21	735145	736125
1298	21	736125	736245
1299	21	736245	737325
1300	21	737325	737445
1301	21	737445	738525
1302	21	738525	738645
1303	21	738645	739725
1304	21	739725	739845
1305	21	739845	740925
1306	21	740925	741045
1307	21	741045	742125
1308	21	742125	742245
1309	21	742245	743325
1310	21	743325	743445
1311	21	743445	744525
1312	21	744525	744645
1313	21	744645	745725
1314	21	745725	745945
1315	21	745945	746925
1316	21	746925	747045
1317	21	747045	748125
1318	21	748125	748245
1319	21	748245	749325
1320	21	749325	749545
1321	21	749545	749764
1322	21	749764	750525
1323	21	750525	750645
1324	21	750645	751725
1325	21	751725	751845
1326	21	751845	752925
1327	21	752925	753045
1328	33	753225	753345
1329	33	753345	754425
1330	33	754425	754545
1331	33	754545	755625
1332	33	755625	755745
1333	33	755745	756825
1334	33	756825	757045
1335	33	757045	757371
1336	9	757425	757545
1337	9	757545	758625
1338	9	758625	758745
1339	9	758745	759825
1340	9	759825	759945
1341	9	759945	761025
1342	9	761025	761145
1343	9	761145	762030
1344	9	762030	762225
1345	9	762225	762345
1346	9	762345	763425
1347	9	763425	763545
1348	47	764027	764375
1349	47	764375	764495
1350	9	764625	764745
1351	47	765575	765695
1352	9	765825	765945
1353	9	765945	767025
1354	9	767025	767245
1355	11	767295	768275
1356	11	768275	768395
1357	11	768395	769475
1358	11	769475	769595
1359	11	769595	770675
1360	11	770675	770795
1361	11	770795	771875
1362	11	771875	771995
1363	11	771995	772506
1364	41	772615	772625
1365	41	772625	772745
1366	41	772745	773825
1367	41	773825	773945
1368	41	773945	775025
1369	41	775025	775145
1370	41	775145	776225
1371	41	776225	776345
1372	41	776345	777425
1373	41	777425	777545
1374	41	777545	778625
1375	41	778625	778945
1376	41	778945	779825
1377	41	779825	779945
1378	41	779945	781025
1379	41	781025	781145
1380	41	781145	782225
1381	41	782225	782345
1382	41	782345	783425
1383	41	783425	783545
1384	41	783545	784625
1385	41	784625	784745
1386	41	784745	785343
1387	41	785343	785501
1388	31	785575	785695
1389	31	785695	786775
1390	31	786775	786895
1391	31	786895	787975
1392	31	787975	788095
1393	31	788095	789175
1394	31	789175	789395
1395	31	789395	790375
1396	31	790375	790495
1397	31	790495	791575
1398	31	791575	791695
1399	31	791695	792775
1400	31	792775	792895
1401	31	792895	793975
1402	31	793975	794095
1403	31	794095	795175
1404	31	795175	795295
1405	31	795295	796375
1406	31	796375	796495
1407	31	796495	797575
1408	31	797575	797695
1409	31	797695	798775
1410	31	798775	798895
1411	31	798895	799975
1412	31	799975	800195
1413	31	800195	801175
1414	31	801175	801295
1415	31	801295	802375
1416	31	802375	802495
1417	31	802495	803575
1418	31	803575	803695
1419	31	803695	804775
1420	31	804775	804895
1421	31	804895	805975
1422	31	805975	806095
1423	41	806225	806345
1424	41	806345	807199
1425	41	807199	807425
1426	41	807425	807645
1427	41	807645	808625
1428	41	808625	808745
1429	41	808745	809825
1430	41	809825	809945
1431	41	809945	811025
1432	41	811025	811245
1433	41	811245	812225
1434	41	812225	812345
1435	41	812345	813425
1436	41	813425	813545
1437	41	813545	813909
1438	15	813975	814095
1439	27	814260	814275
1440	27	814275	814395
1441	27	814395	815475
1442	27	815475	815595
1443	37	815725	815845
1444	37	815845	816925
1445	37	816925	817045
1446	37	817045	818125
1447	37	818125	818245
1448	37	818245	819325
1449	37	819325	819445
1450	37	819445	820525
1451	37	820525	820645
1452	37	820645	821290
1453	37	821290	821725
1454	37	821725	821945
1455	37	821945	822925
1456	37	822925	823045
1457	25	823242	823825
1458	25	823825	823945
1459	25	823945	825025
1460	25	825025	825145
1461	25	825145	826225
1462	25	826225	826345
1463	25	826345	827425
1464	25	827425	827545
1465	25	827545	828625
1466	25	828625	828745
1467	25	828745	829825
1468	25	829825	829945
1469	25	829945	831025
1470	25	831025	831145
1471	25	831145	832225
1472	25	832225	832445
1473	25	832445	833425
1474	25	833425	833545
1475	35	833675	833795
1476	25	834625	834745
1477	1	835225	835445
1478	35	836075	836295
1479	35	837275	837395
1480	35	837395	838475
1481	35	838475	838595
1482	35	838595	839675
1483	35	839675	839795
1484	35	840875	840995
1485	35	840995	842075
1486	35	842075	842195
1487	35	842195	843275
1488	35	843275	843495
1489	21	844125	844245
1490	35	844475	844595
1491	35	844595	845675
1492	35	845675	845795
1493	35	845795	846875
1494	35	846875	846995
1495	35	846995	848075
1496	35	848075	848195
1497	35	848195	849275
1498	35	849275	849395
1499	35	849395	850475
1500	35	850475	850595
1501	35	850595	851675
1502	35	851675	851795
1503	35	851795	852875
1504	35	852875	852995
1505	47	853107	853175
1506	47	853175	853295
1507	47	853295	854375
1508	47	854375	854595
1509	13	854725	854845
1510	13	854845	855925
1511	13	855925	856045
1512	13	856045	857125
1513	13	857125	857245
1514	13	857245	858325
1515	13	858325	858445
1516	13	858445	859525
1517	13	859525	859645
1518	13	859645	860725
1519	13	860725	860845
1520	13	860845	861925
1521	13	861925	862045
1522	13	862045	863125
1523	13	863125	863245
1524	13	863245	864325
1525	13	864325	864645
1526	13	864645	865525
1527	13	865525	865645
1528	13	865645	866098
1529	13	866098	866725
1530	13	866725	866845
1531	13	866845	867925
1532	13	867925	868045
1533	13	868045	869125
1534	13	869125	869245
1535	21	869325	869445
1536	21	869445	870525
1537	21	870525	870645
1538	21	870645	871725
1539	21	871725	871845
1540	21	871845	872925
1541	21	872925	873045
1542	21	873045	873711
1543	21	873711	874125
1544	21	874125	874245
1545	21	874245	875325
1546	21	875325	875545
1547	21	875545	876525
1548	21	876525	876645
1549	21	876645	877725
1550	21	877725	877845
1551	21	877845	878925
1552	21	878925	879045
1553	23	879095	880175
1554	23	880175	880295
1555	23	880295	881375
1556	23	881375	881495
1557	23	881495	882575
1558	23	882575	882695
1559	23	882695	882954
1560	47	888432	888987
1561	47	888987	889175
1562	47	889175	889295
1563	47	889295	889670
1564	47	889670	890375
1565	47	890375	890495
1566	47	890495	891575
1567	47	891575	891695
1568	47	891695	892775
1569	47	892775	892895
1570	47	892895	893975
1571	47	893975	894195
1572	47	894195	895175
1573	47	895175	895295
1574	47	895295	896375
1575	47	896375	896495
1576	47	896495	897575
1577	47	897575	897795
1578	47	897795	898775
1579	47	898775	898895
1580	47	898895	899975
1581	47	899975	900095
1582	47	900095	901175
1583	47	901175	901295
1584	47	901295	902375
1585	47	902375	902495
1586	47	902495	903070
1587	31	903175	903295
1588	31	903295	904099
1589	31	904099	904375
1590	31	904375	904495
1591	41	904625	904745
1592	41	904745	905825
1593	41	905825	905945
1594	41	905945	907025
1595	41	907025	907145
1596	41	907145	907200
Site : Reunion
Anntenna : 3 nbContacts : 1580
	Sat 	StartTime 	EndTime 
0	11	0	275
1	11	275	595
2	11	595	1475
3	11	1475	1595
4	11	1595	2062
5	11	2062	2675
6	11	2675	2795
7	11	2795	3875
8	11	3875	3995
9	11	3995	5075
10	11	5075	5195
11	11	5195	6275
12	11	6275	6395
13	11	6395	7475
14	11	7475	7595
15	11	7595	8675
16	11	8675	8795
17	11	8795	9875
18	11	9875	9995
19	11	9995	11075
20	11	11075	11295
21	11	11295	12275
22	11	12275	12395
23	11	12395	13475
24	11	13475	13595
25	11	13595	14675
26	11	14675	14795
27	11	14795	15875
28	11	15875	15995
29	11	15995	17075
30	11	17075	17195
31	11	17195	18275
32	11	18275	18395
33	23	18575	18695
34	23	18695	19775
35	23	19775	19895
36	23	19895	20975
37	23	20975	21095
38	23	21095	21401
39	47	26790	27411
40	47	27411	27575
41	47	27575	27695
42	47	27695	28152
43	47	28152	28775
44	47	28775	28895
45	47	28895	29975
46	47	29975	30195
47	47	30195	31175
48	47	31175	31295
49	47	31295	32375
50	47	32375	32495
51	47	32495	33575
52	47	33575	33795
53	47	33795	34775
54	47	34775	34895
55	47	34895	35975
56	47	35975	36095
57	47	36095	37175
58	47	37175	37295
59	47	37295	38375
60	47	38375	38495
61	47	38495	39575
62	47	39575	39695
63	5	39725	39845
64	5	39845	40925
65	5	40925	41045
66	5	41045	42053
67	5	42053	42125
68	5	42125	42245
69	5	42245	43325
70	5	43325	43545
71	31	43975	44195
72	31	44195	45175
73	31	45175	45295
74	31	45295	46375
75	31	46375	46495
76	31	46495	47575
77	31	47575	47695
78	31	47695	48775
79	31	48775	48895
80	31	48895	49975
81	31	49975	50095
82	31	50095	51175
83	31	51175	51295
84	31	51295	52375
85	31	52375	52495
86	31	52495	53575
87	31	53575	53695
88	31	53695	54775
89	31	54775	54995
90	31	54995	55975
91	31	55975	56095
92	31	56095	57175
93	31	57175	57295
94	39	57375	57495
95	39	57495	58575
96	39	58575	58795
97	5	58925	59045
98	5	59045	60125
99	5	60125	60245
100	5	60245	61325
101	5	61325	61445
102	5	61445	62525
103	5	62525	62645
104	5	62645	63725
105	5	63725	63845
106	5	63845	64340
107	5	64340	64925
108	5	64925	65145
109	5	65145	66125
110	5	66125	66245
111	5	66245	67325
112	5	67325	67445
113	27	67875	67995
114	27	67995	69075
115	27	69075	69195
116	27	69195	70275
117	27	70275	70395
118	27	70395	71475
119	27	71475	71595
120	27	71595	71677
121	27	71677	72675
122	27	72675	72795
123	27	72795	73125
124	3	73275	73395
125	3	73395	74475
126	3	74475	74595
127	3	74595	75675
128	3	75675	75895
129	3	75895	76875
130	3	76875	76995
131	3	76995	78075
132	3	78075	78195
133	3	78195	79275
134	3	79275	79395
135	3	79395	80475
136	3	80475	80595
137	3	80595	81675
138	3	81675	81795
139	3	81795	82875
140	3	82875	82995
141	3	82995	84075
142	3	84075	84195
143	3	84195	84948
144	39	84975	85095
145	1	85225	85345
146	1	85345	86425
147	1	86425	86745
148	1	86745	87625
149	1	87625	87745
150	27	87912	88275
151	27	88275	88395
152	27	88395	89475
153	27	89475	89595
154	27	89595	90675
155	27	90675	90795
156	27	90795	91875
157	27	91875	91995
158	27	91995	93075
159	27	93075	93195
160	27	93195	94043
161	27	94043	94275
162	27	94275	94395
163	25	94432	95425
164	25	95425	95545
165	25	95545	96625
166	25	96625	96745
167	25	96745	97825
168	25	97825	98045
169	25	98045	99025
170	25	99025	99145
171	25	99145	100225
172	25	100225	100345
173	25	100345	101057
174	25	101057	101425
175	25	101425	101545
176	25	101545	102625
177	25	102625	102745
178	25	102745	103825
179	25	103825	103945
180	25	103945	105025
181	25	105025	105145
182	25	105145	106225
183	25	106225	106345
184	25	106345	107425
185	25	107425	107545
186	25	107545	108625
187	25	108625	108845
188	25	108845	109825
189	25	109825	109945
190	25	109945	111025
191	25	111025	111145
192	25	111145	112225
193	25	112225	112345
194	25	112345	113425
195	25	113425	113545
196	25	113545	114625
197	25	114625	114745
198	25	114745	114953
199	25	114953	115825
200	25	115825	116045
201	35	116075	116295
202	35	116295	116483
203	35	116483	117275
204	35	117275	117395
205	35	117395	118475
206	35	118475	118595
207	35	118595	119675
208	35	119675	119895
209	35	119895	120875
210	35	120875	120995
211	37	121045	121249
212	37	121249	121415
213	11	121475	121595
214	11	121595	122675
215	11	122675	122795
216	11	122795	123875
217	11	123875	123995
218	11	123995	124362
219	11	124362	125075
220	11	125075	125195
221	11	125195	126275
222	11	126275	126395
223	11	126395	127475
224	11	127475	127595
225	23	127775	127895
226	23	127895	128975
227	23	128975	129095
228	23	129095	130175
229	23	130175	130395
230	35	130475	130695
231	35	130695	131502
232	35	131502	131675
233	23	131720	132575
234	23	132575	132695
235	23	132695	133775
236	23	133775	133895
237	23	133895	134975
238	23	134975	135095
239	33	135225	135345
240	33	135345	136425
241	33	136425	136545
242	33	136545	137625
243	33	137625	137745
244	33	137745	138825
245	33	138825	138945
246	33	138945	140025
247	33	140025	140145
248	33	140145	141225
249	33	141225	141445
250	33	141445	141469
251	33	141469	141753
252	11	142316	143075
253	11	143075	143195
254	11	143195	144275
255	11	144275	144495
256	11	144495	145475
257	11	145475	145595
258	11	145595	146155
259	11	146155	146675
260	11	146675	146795
261	11	146795	147875
262	11	147875	147995
263	11	147995	149075
264	11	149075	149195
265	11	149195	150275
266	11	150275	150395
267	11	150395	151475
268	11	151475	151695
269	11	151695	152169
270	11	152169	152675
271	11	152675	152795
272	11	152795	153875
273	11	153875	153995
274	11	153995	155075
275	11	155075	155195
276	11	155195	156275
277	11	156275	156395
278	11	156395	157475
279	11	157475	157595
280	11	157595	158675
281	11	158675	158795
282	11	158795	159875
283	11	159875	159995
284	11	159995	161075
285	11	161075	161195
286	11	161195	161464
287	11	161464	161780
288	41	161825	161945
289	41	161945	162096
290	41	162096	163025
291	41	163025	163245
292	41	163245	164225
293	41	164225	164345
294	41	164345	165425
295	41	165425	165545
296	41	165545	166625
297	41	166625	166745
298	41	166745	167825
299	41	167825	167945
300	41	167945	169025
301	41	169025	169145
302	41	169145	170225
303	41	170225	170345
304	41	170345	171425
305	41	171425	171545
306	41	171545	172625
307	41	172625	172745
308	41	172745	173825
309	41	173825	174145
310	41	174145	175025
311	41	175025	175145
312	41	175145	176225
313	41	176225	176345
314	41	176345	177324
315	41	177324	177425
316	41	177425	177545
317	41	177545	178625
318	41	178745	179825
319	41	179825	179945
320	37	183325	183445
321	37	183445	184525
322	29	184545	185525
323	29	185525	185645
324	29	185645	186725
325	29	186725	186845
326	29	186845	187925
327	29	187925	188045
328	29	188045	189125
329	29	189125	189245
330	29	189245	189921
331	29	189921	190325
332	29	190325	190445
333	29	190445	191525
334	29	191525	191645
335	1	191990	192025
336	1	192025	192145
337	1	192145	193225
338	1	193225	193345
339	1	193345	194425
340	1	194425	194645
341	1	194645	195625
342	1	195625	195745
343	1	195745	196825
344	1	196825	196945
345	1	196945	198025
346	1	198025	198145
347	1	198145	199225
348	1	199225	199345
349	1	199345	200425
350	1	200425	200545
351	1	200545	201625
352	1	201625	201845
353	1	201845	202825
354	1	202825	202945
355	1	202945	204025
356	1	204025	204145
357	1	204145	205225
358	1	205225	205445
359	1	205445	206425
360	1	206425	206545
361	1	206545	206830
362	1	206830	207625
363	1	207625	207745
364	25	207772	208225
365	25	208225	208345
366	25	208345	209425
367	25	209425	209545
368	25	209545	210625
369	25	210625	210745
370	25	210745	211825
371	25	211825	211945
372	25	211945	213025
373	25	213025	213145
374	25	213145	214225
375	25	214225	214345
376	35	214475	214595
377	35	214595	215675
378	35	215675	215795
379	35	215795	216875
380	35	216875	217095
381	35	217095	218075
382	35	218075	218195
383	35	218195	219275
384	35	219275	219395
385	35	219517	220475
386	35	220475	220595
387	23	220716	221375
388	23	221375	221495
389	35	221675	221795
390	23	221924	222575
391	23	222575	222695
392	23	222695	223775
393	23	223775	223895
394	23	223895	224975
395	23	224975	225095
396	23	225095	226175
397	23	226175	226295
398	23	226295	227375
399	23	227375	227595
400	33	227625	227845
401	33	227845	228825
402	33	228825	228945
403	33	228945	230025
404	33	230025	230145
405	21	230301	230925
406	21	230925	231145
407	21	231145	232125
408	21	232125	232245
409	21	232245	233325
410	21	233325	233445
411	21	233445	234525
412	23	234575	234695
413	23	234695	235775
414	23	235775	235895
415	23	235895	236384
416	23	236384	236975
417	23	236975	237095
418	23	237095	238175
419	23	238175	238395
420	23	238395	239375
421	23	239375	239495
422	47	239975	240095
423	47	240095	241175
424	47	241175	241295
425	47	241295	242375
426	47	242375	242495
427	47	242495	242953
428	47	242953	243575
429	47	243575	243695
430	13	243925	244045
431	13	244045	245125
432	13	245125	245245
433	13	245245	246325
434	13	246325	246445
435	13	246445	247525
436	13	247525	247645
437	35	248075	248195
438	35	248195	248986
439	35	248986	249275
440	35	249275	249495
441	47	249575	249795
442	47	249795	250775
443	47	250775	250895
444	47	250895	251975
445	47	251975	252095
446	47	252095	253175
447	47	253175	253295
448	47	253295	254375
449	47	254375	254495
450	11	254675	254795
451	11	254795	255875
452	11	255875	255995
453	11	255995	257075
454	11	257075	257195
455	11	257195	258275
456	11	258275	258395
457	11	258395	259475
458	11	259475	259795
459	11	259795	260675
460	11	260675	260795
461	11	260795	261875
462	11	261875	261995
463	11	261995	263075
464	11	263075	263195
465	11	263195	264275
466	11	264275	264395
467	11	264395	265073
468	43	265075	265195
469	43	265195	266275
470	43	266275	266395
471	43	266395	267475
472	43	267475	267595
473	43	267595	268675
474	43	268675	268795
475	43	268795	269875
476	43	269875	269995
477	43	269995	271075
478	43	271075	271295
479	43	271295	272259
480	43	272259	272275
481	43	272275	272395
482	43	272395	273475
483	43	273475	273595
484	43	273595	274205
485	5	280727	280925
486	5	280925	281145
487	5	281145	281773
488	5	281773	282125
489	5	282125	282245
490	5	282245	283325
491	5	283325	283445
492	5	283445	284525
493	5	284525	284645
494	5	284645	285725
495	5	285725	285845
496	5	285845	286925
497	5	286925	287045
498	5	287045	288125
499	5	288125	288345
500	5	288345	289325
501	5	289325	289445
502	5	289445	290525
503	5	290525	290645
504	5	290645	291725
505	5	291725	291945
506	5	291945	292925
507	5	292925	293045
508	5	293045	294125
509	5	294125	294245
510	5	294245	295325
511	5	295325	295445
512	5	295445	296525
513	5	296525	296645
514	31	297175	297295
515	31	297295	298375
516	31	298375	298495
517	31	298495	299575
518	31	299575	299695
519	31	299695	300775
520	31	300775	300895
521	31	300895	301975
522	31	301975	302095
523	31	302095	303175
524	31	303175	303395
525	31	303395	304375
526	31	304375	304495
527	31	304495	305575
528	31	305575	305695
529	31	305695	306775
530	31	306775	306895
531	31	306895	307975
532	31	307975	308095
533	31	308095	309175
534	31	309175	309295
535	31	309295	310375
536	31	310375	310495
537	31	310495	311575
538	31	311575	311695
539	39	311775	311895
540	31	312775	312895
541	31	312895	313305
542	31	313305	313975
543	39	314175	314395
544	39	314395	315375
545	39	315375	315495
546	39	315495	316575
547	39	316575	316695
548	39	316695	317775
549	39	317775	317995
550	39	317995	318975
551	39	318975	319095
552	3	319275	319395
553	3	319395	320475
554	3	320475	320595
555	3	320595	321675
556	3	321675	321795
557	29	322325	322445
558	29	322445	323525
559	29	323525	323645
560	39	323775	323895
561	39	323895	324975
562	39	324975	325195
563	39	325195	325614
564	25	325825	325945
565	25	325945	327025
566	25	327025	327145
567	25	327145	328225
568	25	328225	328345
569	25	328345	329425
570	25	329425	329545
571	27	329595	330675
572	27	330675	330795
573	27	330795	330800
574	35	330875	330995
575	35	330995	332075
576	35	332075	332195
577	35	332195	332655
578	35	332655	333275
579	35	333275	333395
580	35	333395	334475
581	35	334475	334595
582	35	334595	335675
583	35	335675	335895
584	35	335895	336875
585	35	336875	336995
586	35	336995	338075
587	35	338075	338195
588	35	338195	339275
589	35	339275	339395
590	35	339395	340475
591	35	340475	340595
592	35	340595	341675
593	35	341675	341795
594	35	341795	342875
595	35	342875	342995
596	35	342995	344075
597	35	344075	344195
598	35	344195	345275
599	35	345275	345395
600	35	345395	346475
601	35	346475	346795
602	35	346795	347675
603	35	347675	347795
604	35	347795	348456
605	35	348456	348875
606	35	348875	348995
607	35	348995	350075
608	35	350075	350195
609	13	350725	350845
610	13	350845	351925
611	13	351925	352045
612	13	352045	353125
613	13	353125	353245
614	13	353245	353448
615	13	353448	354325
616	13	354325	354445
617	13	354445	355525
618	13	355525	355645
619	13	355645	356725
620	13	356725	356945
621	13	356945	357925
622	13	357925	358045
623	13	358045	359125
624	13	359125	359245
625	13	359245	360325
626	13	360325	360445
627	13	360445	361525
628	13	361525	361645
629	13	361645	362725
630	13	362725	362845
631	13	362845	363925
632	13	363925	364045
633	13	364045	365125
634	13	365125	365245
635	13	365245	366325
636	13	366325	366445
637	13	366445	367525
638	13	367525	367745
639	13	367745	368725
640	13	368725	368845
641	13	368845	369925
642	13	369925	370045
643	13	370045	371125
644	13	371125	371245
645	13	371245	372197
646	13	372325	372445
647	21	372525	372645
648	21	372645	373725
649	21	373725	373845
650	21	373845	374925
651	21	374925	375145
652	21	375145	376125
653	21	376125	376245
654	21	376245	377325
655	21	377325	377445
656	21	377445	378525
657	21	378525	378745
658	21	378745	379725
659	21	379725	379845
660	21	379845	380925
661	21	380925	381045
662	33	381225	381345
663	33	381345	382425
664	33	382425	382545
665	33	382545	383171
666	33	383171	383625
667	33	383625	383745
668	33	383745	384825
669	33	384825	384945
670	47	385175	385295
671	47	385295	386375
672	47	386375	386495
673	47	386495	387575
674	47	387575	387695
675	47	387695	388775
676	47	388775	388895
677	47	388895	389975
678	47	389975	390195
679	47	390195	391175
680	47	391175	391295
681	47	391295	392375
682	47	392375	392495
683	47	392495	393575
684	47	393575	393695
685	47	393695	394775
686	47	394775	394895
687	47	394895	395748
688	47	395748	395975
689	47	395975	396095
690	47	396095	397175
691	47	397175	397295
692	47	397295	398375
693	47	398375	398495
694	47	398495	399575
695	47	399575	399695
696	47	399695	400775
697	47	400775	400995
698	47	400995	401975
699	43	401995	402046
700	43	402046	403075
701	43	403075	403195
702	43	403195	404275
703	43	404275	404495
704	43	404495	405475
705	43	405475	405595
706	43	405595	406675
707	43	406675	406795
708	43	406795	407875
709	43	407875	407995
710	43	407995	409075
711	43	409075	409195
712	43	409195	410275
713	43	410275	410395
714	43	410395	411475
715	43	411475	411695
716	43	411695	412675
717	43	412675	412795
718	43	412795	413875
719	43	413875	413995
720	43	413995	415075
721	43	415075	415195
722	43	415195	416275
723	43	416275	416395
724	43	416395	417475
725	43	417475	417595
726	43	417595	418675
727	43	418675	418795
728	43	418795	419875
729	43	419875	419995
730	43	419995	421075
731	43	421075	421195
732	43	421195	422275
733	43	422275	422495
734	43	422495	423475
735	43	423475	423595
736	43	423595	424675
737	43	424675	424795
738	43	424795	425615
739	43	425615	425875
740	43	425875	425995
741	43	425995	427075
742	43	427075	427195
743	43	427195	428275
744	43	428275	428395
745	3	428475	428595
746	3	428595	429675
747	3	429675	429795
748	3	429795	430875
749	3	430875	430995
750	3	430995	432075
751	3	432075	432395
752	3	432395	432819
753	3	432819	433275
754	3	433275	433395
755	31	433975	434095
756	31	434095	435175
757	31	435175	435295
758	31	435295	435793
759	31	435793	436375
760	31	436375	436495
761	31	436495	437575
762	31	437575	437695
763	31	437695	438775
764	31	438775	438895
765	31	438895	439975
766	31	439975	440095
767	31	440095	441175
768	31	441175	441295
769	31	441295	442375
770	31	442375	442495
771	31	442495	443575
772	31	443575	443795
773	31	443795	444775
774	31	444775	444895
775	37	444925	445045
776	1	445225	445345
777	1	445345	446425
778	1	446425	446545
779	1	446545	447625
780	1	447625	447745
781	1	447745	448825
782	1	448825	448945
783	1	448945	450025
784	1	450025	450145
785	1	450145	451225
786	1	451225	451345
787	1	451345	452425
788	1	452425	452545
789	1	452545	453625
790	1	453625	453845
791	1	453845	454825
792	1	454825	454945
793	15	455175	455295
794	15	455295	456375
795	15	456375	456495
796	15	456495	457575
797	15	457575	457695
798	15	457695	458775
799	15	458775	458895
800	15	458895	459975
801	15	459975	460095
802	15	460095	461175
803	15	461175	461395
804	15	461395	462375
805	15	462375	462495
806	15	462495	463575
807	15	463575	463695
808	15	463695	464775
809	15	464775	464995
810	15	464995	465975
811	15	465975	466095
812	15	466095	466519
813	15	466519	467175
814	15	467175	467295
815	15	467295	468375
816	15	468375	468495
817	27	468675	468795
818	27	468795	469875
819	27	469875	469995
820	27	469995	471075
821	27	471075	471195
822	35	471275	471395
823	35	471395	472475
824	35	472475	472595
825	35	472595	473675
826	35	473675	473795
827	35	473795	474875
828	35	474875	474995
829	35	474995	476075
830	35	476075	476295
831	35	476295	477275
832	35	477275	477395
833	35	477395	478475
834	35	478475	478595
835	35	478595	479675
836	35	479675	479795
837	35	479795	480875
838	35	480875	480995
839	35	480995	482075
840	35	482075	482195
841	35	482195	483275
842	35	483275	483395
843	35	483395	484475
844	35	484475	484595
845	47	484775	484895
846	23	485375	485495
847	23	485495	486575
848	23	486575	486795
849	23	486795	487775
850	23	487775	487895
851	23	487895	488975
852	23	488975	489095
853	23	489095	490128
854	23	490128	490175
855	23	490175	490395
856	23	490395	491375
857	23	491375	491495
858	23	491495	492575
859	23	492575	492695
860	23	492695	493775
861	23	493775	493895
862	33	494025	494145
863	33	494145	495225
864	33	495225	495345
865	33	495345	495538
866	33	495538	496425
867	33	496425	496545
868	33	496545	497625
869	33	497625	497845
870	33	497845	498825
871	33	498825	498945
872	47	499175	499295
873	47	499295	500375
874	47	500375	500495
875	47	500495	501575
876	47	501575	501695
877	47	501695	502775
878	47	502775	502895
879	47	502895	503975
880	47	503975	504095
881	47	504095	505175
882	47	505175	505295
883	47	505295	506375
884	47	506375	506495
885	47	506495	507575
886	47	507575	507695
887	9	507825	508045
888	9	508045	508880
889	9	508880	509025
890	9	509025	509145
891	9	509145	510225
892	9	510225	510345
893	9	510345	511425
894	9	511425	511545
895	13	511645	511909
896	43	512139	512275
897	43	512275	512395
898	43	512395	513475
899	43	513475	513595
900	43	513595	514675
901	43	514675	514795
902	43	514795	515875
903	43	515875	515995
904	43	515995	517075
905	43	517075	517195
906	43	517195	518275
907	43	518275	518395
908	43	518395	519475
909	43	519475	519795
910	43	519795	520675
911	43	520675	520795
912	41	520840	521825
913	41	521825	521945
914	41	521945	523025
915	41	523025	523145
916	41	523145	524225
917	41	524225	524345
918	41	524345	525425
919	41	525425	525545
920	45	525645	526525
921	41	526625	526745
922	41	526745	527825
923	41	527825	527945
924	41	527945	529025
925	41	529025	529145
926	41	529145	530225
927	41	530225	530445
928	41	530445	531425
929	41	531425	531545
930	41	531545	532057
931	41	532057	532458
932	31	533356	533575
933	31	533575	533695
934	31	533695	534775
935	31	534775	534895
936	31	534895	535975
937	31	535975	536095
938	31	536095	537175
939	31	537175	537295
940	31	537295	538375
941	31	538375	538495
942	31	538495	539575
943	31	539575	539695
944	31	539695	540775
945	31	540775	540995
946	31	540995	541975
947	31	541975	542095
948	31	542095	543175
949	31	543175	543295
950	31	543295	544375
951	31	544375	544495
952	31	544495	545575
953	31	545575	545695
954	31	545695	546775
955	31	546775	546895
956	31	546895	547975
957	31	547975	548195
958	31	548195	549175
959	31	549175	549295
960	31	549295	550375
961	31	550375	550495
962	31	550495	551575
963	31	551575	551795
964	31	551795	552775
965	31	552775	552895
966	31	552895	553975
967	31	553975	554095
968	31	554095	555175
969	31	555175	555295
970	31	555295	556336
971	39	556575	556695
972	39	556695	557775
973	39	557775	557895
974	39	557895	558975
975	39	558975	559095
976	39	559095	560175
977	39	560175	560295
978	39	560295	561375
979	39	561375	561495
980	39	561495	562575
981	39	562575	562795
982	27	563015	563475
983	27	563475	563595
984	27	563595	564675
985	27	564675	564795
986	27	564795	565875
987	27	565875	565995
988	27	565995	567075
989	27	567075	567195
990	27	567195	568275
991	27	568275	568395
992	27	568395	569475
993	27	569475	569595
994	27	569595	570675
995	27	570675	570795
996	27	570795	571875
997	27	571875	571995
998	27	571995	573075
999	27	573075	573295
1000	27	573295	574275
1001	27	574275	574395
1002	27	574395	575475
1003	27	575475	575595
1004	27	575595	576675
1005	27	576675	576895
1006	27	576895	577875
1007	27	577875	577995
1008	27	577995	578621
1009	27	578621	579075
1010	27	579075	579195
1011	27	579195	580275
1012	27	580275	580395
1013	27	580395	581475
1014	27	581475	581595
1015	27	581595	582675
1016	27	582675	582795
1017	35	582875	582995
1018	35	582995	583862
1019	35	583862	584075
1020	35	584075	584295
1021	35	584295	585275
1022	35	585275	585395
1023	35	585395	586475
1024	35	586475	586595
1025	1	586825	586945
1026	1	586945	588025
1027	1	588025	588145
1028	15	588375	588495
1029	15	588495	589575
1030	15	589575	589695
1031	15	589695	590775
1032	15	590775	590895
1033	15	590895	591070
1034	15	591070	591975
1035	15	591975	592095
1036	33	592425	592545
1037	33	592545	592877
1038	33	592877	593625
1039	33	593625	593745
1040	33	593745	594825
1041	33	594825	595045
1042	33	595045	596025
1043	33	596025	596145
1044	33	596145	597225
1045	33	597225	597345
1046	33	597345	598425
1047	33	598425	598545
1048	33	598545	599625
1049	33	599625	599745
1050	33	599745	600825
1051	33	600825	600945
1052	33	600945	602025
1053	33	602025	602145
1054	25	602250	603025
1055	25	603025	603145
1056	33	603225	603345
1057	33	603345	604425
1058	33	604425	604545
1059	33	604545	605625
1060	33	605625	605945
1061	33	605945	606825
1062	33	606825	606945
1063	33	606945	608025
1064	33	608025	608145
1065	33	608145	609225
1066	33	609225	609345
1067	33	609345	610425
1068	33	610425	610545
1069	33	610545	611625
1070	33	611625	611745
1071	33	611745	612825
1072	33	612825	612945
1073	33	612945	614025
1074	33	614025	614145
1075	33	614145	615075
1076	45	615525	615645
1077	45	615645	616725
1078	47	616775	616995
1079	11	617075	617195
1080	11	617195	618275
1081	11	618275	618395
1082	11	618395	619475
1083	11	619475	619595
1084	11	619595	620675
1085	11	620675	620795
1086	11	620795	621875
1087	11	621875	621995
1088	11	621995	623075
1089	11	623075	623195
1090	11	623195	624275
1091	11	624275	624395
1092	21	624525	624645
1093	11	625475	625595
1094	21	625725	625845
1095	21	625845	626925
1096	21	626925	627145
1097	21	627145	628125
1098	21	628125	628245
1099	21	628245	629325
1100	21	629325	629445
1101	21	629445	630525
1102	21	630525	630645
1103	21	630645	631725
1104	21	631725	631845
1105	21	631845	632925
1106	21	632925	633045
1107	33	633225	633345
1108	33	633345	634425
1109	33	634425	634645
1110	33	634645	635625
1111	33	635625	635745
1112	33	635745	636825
1113	33	636825	636945
1114	33	636945	638025
1115	33	638025	638245
1116	45	638325	638545
1117	45	638545	639525
1118	45	639525	639645
1119	45	639645	640725
1120	45	640725	640845
1121	45	640845	641925
1122	45	641925	642045
1123	45	642045	643125
1124	45	643125	643245
1125	45	643245	643479
1126	45	643479	644325
1127	45	644325	644445
1128	45	644445	645525
1129	45	645525	645645
1130	45	645645	646725
1131	45	646725	646845
1132	45	646845	647925
1133	45	647925	648045
1134	45	648045	649125
1135	45	649125	649345
1136	45	649345	650325
1137	45	650325	650445
1138	45	650445	651525
1139	45	651525	651645
1140	45	651645	652725
1141	45	652725	652845
1142	45	652845	653925
1143	45	653925	654045
1144	45	654045	655125
1145	45	655125	655245
1146	45	655245	656168
1147	45	656168	656325
1148	45	656325	656445
1149	45	656445	657525
1150	45	657525	657645
1151	45	657645	658725
1152	31	659575	659795
1153	31	659795	660775
1154	31	660775	660895
1155	31	660895	661975
1156	31	661975	662095
1157	31	662095	663175
1158	31	663175	663395
1159	31	664375	664495
1160	31	664495	665575
1161	31	665575	665695
1162	31	665695	666775
1163	31	666775	666895
1164	31	666895	667177
1165	31	668095	669175
1166	31	669175	669295
1167	31	669295	670375
1168	31	670375	670595
1169	29	673472	673925
1170	29	673925	674045
1171	3	675675	675795
1172	3	675795	676875
1173	3	676875	676995
1174	3	676995	678075
1175	3	678075	678195
1176	43	678922	679075
1177	43	679075	679195
1178	43	679195	679782
1179	3	679891	680475
1180	3	680475	680695
1181	3	680695	681675
1182	3	681675	681795
1183	37	682525	682645
1184	37	682645	683725
1185	37	683725	683845
1186	37	683845	684925
1187	37	684925	685045
1188	37	685045	686125
1189	37	686125	686245
1190	37	686245	687325
1191	37	687325	687445
1192	37	687445	688525
1193	37	688525	688645
1194	37	688645	689725
1195	37	689725	689845
1196	37	689845	690925
1197	37	690925	691045
1198	37	691045	692125
1199	37	692125	692445
1200	37	692445	693325
1201	37	693325	693445
1202	37	693445	694525
1203	37	694525	694645
1204	37	694645	695725
1205	37	695725	695845
1206	37	695845	696696
1207	37	696696	696925
1208	37	696925	697045
1209	37	697045	698125
1210	37	698125	698245
1211	37	698245	699325
1212	37	699325	699445
1213	37	699445	700525
1214	37	700525	700645
1215	37	700645	701725
1216	37	701725	701845
1217	37	701845	702925
1218	37	702925	703145
1219	37	703145	703171
1220	1	703225	703345
1221	1	703345	704425
1222	1	704425	704545
1223	1	704545	705625
1224	1	705625	705745
1225	1	705745	706825
1226	1	706825	706945
1227	1	706945	708025
1228	1	708025	708145
1229	15	708375	708495
1230	15	708495	709575
1231	15	709575	709695
1232	15	709695	710775
1233	15	710775	710895
1234	15	710895	711975
1235	15	711975	712095
1236	25	712225	712345
1237	25	712345	713425
1238	25	713425	713645
1239	1	714025	714145
1240	1	714145	714620
1241	1	714620	715225
1242	1	715225	715345
1243	15	715575	715695
1244	15	715695	716775
1245	15	716775	716895
1246	15	716895	717975
1247	15	717975	718095
1248	15	718095	719175
1249	15	719175	719295
1250	15	719295	720242
1251	15	720242	720375
1252	15	720375	720595
1253	15	720595	721575
1254	15	721575	721695
1255	15	721695	722775
1256	15	722775	722895
1257	23	722975	723095
1258	23	723095	724071
1259	23	724071	724175
1260	23	724175	724395
1261	23	724395	725375
1262	23	725375	725495
1263	23	725495	726575
1264	23	726575	726695
1265	23	726695	727775
1266	23	727775	727895
1267	23	727895	728975
1268	23	728975	729095
1269	23	729095	730175
1270	23	730175	730295
1271	23	730295	731375
1272	23	731375	731495
1273	23	731495	732575
1274	23	732575	732695
1275	23	732695	733775
1276	23	733775	733895
1277	23	733895	734975
1278	23	734975	735195
1279	25	735245	735838
1280	25	735838	736225
1281	25	736225	736345
1282	25	736345	737425
1283	25	737425	737545
1284	25	737545	738625
1285	25	738625	738745
1286	25	738745	739825
1287	25	739825	739945
1288	25	739945	740745
1289	23	740975	741095
1290	23	741095	742175
1291	23	742175	742295
1292	23	742295	743375
1293	23	743375	743495
1294	23	743495	744100
1295	23	744100	744575
1296	23	744575	744695
1297	23	744695	745775
1298	23	745775	745995
1299	23	745995	746975
1300	23	746975	747095
1301	23	747095	748175
1302	23	748175	748295
1303	23	748295	749375
1304	23	749375	749595
1305	33	749625	749845
1306	33	749845	750825
1307	33	750825	750945
1308	33	750945	752025
1309	33	752025	752145
1310	45	752325	752445
1311	45	752445	753525
1312	45	753525	753645
1313	45	753645	754187
1314	45	754187	754725
1315	45	754725	754845
1316	45	754845	755925
1317	45	755925	756045
1318	45	756045	757125
1319	45	757125	757345
1320	45	757345	758325
1321	45	758325	758445
1322	45	758445	759525
1323	45	759525	759645
1324	45	759645	760725
1325	45	760725	760845
1326	45	760845	761925
1327	45	761925	762045
1328	45	762045	763125
1329	45	763125	763245
1330	45	763245	764325
1331	45	764325	764445
1332	45	764445	765525
1333	45	765525	765645
1334	45	765645	766725
1335	45	766725	766845
1336	45	766845	767925
1337	45	767925	768145
1338	45	768145	769125
1339	45	769125	769245
1340	45	769245	770325
1341	45	770325	770445
1342	45	770445	771525
1343	45	771525	771645
1344	45	771645	772725
1345	45	772725	772845
1346	45	772845	773542
1347	45	773542	773925
1348	45	773925	774045
1349	45	774045	775125
1350	45	775125	775245
1351	45	775245	776325
1352	45	776325	776445
1353	5	776525	776645
1354	5	776645	777725
1355	5	777725	778045
1356	5	778045	778925
1357	5	778925	779045
1358	5	779045	780125
1359	5	780125	780245
1360	5	780245	781325
1361	5	781325	781445
1362	5	781445	782525
1363	5	782525	782645
1364	5	782645	783725
1365	5	783725	783845
1366	5	783845	784224
1367	5	784224	784925
1368	5	784925	785045
1369	5	785045	786125
1370	5	786125	786245
1371	5	786245	787325
1372	5	787325	787445
1373	5	787445	788525
1374	5	788525	788745
1375	5	788745	789725
1376	5	789725	789845
1377	5	789845	790925
1378	5	790925	791045
1379	5	791045	792125
1380	5	792125	792245
1381	5	792245	793325
1382	5	793325	793445
1383	5	793445	794525
1384	5	794525	794645
1385	5	794645	795725
1386	5	795725	795845
1387	5	795845	796925
1388	5	796925	797045
1389	5	797045	798125
1390	5	798125	798245
1391	5	798245	799325
1392	5	799325	799545
1393	5	799545	800525
1394	5	800525	800645
1395	5	800645	801725
1396	5	801725	801845
1397	5	801845	802925
1398	5	802925	803045
1399	29	803525	803645
1400	29	803645	804725
1401	29	804725	804845
1402	29	804845	805925
1403	29	805925	806045
1404	29	806045	807125
1405	29	807125	807345
1406	29	807345	808325
1407	29	808325	808445
1408	29	808445	809525
1409	29	809525	809645
1410	29	809645	810725
1411	29	810725	810945
1412	29	810945	811925
1413	29	811925	812045
1414	29	812045	813125
1415	29	813125	813245
1416	29	813245	814325
1417	29	814325	814445
1418	29	814445	815525
1419	29	815525	815645
1420	29	815645	816725
1421	29	816725	816845
1422	29	816845	817925
1423	29	817925	818045
1424	29	818045	819125
1425	29	819125	819245
1426	29	819245	820325
1427	29	820325	820445
1428	29	820445	821525
1429	29	821525	821745
1430	29	821745	822725
1431	29	822725	822845
1432	29	822845	823925
1433	29	823925	824045
1434	37	824125	824245
1435	29	825125	825245
1436	37	825325	825445
1437	29	826325	826445
1438	29	826445	826986
1439	29	826986	827525
1440	29	827525	827645
1441	29	827645	828725
1442	29	828725	828845
1443	35	828875	828995
1444	35	828995	830075
1445	35	830075	830195
1446	35	830195	831275
1447	35	831275	831395
1448	23	831464	832175
1449	1	832207	832825
1450	1	832825	832945
1451	1	832945	834025
1452	35	834875	834995
1453	25	835825	836045
1454	25	836045	837025
1455	25	837025	837145
1456	25	837145	838225
1457	25	838225	838345
1458	25	838345	839425
1459	25	839425	839545
1460	25	839545	840625
1461	25	840625	840745
1462	33	843225	843445
1463	33	843445	844218
1464	33	844218	844425
1465	33	844425	844545
1466	13	844695	845125
1467	13	845125	845245
1468	13	845245	846325
1469	13	846325	846445
1470	13	846445	847525
1471	13	847525	847645
1472	13	847645	848725
1473	13	848725	848845
1474	13	848845	849925
1475	13	849925	850045
1476	13	850045	850884
1477	13	850884	851125
1478	13	851125	851245
1479	13	851245	852325
1480	13	852325	852445
1481	13	852445	853525
1482	13	853525	853745
1483	35	854075	854295
1484	35	854295	855275
1485	35	855275	855395
1486	47	855575	855695
1487	47	855695	856775
1488	47	856775	856895
1489	47	856895	857975
1490	47	857975	858095
1491	47	858095	859175
1492	47	859175	859295
1493	47	859295	860375
1494	47	860375	860495
1495	47	860495	861575
1496	47	861575	861695
1497	47	861695	862775
1498	47	862775	862895
1499	47	862895	863975
1500	47	863975	864095
1501	47	864095	865175
1502	47	865175	865495
1503	47	865495	866375
1504	47	866375	866495
1505	23	866581	866975
1506	23	866975	867095
1507	23	867095	868175
1508	23	868175	868295
1509	23	868295	869375
1510	23	869375	869495
1511	23	869495	870575
1512	23	870575	870695
1513	23	870695	871775
1514	23	871775	871895
1515	23	871895	872975
1516	23	872975	873095
1517	23	873095	874175
1518	23	874175	874295
1519	23	874295	875375
1520	23	875375	875595
1521	23	875595	875599
1522	45	875925	876145
1523	45	876145	877125
1524	45	877125	877245
1525	45	877245	877371
1526	13	877525	877645
1527	13	877645	878725
1528	13	878725	878845
1529	13	878845	879925
1530	13	879925	880045
1531	13	880045	880454
1532	13	880454	880606
1533	11	881075	881195
1534	11	881195	882275
1535	11	882275	882395
1536	11	882395	883475
1537	11	883475	883595
1538	11	883595	884675
1539	11	884675	884795
1540	11	884795	885845
1541	11	885845	885875
1542	11	885875	886095
1543	11	886095	887075
1544	11	887075	887195
1545	11	887195	888275
1546	11	888275	888395
1547	11	888395	889475
1548	11	889475	889595
1549	11	889595	890444
1550	45	890756	891525
1551	45	891525	891645
1552	45	891645	892725
1553	45	892725	892845
1554	45	892845	893925
1555	45	893925	894145
1556	45	894145	895125
1557	45	895125	895245
1558	45	895245	896254
1559	45	896254	896325
1560	45	896325	896445
1561	45	896445	897525
1562	45	897525	897745
1563	45	897745	898725
1564	45	898725	898845
1565	45	898845	899925
1566	45	899925	900045
1567	45	900045	901125
1568	45	901125	901245
1569	45	901245	902325
1570	45	902325	902445
1571	45	902445	903525
1572	45	903525	903645
1573	45	903645	904725
1574	45	904725	904845
1575	45	904845	905925
1576	45	905925	906045
1577	45	906045	906096
1578	45	906096	907080
1579	45	907080	907200
-----------------
Site : Noumea
-----------------
Site : Noumea
Anntenna : 0 nbContacts : 1537
	Sat 	StartTime 	EndTime 
0	25	0	625
1	25	625	945
2	25	945	1825
3	25	1825	1945
4	25	1945	3025
5	25	3025	3145
6	25	3145	4225
7	25	4225	4345
8	37	4525	4645
9	37	4645	5725
10	37	5725	5845
11	37	5845	6477
12	37	6477	6925
13	37	6925	7045
14	1	7225	7345
15	1	7345	7785
16	1	7785	8425
17	1	8425	8545
18	1	8545	9625
19	1	9625	9745
20	1	9745	9908
21	13	9925	10045
22	13	10045	11125
23	13	11125	11345
24	13	11345	12325
25	13	12325	12445
26	13	12445	13525
27	13	13525	13645
28	13	13645	14725
29	13	14725	14845
30	27	15075	15195
31	37	15445	16525
32	37	16525	16645
33	37	16645	17725
34	37	17725	17845
35	37	17845	18925
36	33	18945	20025
37	33	20025	20145
38	33	20145	20178
39	33	20178	21225
40	33	21225	21345
41	33	21345	22425
42	33	22425	22645
43	33	22645	23625
44	33	23625	23745
45	33	23745	24825
46	33	24825	24945
47	33	24945	26025
48	33	26025	26145
49	33	26145	27225
50	33	27225	27345
51	33	27345	28425
52	33	28425	28545
53	33	28545	29075
54	33	29075	29625
55	33	29625	29845
56	33	29845	30825
57	33	30825	30945
58	33	30945	32025
59	33	32025	32145
60	33	32145	33225
61	33	33225	33445
62	33	33445	34425
63	33	34425	34545
64	33	34545	35625
65	33	35625	35745
66	33	35745	36825
67	33	36825	36945
68	33	36945	38025
69	33	38025	38145
70	33	38145	39225
71	33	39225	39345
72	33	39345	40425
73	35	40475	40595
74	35	40595	41675
75	35	41675	41795
76	47	41844	41975
77	47	41975	42095
78	47	42095	43175
79	47	43175	43295
80	47	44375	44595
81	47	44595	45575
82	47	45575	45695
83	47	45695	46775
84	47	46775	46895
85	47	46895	47975
86	47	47975	48095
87	47	48095	49175
88	47	49175	49295
89	47	49295	50375
90	47	50375	50495
91	47	50495	51575
92	47	51575	51695
93	11	51875	51995
94	11	51995	53075
95	11	53075	53195
96	11	53195	54275
97	11	54275	54495
98	11	54495	55475
99	11	55475	55595
100	11	55595	56675
101	11	56675	56795
102	11	56795	57875
103	11	57875	58095
104	11	58095	59075
105	11	59075	59195
106	11	59195	60275
107	11	60275	60395
108	11	60395	61475
109	11	61475	61595
110	11	61595	62675
111	11	62675	62795
112	11	62795	63875
113	11	63875	63995
114	11	63995	65075
115	11	65075	65295
116	11	65295	66275
117	11	66275	66395
118	11	66395	67475
119	11	67475	67595
120	11	67595	68675
121	11	68675	68795
122	11	68795	69875
123	11	69875	69995
124	11	69995	71075
125	11	71075	71195
126	11	71195	72275
127	21	72525	72645
128	21	72645	73725
129	5	74862	75725
130	5	75725	75945
131	5	75945	76925
132	5	76925	77045
133	5	77045	78125
134	5	78125	78245
135	5	78245	79325
136	5	79325	79445
137	5	79445	80525
138	5	80525	80645
139	5	80645	81135
140	5	81135	81463
141	5	81463	81725
142	5	81725	81845
143	5	81845	82925
144	5	82925	83045
145	5	83045	84125
146	5	84125	84245
147	5	84245	85325
148	5	85325	85445
149	5	85445	86525
150	5	86525	86845
151	5	86845	87725
152	5	87725	87845
153	5	87845	88925
154	5	88925	89045
155	29	89723	90725
156	29	90725	90845
157	29	90845	91925
158	29	91925	92045
159	29	92045	93125
160	29	93125	93245
161	29	93245	94325
162	29	94325	94445
163	29	94445	95525
164	29	95525	95645
165	29	95645	96725
166	29	96725	96845
167	29	96845	97925
168	29	97925	98145
169	29	98145	99125
170	29	99125	99245
171	29	99245	100325
172	29	100325	100445
173	29	100445	101525
174	29	101525	101645
175	29	101645	101849
176	29	101849	102725
177	29	102725	102845
178	29	102845	103925
179	29	103925	104045
180	29	104045	105125
181	29	105245	106325
182	29	106325	106445
183	29	106445	107525
184	29	107525	107645
185	29	107645	108725
186	29	108945	109925
187	29	109925	110045
188	29	110045	111125
189	29	111125	111245
190	29	111245	112325
191	29	112325	112445
192	29	112445	113525
193	29	113525	113645
194	29	113645	114725
195	29	114725	114845
196	29	114845	115925
197	25	116045	117025
198	25	117025	117145
199	25	117145	118225
200	25	118225	118345
201	25	118345	119425
202	25	119425	119645
203	25	119645	120625
204	25	120625	120745
205	25	120745	121825
206	25	121825	121945
207	25	121945	123025
208	25	123025	123145
209	25	123145	124225
210	25	124225	124345
211	25	124345	125425
212	25	125425	125545
213	25	125545	126625
214	25	126625	126745
215	25	126745	126961
216	25	126961	127825
217	25	127825	127945
218	25	127945	129025
219	25	129025	129145
220	25	129145	130225
221	25	130225	130445
222	25	130445	131255
223	25	131255	131425
224	25	131425	131545
225	35	131675	131795
226	35	131795	131819
227	35	131819	132875
228	35	132875	132995
229	35	132995	134075
230	35	134075	134195
231	35	134195	135275
232	35	135275	135395
233	35	135395	136475
234	35	136475	136595
235	35	136595	137675
236	35	137675	137795
237	35	137795	138875
238	35	138875	138995
239	35	138995	140075
240	35	140075	140195
241	35	140195	141275
242	35	141275	141495
243	35	141495	142475
244	35	142475	142595
245	1	142825	142945
246	1	142945	144025
247	1	144025	144245
248	1	144245	145225
249	25	145331	145825
250	25	145825	145945
251	25	145945	147025
252	25	147025	147145
253	25	147145	147936
254	25	147936	148225
255	25	148225	148345
256	25	148345	149425
257	25	149425	149545
258	25	149545	150625
259	25	150625	150745
260	33	150825	150945
261	33	150945	151989
262	33	151989	152025
263	33	152025	152245
264	33	152245	153225
265	33	153225	153345
266	33	153345	154425
267	33	154425	154545
268	33	154545	155194
269	33	155194	155625
270	33	155625	155745
271	33	155745	156825
272	33	156825	156945
273	33	156945	158025
274	33	158025	158145
275	33	158145	159002
276	25	159025	159145
277	25	159145	160225
278	25	160225	160345
279	25	160345	161425
280	25	161425	161545
281	25	161545	162625
282	25	162625	162845
283	25	162845	163825
284	25	163825	163945
285	25	163945	165025
286	25	165025	165145
287	9	165310	165825
288	9	165825	165945
289	9	165945	167025
290	13	167125	167245
291	13	167245	168325
292	13	168325	168445
293	13	168445	169525
294	13	169525	169645
295	13	169645	170725
296	13	170725	170845
297	13	170845	171925
298	9	171945	172027
299	9	172027	173025
300	9	173025	173345
301	9	173345	174225
302	9	174225	174345
303	9	174345	175425
304	9	175425	175545
305	9	175545	176625
306	9	176625	176745
307	9	176745	177825
308	9	177825	177945
309	9	177945	179025
310	9	179025	179145
311	9	179145	179997
312	9	179997	180225
313	9	180225	180345
314	9	180345	181425
315	9	181425	181545
316	9	181545	182625
317	9	182625	182745
318	9	182745	183825
319	9	183825	184045
320	9	184045	184652
321	9	184652	185025
322	9	185025	185145
323	9	185145	186225
324	9	186225	186345
325	9	186345	187425
326	9	187425	187545
327	9	187545	188379
328	47	188495	189575
329	47	189575	189695
330	47	189695	190775
331	47	190775	190895
332	47	190895	191975
333	47	191975	192095
334	47	192095	193175
335	47	193175	193295
336	47	193295	194375
337	47	194375	194495
338	47	194495	195575
339	47	195575	195795
340	47	195795	196775
341	47	196775	196895
342	47	196895	197629
343	41	197945	198271
344	41	198271	199025
345	41	199025	199145
346	41	199145	199232
347	41	199232	200225
348	41	200225	200345
349	41	200345	201425
350	41	201425	201545
351	41	201545	202625
352	41	202625	202845
353	41	202845	203825
354	41	203825	203945
355	41	203945	205025
356	41	205025	205145
357	41	205145	206225
358	41	206225	206445
359	41	206445	207425
360	41	207425	207545
361	41	207545	208625
362	41	208625	208745
363	41	208745	209825
364	41	209825	209945
365	41	209945	211025
366	41	211025	211145
367	41	211145	211827
368	41	211827	212157
369	41	212157	212225
370	41	212225	212345
371	41	212345	213425
372	41	213425	213545
373	41	213545	214625
374	41	214625	214745
375	41	214745	215825
376	41	215825	215945
377	41	215945	217025
378	41	217025	217245
379	41	217245	218225
380	41	218225	218345
381	41	218345	219425
382	41	219425	219545
383	41	219545	220625
384	41	220625	220745
385	41	220745	221825
386	41	221825	221945
387	41	221945	223025
388	39	223095	224175
389	39	224295	225375
390	39	225375	225495
391	39	225495	226575
392	39	226575	226695
393	5	226925	227145
394	5	227145	228125
395	1	228279	229225
396	1	229225	229345
397	1	229345	230425
398	1	230425	230645
399	1	230645	231625
400	1	231625	231745
401	1	231745	232825
402	1	232825	232945
403	1	232945	234025
404	1	234025	234145
405	1	234145	235225
406	1	235225	235345
407	1	235345	236425
408	1	236425	236545
409	1	236545	237625
410	1	237625	237845
411	1	237845	238825
412	1	238825	238945
413	1	238945	240025
414	1	240025	240145
415	1	240145	241225
416	1	241225	241345
417	1	241345	241865
418	1	241865	242192
419	1	242192	242425
420	1	242425	242545
421	1	242545	243625
422	1	243625	243745
423	1	243745	244825
424	1	244825	244945
425	1	244945	246025
426	1	246025	246145
427	1	246145	247225
428	1	247225	247345
429	1	247345	248425
430	1	248425	248645
431	1	248645	249625
432	1	249625	249745
433	1	249745	250825
434	1	250825	250945
435	1	250945	252025
436	1	252025	252145
437	1	252145	253225
438	1	253225	253345
439	1	253345	254425
440	1	254425	254545
441	1	254545	255625
442	1	255625	255745
443	1	255745	256825
444	1	256825	256945
445	1	256945	258025
446	1	258025	258145
447	1	258145	259225
448	1	259225	259545
449	1	259545	260425
450	1	260425	260545
451	13	260725	260845
452	13	260845	261925
453	13	261925	262045
454	13	262045	263125
455	13	263125	263245
456	13	263245	263949
457	13	263949	264325
458	13	264325	264445
459	13	264445	265525
460	13	265525	265645
461	13	265645	266725
462	13	266725	266845
463	13	266845	267925
464	13	267925	268045
465	13	268045	269125
466	13	269125	269245
467	13	269245	270325
468	13	270325	270545
469	13	270545	271525
470	13	271525	271645
471	13	271645	272725
472	13	272725	272845
473	13	272845	273015
474	13	273015	273925
475	13	273925	274045
476	13	274045	275125
477	13	275125	275245
478	13	275245	276050
479	35	276875	276995
480	35	276995	278075
481	35	278075	278195
482	35	278195	279275
483	35	279275	279395
484	35	279395	280475
485	35	280475	280595
486	35	280595	281675
487	21	281843	282525
488	21	282525	282645
489	21	282645	283725
490	21	283725	283845
491	21	283845	284925
492	21	284925	285045
493	21	285045	286125
494	21	286125	286245
495	21	286245	287325
496	21	287325	287445
497	21	287445	288525
498	21	288525	288745
499	21	288745	289725
500	21	289725	289845
501	21	289845	290925
502	21	290925	291045
503	21	291045	292125
504	21	292125	292345
505	21	292345	293325
506	21	293325	293445
507	21	293445	294525
508	21	294525	294645
509	21	294645	295725
510	21	295725	295845
511	21	295845	296684
512	21	296684	296925
513	21	296925	297045
514	21	297045	298125
515	21	298125	298245
516	21	298245	299325
517	21	299325	299445
518	21	299445	300525
519	21	300525	300645
520	21	300645	300797
521	33	300825	300945
522	33	300945	302025
523	33	302025	302145
524	33	302145	303225
525	33	303225	303445
526	33	303445	304120
527	47	304775	304895
528	47	304895	305975
529	45	306045	307125
530	45	307125	307245
531	45	307245	308325
532	45	308325	308445
533	45	308445	309525
534	45	309525	309645
535	45	309645	310725
536	45	310725	310845
537	45	310845	311925
538	45	311925	312045
539	45	312045	313125
540	45	313125	313245
541	45	313245	314325
542	45	314325	314545
543	45	314545	315525
544	41	315545	316625
545	41	316625	316745
546	41	316745	317825
547	41	317825	318045
548	41	318045	319025
549	41	319025	319145
550	41	319145	320225
551	41	320225	320345
552	41	320345	321425
553	41	321425	321545
554	41	321545	322625
555	41	322625	322745
556	41	322745	323825
557	41	323825	323945
558	41	323945	325025
559	41	325025	325245
560	41	325245	326225
561	41	326225	326345
562	41	326345	326642
563	41	326642	327425
564	41	327425	327545
565	41	327545	328625
566	41	328625	328745
567	41	328745	329825
568	41	329825	329945
569	41	329945	331025
570	41	331025	331145
571	41	331145	331912
572	41	331912	332225
573	41	332225	332345
574	41	332345	333425
575	41	333425	333545
576	41	333545	334089
577	3	335547	336075
578	3	336075	336195
579	3	336195	337275
580	3	337275	337395
581	3	337395	338475
582	3	338475	338595
583	3	338595	339675
584	3	339675	339795
585	3	339795	340875
586	3	340875	340995
587	3	340995	341736
588	3	341736	342039
589	3	342039	342075
590	3	342075	342195
591	3	342195	343275
592	3	343275	343395
593	3	343395	344475
594	3	344475	344595
595	3	344595	345675
596	3	345675	345995
597	3	345995	346875
598	3	346875	346995
599	3	346995	348075
600	3	348075	348195
601	3	348195	349275
602	3	349275	349395
603	3	349395	350475
604	3	350475	350595
605	3	350595	351675
606	3	351675	351795
607	3	351795	352875
608	3	352875	352995
609	3	352995	353316
610	3	353316	354075
611	3	354075	354195
612	3	354195	355275
613	3	355275	355395
614	3	355395	355852
615	3	355852	356475
616	3	356475	356695
617	3	356695	357675
618	3	357675	357795
619	3	357795	358875
620	3	358875	358995
621	15	359175	359295
622	15	359295	360375
623	15	360375	360495
624	15	360495	360912
625	39	360975	361095
626	39	361095	362175
627	27	362208	363075
628	27	363075	363195
629	27	363195	364275
630	27	364275	364395
631	39	364575	364695
632	39	364695	365775
633	39	365775	365895
634	39	365895	366975
635	39	366975	367095
636	39	367095	368175
637	39	368175	368395
638	39	368395	369375
639	39	369375	369495
640	39	369495	370575
641	39	370575	370695
642	39	370695	371775
643	39	371775	371895
644	25	372054	372289
645	25	372289	372625
646	25	372625	372745
647	25	372745	373825
648	25	373825	373945
649	25	373945	375025
650	25	375025	375245
651	25	375245	376225
652	25	376225	376345
653	25	376345	377425
654	25	377425	377545
655	25	377545	378625
656	25	378625	378845
657	25	378845	379825
658	25	379825	379945
659	25	379945	381025
660	25	381025	381145
661	25	381145	381470
662	25	381470	382225
663	25	382225	382345
664	25	382345	383425
665	25	383425	383545
666	25	383545	384625
667	25	384625	384745
668	25	384745	385346
669	25	385346	385825
670	25	385825	385945
671	25	385945	387025
672	25	387025	387145
673	25	387145	388225
674	25	388225	388345
675	25	388345	389134
676	15	389175	389395
677	15	389395	390375
678	15	390375	390495
679	23	390575	390695
680	23	390695	390812
681	1	391225	391345
682	1	391345	392425
683	1	392425	392545
684	1	392545	393625
685	1	393625	393745
686	1	393745	394825
687	1	394825	394945
688	13	395125	395245
689	13	395245	396316
690	13	396316	396325
691	13	396325	396445
692	13	396445	397525
693	13	397525	397645
694	13	397645	398725
695	13	398725	398845
696	13	398845	399925
697	13	399925	400145
698	13	400145	401125
699	13	401125	401245
700	13	401245	402325
701	13	402325	402445
702	13	402445	403525
703	13	403525	403745
704	13	403745	404725
705	13	404725	404845
706	13	404845	405925
707	13	405925	406045
708	13	406045	407125
709	13	407125	407245
710	13	407245	408325
711	13	408325	408445
712	13	408445	409525
713	13	409525	409645
714	23	409775	409895
715	23	409895	410975
716	23	410975	411195
717	33	411225	411445
718	33	411445	411992
719	21	412125	412245
720	21	412245	412979
721	21	412979	413325
722	21	413325	413445
723	21	413445	414323
724	21	414323	414525
725	21	414525	414645
726	21	414645	415725
727	21	415725	415845
728	21	415845	416925
729	21	416925	417045
730	21	417045	418125
731	23	418175	418295
732	23	418295	419375
733	23	419375	419495
734	23	419495	420575
735	23	420575	420695
736	23	420695	421775
737	23	421775	421995
738	23	421995	422975
739	23	422975	423095
740	23	423095	424175
741	23	424175	424295
742	23	424295	425375
743	23	425375	425495
744	23	425495	426575
745	23	426575	426695
746	23	426695	427775
747	23	427775	427895
748	23	427895	428073
749	47	430987	431975
750	47	431975	432095
751	47	432095	433175
752	47	433495	434375
753	47	434375	434495
754	47	434495	435575
755	47	435575	435695
756	47	435695	436775
757	47	436775	436895
758	47	436895	437975
759	47	437975	438095
760	9	438225	438345
761	9	438345	438579
762	47	439175	439295
763	9	439425	439545
764	9	439545	440625
765	9	440625	440745
766	9	440745	441825
767	9	441825	441945
768	9	441945	442252
769	45	442725	442845
770	45	442845	443925
771	45	443925	444145
772	43	446395	447475
773	43	447475	447595
774	43	447595	448675
775	43	448675	448795
776	45	448845	449925
777	45	449925	450045
778	45	450045	451125
779	45	451125	451245
780	45	451245	452325
781	45	452325	452445
782	45	452445	453525
783	45	453525	453645
784	45	453645	454725
785	45	454725	454945
786	45	454945	455925
787	45	455925	456045
788	45	456045	457125
789	45	457125	457245
790	45	457245	458156
791	43	458275	458395
792	39	458911	459375
793	39	459375	459495
794	39	459495	460575
795	39	460575	460695
796	39	460695	461775
797	39	461775	461995
798	39	461995	462975
799	39	462975	463095
800	39	463095	464175
801	39	464175	464295
802	39	464295	465375
803	39	465375	465595
804	39	465595	466575
805	39	466575	466695
806	39	466695	467775
807	39	467775	467895
808	39	467895	468975
809	39	468975	469095
810	39	469095	470175
811	39	470175	470295
812	39	470295	471375
813	39	471375	471495
814	39	471495	472294
815	39	472294	472575
816	39	472575	472695
817	39	472695	473775
818	39	473775	473895
819	39	473895	474975
820	39	474975	475095
821	37	475333	476125
822	37	476125	476345
823	37	476345	477325
824	37	477325	477445
825	37	477445	478525
826	37	478525	478645
827	37	478645	479725
828	37	479725	479845
829	37	479845	480925
830	37	481045	481854
831	37	481854	482125
832	37	482125	482245
833	37	482245	483325
834	37	483325	483445
835	37	483445	484525
836	37	484525	484645
837	37	484645	485725
838	37	485725	485845
839	37	485845	486925
840	37	486925	487145
841	37	487145	488125
842	37	488125	488245
843	37	488245	489325
844	37	489325	489445
845	15	489538	489975
846	15	489975	490195
847	15	490195	491175
848	15	491175	491295
849	15	491295	492375
850	15	492375	492495
851	15	492495	493575
852	15	493575	493695
853	15	493695	494775
854	15	494775	494895
855	15	494895	495975
856	15	495975	496095
857	15	496095	497175
858	15	497175	497395
859	15	497395	498375
860	15	498375	498495
861	15	498495	499575
862	15	499575	499695
863	15	499695	500775
864	15	500775	500895
865	15	500895	501975
866	15	501975	502095
867	15	502095	502286
868	15	502286	502608
869	15	502608	503175
870	15	503175	503295
871	15	503295	504375
872	15	504375	504495
873	15	504495	505575
874	13	505645	506725
875	13	506725	506845
876	13	506845	507925
877	13	507925	508145
878	13	508145	509125
879	13	509125	509245
880	13	509245	510325
881	13	510325	510445
882	13	510445	511525
883	13	511525	511645
884	25	511825	511945
885	25	511945	513025
886	25	513025	513145
887	25	513145	514225
888	25	514225	514345
889	25	514345	515425
890	25	515425	515545
891	25	515545	516625
892	25	516625	516745
893	25	516745	517825
894	25	517825	517945
895	25	517945	519025
896	25	519025	519345
897	25	519345	520225
898	25	520225	520345
899	25	520345	521425
900	25	521425	521545
901	25	521545	522625
902	25	522625	522745
903	25	522745	523825
904	25	523825	523945
905	25	523945	525025
906	25	525025	525145
907	25	525145	526225
908	25	526225	526345
909	25	526345	527425
910	25	527425	527545
911	25	527545	528625
912	25	528625	528745
913	25	528745	529825
914	25	529825	530045
915	47	530375	530595
916	47	530595	531575
917	47	531575	531695
918	47	531695	532775
919	47	532775	532895
920	47	532895	533975
921	47	533975	534095
922	47	534095	535175
923	47	535175	535295
924	47	535295	536375
925	47	536375	536495
926	47	536495	537575
927	47	537575	537695
928	47	537695	538775
929	47	538775	538895
930	47	538895	539975
931	47	539975	540095
932	47	540095	541175
933	47	541175	541395
934	47	541395	542375
935	47	542375	542495
936	47	542495	543575
937	47	543575	543695
938	47	543695	544775
939	47	544775	544895
940	47	544895	545975
941	47	545975	546095
942	47	546095	547175
943	47	547175	547295
944	47	547295	548375
945	47	548375	548595
946	47	548595	549575
947	47	549575	549695
948	47	549695	550775
949	47	550775	550895
950	47	550895	551975
951	9	552096	552225
952	9	552225	552345
953	9	552345	553334
954	9	553334	553425
955	9	553425	553545
956	9	553545	554625
957	9	554625	554745
958	9	554745	555639
959	9	555639	555825
960	9	555825	555945
961	11	555995	557075
962	11	557075	557195
963	11	557195	558275
964	11	558275	558395
965	11	558395	559475
966	11	559475	559595
967	11	559595	560675
968	11	560675	560795
969	11	560795	561875
970	11	562095	563075
971	11	563075	563195
972	11	563195	564275
973	11	564275	564395
974	11	564395	565475
975	11	565475	565595
976	11	565595	566675
977	11	566675	566795
978	11	566795	567875
979	11	567875	567995
980	5	568319	568925
981	5	568925	569045
982	5	569045	569664
983	5	569664	570125
984	5	570125	570245
985	5	570245	571325
986	5	571325	571445
987	5	571445	572525
988	5	572525	572745
989	5	572745	573168
990	5	573168	573725
991	5	573725	573845
992	5	573845	574925
993	5	574925	575045
994	5	575045	576125
995	5	576125	576345
996	5	576345	577325
997	5	577325	577445
998	5	577445	578525
999	5	578525	578645
1000	5	578645	579725
1001	5	579725	579845
1002	5	579845	580925
1003	5	580925	581045
1004	5	581045	582125
1005	5	582125	582245
1006	5	582245	582270
1007	5	582270	582545
1008	3	582904	583275
1009	3	583275	583495
1010	3	583495	584475
1011	3	584475	584595
1012	3	584595	585675
1013	3	585675	585795
1014	3	585795	586875
1015	3	586875	586995
1016	3	586995	588075
1017	3	588075	588195
1018	3	588195	589275
1019	3	589275	589395
1020	3	589395	590475
1021	3	590475	590595
1022	3	590595	591675
1023	3	591675	591795
1024	3	591795	592242
1025	3	592242	592558
1026	3	592558	592875
1027	3	592875	592995
1028	3	592995	594075
1029	3	594075	594295
1030	3	594295	595275
1031	3	595275	595395
1032	3	595395	596475
1033	3	596475	596595
1034	3	596595	597675
1035	3	597675	597795
1036	3	597795	598875
1037	3	598875	598995
1038	3	598995	600075
1039	3	600075	600195
1040	3	600195	601275
1041	3	601275	601395
1042	3	601395	602475
1043	3	602475	602595
1044	3	602595	603675
1045	3	603675	603795
1046	3	603795	604875
1047	3	604875	605195
1048	3	605195	606075
1049	3	606075	606195
1050	3	606195	607275
1051	3	607275	607395
1052	15	607575	607695
1053	15	607695	608775
1054	15	608775	608895
1055	15	608895	609975
1056	15	609975	610095
1057	15	610095	611175
1058	15	611175	611295
1059	15	611295	612375
1060	15	612375	612495
1061	15	612495	613575
1062	15	613575	613695
1063	15	613695	614775
1064	15	614775	614895
1065	15	614895	615975
1066	15	615975	616195
1067	15	616195	617175
1068	15	617175	617295
1069	29	617525	617645
1070	29	617645	618725
1071	29	618725	618845
1072	29	618845	619925
1073	29	619925	620045
1074	35	620075	620195
1075	35	620195	621275
1076	35	621275	621395
1077	35	621395	621857
1078	35	621857	622475
1079	35	622475	622595
1080	35	622595	623675
1081	35	623675	623795
1082	35	623795	624875
1083	35	624875	624995
1084	35	624995	626075
1085	35	626075	626195
1086	35	626195	627275
1087	35	627275	627495
1088	35	627495	627590
1089	35	627590	628475
1090	35	628475	628595
1091	33	628695	629058
1092	33	629058	629625
1093	33	629625	629745
1094	33	629745	630057
1095	33	630057	630825
1096	35	630875	630995
1097	35	630995	632075
1098	35	632075	632195
1099	35	632195	633275
1100	35	633275	633395
1101	35	633395	634475
1102	35	634475	634695
1103	15	634756	635175
1104	15	635175	635295
1105	15	635295	636375
1106	15	636375	636495
1107	15	636495	637575
1108	15	637575	637795
1109	15	637795	637848
1110	15	637848	638775
1111	25	639025	639145
1112	25	639145	639255
1113	25	639255	640225
1114	25	640225	640345
1115	33	640425	640545
1116	33	640545	641625
1117	33	641625	641745
1118	33	641745	642601
1119	33	642601	642825
1120	35	642875	642995
1121	35	642995	644075
1122	35	644075	644195
1123	35	644195	645275
1124	35	645275	645395
1125	35	645395	646475
1126	35	646475	646595
1127	15	648595	649575
1128	15	649575	649695
1129	33	654825	654945
1130	33	656145	657225
1131	33	657225	657345
1132	33	657345	658425
1133	33	658425	658545
1134	9	675945	677025
1135	9	677025	677145
1136	9	677145	678225
1137	9	678225	678345
1138	9	678345	679425
1139	9	679425	679545
1140	9	679545	680625
1141	9	680625	680845
1142	9	680845	681825
1143	9	681825	681945
1144	9	681945	683025
1145	9	683025	683145
1146	9	683145	684225
1147	9	684225	684345
1148	9	684345	685425
1149	9	685425	685545
1150	9	685545	686625
1151	9	686625	686745
1152	9	686745	687825
1153	9	687825	687945
1154	9	687945	689025
1155	9	689025	689145
1156	9	689145	690225
1157	9	690225	690345
1158	9	690345	691425
1159	9	691425	691745
1160	9	691745	692265
1161	9	692265	692625
1162	47	692695	693575
1163	47	693575	693695
1164	47	693695	694775
1165	47	694775	694895
1166	45	695925	696045
1167	3	696075	696195
1168	3	696195	697275
1169	3	697275	697395
1170	3	697395	698475
1171	3	698475	698595
1172	3	698595	699675
1173	3	699675	699795
1174	3	699795	700875
1175	3	700875	700995
1176	3	700995	702075
1177	3	702075	702295
1178	3	702295	703275
1179	3	703275	703395
1180	3	703395	704475
1181	3	704475	704595
1182	3	704595	705675
1183	3	705675	705795
1184	3	705795	706875
1185	3	706875	706995
1186	3	706995	707429
1187	43	707875	707995
1188	43	707995	709075
1189	43	709075	709195
1190	43	709195	710275
1191	43	710275	710395
1192	43	710395	711475
1193	43	711475	711595
1194	43	711595	712675
1195	43	712675	712795
1196	43	712795	713875
1197	43	713875	714095
1198	41	715145	716225
1199	41	716225	716345
1200	41	716345	717425
1201	41	717425	717545
1202	41	717545	718625
1203	41	718625	718745
1204	41	718745	719825
1205	41	719825	719945
1206	41	719945	721025
1207	41	721025	721245
1208	41	721245	722225
1209	41	722225	722345
1210	41	722345	723425
1211	41	723425	723545
1212	41	723545	724625
1213	41	724625	724845
1214	41	724845	725825
1215	41	725825	725945
1216	41	725945	727025
1217	41	727025	727145
1218	41	727145	728225
1219	41	728225	728345
1220	41	728345	729425
1221	41	729425	729545
1222	41	729545	730625
1223	41	730625	730745
1224	41	730745	731825
1225	1	732025	732145
1226	1	732145	733225
1227	1	733225	733345
1228	1	733345	733427
1229	1	733427	734164
1230	1	734164	734425
1231	3	734475	734695
1232	3	734695	735675
1233	3	735675	735795
1234	3	735795	736875
1235	3	736875	736995
1236	3	736995	738075
1237	3	738075	738195
1238	3	738195	739275
1239	3	739275	739395
1240	3	739395	740475
1241	15	740533	740775
1242	15	740775	740895
1243	15	740895	741975
1244	15	741975	742095
1245	15	742095	743175
1246	15	743175	743295
1247	15	743295	744375
1248	15	744375	744495
1249	15	744495	745575
1250	15	745575	745795
1251	15	745795	746556
1252	15	746556	746775
1253	15	746775	746895
1254	15	746895	747975
1255	15	747975	748095
1256	15	748095	749175
1257	15	749175	749395
1258	15	749395	750375
1259	15	750375	750495
1260	15	750495	751575
1261	15	751575	751695
1262	15	751695	752140
1263	15	752140	752160
1264	15	752160	752775
1265	15	752775	752895
1266	25	753025	753145
1267	25	753145	753784
1268	25	753784	754225
1269	25	754225	754345
1270	25	754345	755425
1271	25	755425	755545
1272	25	755545	756256
1273	25	756256	756625
1274	25	756625	756845
1275	25	756845	757825
1276	25	757825	757945
1277	25	757945	759025
1278	25	759025	759145
1279	33	759225	759345
1280	33	759345	760425
1281	33	760425	760545
1282	33	760545	761625
1283	33	761625	761745
1284	33	761745	762708
1285	33	762708	762825
1286	33	762825	762945
1287	33	762945	764025
1288	33	764025	764145
1289	25	765025	765145
1290	25	765145	766225
1291	25	766225	766345
1292	25	766345	767425
1293	25	767425	767645
1294	25	767645	768625
1295	25	768625	768745
1296	25	768745	769825
1297	25	769825	769945
1298	25	769945	771025
1299	25	771025	771145
1300	25	771145	772225
1301	25	772225	772345
1302	11	772506	772810
1303	11	772810	773075
1304	11	773075	773195
1305	11	773195	774275
1306	11	774275	774395
1307	11	774395	775475
1308	11	775475	775595
1309	11	775595	776675
1310	11	776675	776795
1311	11	776795	777875
1312	11	777875	778195
1313	11	778195	779075
1314	11	779075	779195
1315	11	779195	780275
1316	11	780275	780395
1317	11	780395	781475
1318	11	781475	781595
1319	11	781595	782675
1320	11	782675	782795
1321	21	783045	784125
1322	21	784125	784245
1323	21	784245	785325
1324	21	785325	785445
1325	21	785445	786525
1326	21	786525	786645
1327	21	786645	787725
1328	21	787725	787845
1329	21	787845	788925
1330	21	788925	789145
1331	21	789145	790125
1332	21	790125	790245
1333	21	790245	791325
1334	21	791325	791445
1335	21	791445	792525
1336	21	792525	792645
1337	21	792645	793725
1338	21	793725	793845
1339	21	793845	794925
1340	21	794925	795045
1341	21	795045	796125
1342	21	796125	796245
1343	21	796245	797325
1344	21	797325	797445
1345	21	797445	798525
1346	21	798525	798645
1347	21	798645	799725
1348	21	799725	799945
1349	21	799945	800925
1350	21	800925	801045
1351	21	801045	802125
1352	21	802125	802245
1353	21	802245	803325
1354	21	803325	803445
1355	21	803445	804254
1356	21	804254	804525
1357	21	804645	805725
1358	21	805725	805845
1359	21	805845	806003
1360	31	806095	807175
1361	31	807175	807395
1362	31	807395	808375
1363	31	808375	808495
1364	31	808495	809575
1365	31	809575	809695
1366	31	809695	810775
1367	31	810775	810995
1368	31	810995	811975
1369	31	811975	812095
1370	31	812095	813175
1371	31	813175	813295
1372	31	813295	814375
1373	31	814375	814495
1374	31	814495	815575
1375	31	815575	815695
1376	31	815695	816775
1377	31	816775	816895
1378	31	816895	817975
1379	31	817975	818095
1380	31	818095	819175
1381	31	819175	819295
1382	31	819295	819573
1383	31	819573	820375
1384	31	820375	820495
1385	31	820495	821575
1386	31	821575	821795
1387	43	821875	822095
1388	43	822095	823075
1389	43	823075	823195
1390	43	823195	824275
1391	43	824275	824395
1392	43	824395	825475
1393	43	825475	825595
1394	43	825595	826675
1395	9	827145	828225
1396	9	828225	828345
1397	9	828345	828759
1398	3	828940	829275
1399	3	829275	829395
1400	3	829395	829589
1401	3	829589	830475
1402	3	830475	830595
1403	3	830595	831178
1404	3	831178	831675
1405	3	831675	831895
1406	3	831895	832875
1407	3	832875	832995
1408	3	832995	834075
1409	3	834075	834195
1410	3	834195	835275
1411	3	835275	835495
1412	3	835495	836475
1413	3	836475	836595
1414	3	836595	837675
1415	3	837675	837795
1416	3	837795	838875
1417	3	838875	838995
1418	3	838995	840075
1419	3	840075	840195
1420	3	840195	841275
1421	3	841275	841395
1422	3	841395	842475
1423	3	842475	842695
1424	39	843375	843595
1425	39	843595	844575
1426	39	844575	844695
1427	39	844695	845580
1428	39	845580	845775
1429	39	845775	845895
1430	39	845895	846975
1431	39	846975	847095
1432	39	847095	848175
1433	39	848175	848295
1434	39	848295	849221
1435	27	849343	850275
1436	27	850275	850395
1437	27	850395	851475
1438	27	851475	851595
1439	27	851595	852091
1440	27	852091	852675
1441	27	852675	852795
1442	27	852795	853875
1443	27	853875	854095
1444	27	854095	855075
1445	27	855075	855195
1446	27	855195	856275
1447	27	856275	856395
1448	27	856395	857475
1449	27	857475	857595
1450	27	857595	858675
1451	27	858675	858795
1452	27	858795	858885
1453	27	858885	859875
1454	27	859875	859995
1455	27	859995	861075
1456	27	861075	861195
1457	27	861195	862275
1458	27	862275	862395
1459	27	862395	863475
1460	27	863475	863595
1461	27	863595	864675
1462	27	864675	864995
1463	41	865025	865345
1464	25	865825	865945
1465	25	865945	867025
1466	25	867025	867145
1467	25	867145	868225
1468	25	868225	868345
1469	25	868345	869425
1470	25	869425	869545
1471	25	869545	870625
1472	25	870625	870745
1473	25	870745	871825
1474	25	871825	871945
1475	25	871945	873025
1476	25	873025	873145
1477	25	873145	873356
1478	25	873356	874225
1479	25	874225	874345
1480	25	874345	875425
1481	25	875425	875645
1482	25	875645	876625
1483	25	876625	876745
1484	25	876745	877825
1485	25	877825	877945
1486	25	877945	879025
1487	25	879025	879145
1488	25	879145	880225
1489	25	880225	880345
1490	25	880345	881425
1491	25	881425	881545
1492	25	881545	882625
1493	25	882625	882745
1494	25	882745	883825
1495	25	883825	883945
1496	25	883945	885025
1497	25	885025	885145
1498	25	885145	886225
1499	25	886225	886445
1500	25	886445	887425
1501	25	887425	887545
1502	25	887545	888625
1503	25	888625	888745
1504	25	888745	889825
1505	25	889825	889945
1506	25	889945	891025
1507	25	891025	891145
1508	25	891145	892225
1509	25	892225	892345
1510	25	892345	892918
1511	15	893175	893395
1512	15	893395	894375
1513	15	894375	894495
1514	15	894495	895575
1515	15	895575	895695
1516	15	895695	896775
1517	15	896775	896995
1518	15	896995	897975
1519	15	897975	898095
1520	15	898095	899175
1521	15	899175	899295
1522	15	899295	900375
1523	15	900375	900495
1524	15	900495	901575
1525	15	901575	901695
1526	15	901695	902775
1527	15	902775	902895
1528	15	902895	903975
1529	15	903975	904095
1530	21	904125	904245
1531	21	904245	904511
1532	21	904511	905325
1533	21	905325	905445
1534	21	905445	906525
1535	21	906525	906645
1536	21	906645	907200
Site : Noumea
Anntenna : 1 nbContacts : 1552
	Sat 	StartTime 	EndTime 
0	15	0	375
1	15	375	695
2	15	695	1575
3	15	1575	1695
4	15	1695	2335
5	15	2335	2775
6	15	2775	2895
7	15	2895	3480
8	15	3480	3975
9	15	3975	4095
10	15	4095	5161
11	15	5161	5175
12	15	5175	5295
13	25	5425	5545
14	25	5545	6625
15	25	6625	6745
16	25	6745	7825
17	25	7825	7945
18	25	7945	9025
19	25	9025	9145
20	25	9145	10225
21	25	10225	10345
22	25	10345	11425
23	25	11425	11645
24	25	11645	11806
25	25	11806	12625
26	25	12625	12745
27	25	12745	13825
28	25	13825	13945
29	25	13945	15025
30	25	15025	15145
31	25	15145	16225
32	25	16225	16345
33	25	16345	17425
34	25	17425	17545
35	25	17545	18625
36	25	18625	18745
37	25	18745	19825
38	25	19825	19945
39	25	19945	21025
40	25	21025	21145
41	25	21145	22225
42	25	22225	22445
43	25	22445	23425
44	25	23425	23545
45	25	23545	24625
46	25	24625	24745
47	25	24745	25825
48	25	25825	25945
49	25	25945	27025
50	25	27025	27145
51	25	27145	28225
52	25	28225	28345
53	25	28345	29425
54	25	29425	29645
55	25	29645	30625
56	25	30625	30745
57	25	30745	31333
58	25	31333	31825
59	25	31825	31945
60	25	31945	33025
61	23	33195	34175
62	23	34175	34295
63	23	34295	35375
64	23	35375	35495
65	23	35495	36575
66	23	36575	36695
67	23	36695	37306
68	23	37306	37775
69	23	37775	37895
70	23	37895	38535
71	23	38535	38975
72	23	38975	39095
73	23	39095	40175
74	23	40175	40295
75	23	40295	41081
76	13	41125	41245
77	13	41245	42325
78	13	42325	42445
79	13	42445	43525
80	13	43525	43745
81	13	43745	44725
82	13	44725	44845
83	13	44845	45925
84	13	45925	46045
85	13	46045	47125
86	13	47125	47245
87	9	47532	48225
88	9	48225	48345
89	9	48345	49425
90	9	49425	49545
91	9	49545	49833
92	9	49833	50625
93	9	50625	50745
94	9	50745	51825
95	9	51825	51945
96	9	51945	53025
97	9	53025	53145
98	9	53145	54225
99	9	54225	54445
100	9	54445	55425
101	9	55425	55545
102	9	55545	56625
103	9	56625	56745
104	9	56745	57825
105	9	57825	58045
106	9	58045	59025
107	9	59025	59145
108	9	59145	60094
109	9	60094	60225
110	9	60225	60345
111	9	60345	61425
112	9	61425	61545
113	9	61545	62625
114	9	62625	62745
115	9	62745	63825
116	9	63825	63945
117	41	64767	65825
118	41	65825	66045
119	41	66045	67025
120	41	67025	67145
121	41	67145	68225
122	41	68225	68345
123	41	68345	69425
124	41	69425	69545
125	41	69545	70625
126	41	70625	70745
127	41	70745	71825
128	41	71825	71945
129	41	71945	73025
130	41	73025	73145
131	41	73145	74225
132	41	74225	74345
133	41	74345	75402
134	31	77511	77575
135	31	77575	77695
136	31	77695	78775
137	31	78775	78895
138	31	78895	79538
139	31	79538	79975
140	31	79975	80095
141	31	80095	81175
142	31	81175	81295
143	31	81295	82375
144	31	82375	82495
145	31	82495	83575
146	31	83575	83695
147	31	83695	84775
148	31	84775	84895
149	31	84895	85975
150	31	85975	86095
151	31	86095	86612
152	31	86612	87175
153	31	87175	87495
154	31	87495	88375
155	31	88375	88495
156	31	88495	89575
157	31	89575	89695
158	31	89695	90470
159	31	90470	90775
160	31	90775	90895
161	41	91771	92225
162	41	92225	92345
163	41	92345	92646
164	41	92646	93425
165	41	93425	93545
166	41	93545	94625
167	1	95039	96025
168	1	96025	96145
169	1	96145	97225
170	1	97225	97445
171	1	97445	98425
172	1	98425	98545
173	1	98545	99625
174	1	99625	99745
175	1	99745	100825
176	1	100825	100945
177	1	100945	102025
178	1	102025	102145
179	1	102145	103225
180	1	103225	103345
181	1	103345	103681
182	31	104095	105175
183	31	105175	105295
184	31	107575	107695
185	31	109975	110095
186	39	112575	112695
187	39	112695	113775
188	39	113775	113895
189	39	115095	116175
190	39	116175	116395
191	39	116395	117375
192	41	117425	117545
193	41	117545	118204
194	27	118275	118395
195	27	118395	119475
196	27	119475	119695
197	27	119695	120675
198	27	120675	120795
199	27	120795	121875
200	27	121875	121995
201	27	121995	123075
202	27	123075	123195
203	27	123195	123801
204	27	123801	124275
205	27	124275	124395
206	27	124395	125475
207	27	125475	125595
208	27	125595	125747
209	27	125747	126675
210	27	126675	126795
211	27	126795	127875
212	27	127875	127995
213	27	127995	129075
214	27	129075	129195
215	27	129195	129625
216	1	129625	129845
217	1	129845	130825
218	1	130825	130945
219	1	130945	132025
220	1	132025	132145
221	1	132145	133225
222	1	133225	133345
223	1	133345	134425
224	1	134425	134545
225	1	134545	135625
226	1	135625	135745
227	1	135745	136825
228	1	136825	136945
229	1	136945	138025
230	1	138025	138145
231	13	138325	138445
232	13	138445	138877
233	13	138877	139525
234	13	139525	139645
235	13	139645	140725
236	13	140725	140945
237	13	140945	141925
238	13	141925	142045
239	13	142045	142332
240	13	142332	143125
241	13	143125	143245
242	13	143245	144325
243	13	144325	144545
244	27	144675	144895
245	27	144895	145875
246	27	145875	145995
247	27	145995	147075
248	27	147075	147195
249	27	147195	148275
250	27	148275	148395
251	33	148425	148545
252	33	148545	149625
253	33	149625	149745
254	35	149795	150875
255	23	150936	151775
256	23	151775	151995
257	23	151995	152549
258	23	152549	152975
259	23	152975	153095
260	23	153095	154175
261	23	154175	154295
262	23	154295	154492
263	23	154492	155375
264	23	155375	155495
265	23	155495	156575
266	23	156575	156695
267	23	156695	157775
268	23	157775	157895
269	23	157895	158975
270	23	158975	159095
271	47	159575	159695
272	47	159695	160675
273	47	160675	160775
274	47	160775	160895
275	13	161125	161245
276	13	161245	162325
277	13	162325	162545
278	23	162575	162795
279	23	162795	163775
280	23	163775	163895
281	23	163895	164975
282	23	164975	165095
283	23	165095	166175
284	23	166175	166295
285	23	166295	167375
286	23	167375	167495
287	23	167495	168575
288	23	168575	168695
289	23	168695	169775
290	23	169775	169895
291	23	169895	170975
292	23	170975	171095
293	23	171095	172175
294	23	172175	172295
295	23	172295	173375
296	23	173375	173695
297	23	173695	174575
298	23	174575	174695
299	23	174695	175775
300	23	175775	175895
301	23	175895	176975
302	11	180395	181475
303	11	181475	181595
304	11	181595	182231
305	33	183225	183345
306	33	183345	184425
307	33	184645	185625
308	33	185625	185745
309	33	185745	186825
310	33	186825	186945
311	33	186945	188025
312	45	188325	188445
313	45	188445	189525
314	45	189525	189645
315	45	189645	190725
316	45	190725	190845
317	45	190845	191925
318	45	191925	192045
319	45	192045	193125
320	45	193125	193245
321	45	193245	194325
322	45	194325	194445
323	45	194445	195525
324	45	195525	195745
325	45	195745	196725
326	45	196725	196845
327	45	196845	197925
328	45	197925	198045
329	45	198045	199125
330	45	199125	199245
331	45	199245	200325
332	45	200325	200445
333	45	200445	201525
334	45	201525	201645
335	45	201645	202725
336	45	202725	202945
337	45	202945	203925
338	45	203925	204045
339	29	204944	205925
340	29	205925	206145
341	29	206145	207125
342	29	207125	207245
343	29	207245	208325
344	29	208325	208445
345	29	208445	209525
346	29	209525	209645
347	29	209645	210725
348	29	210725	210845
349	29	210845	211925
350	29	211925	212045
351	29	212045	213125
352	29	213125	213245
353	29	213245	214325
354	29	214325	214445
355	29	214445	215525
356	29	215525	215645
357	29	215645	216725
358	29	216725	216945
359	29	216945	217925
360	29	217925	218045
361	29	218045	219125
362	29	219125	219245
363	29	219245	219299
364	29	219299	219515
365	43	219595	220675
366	5	221045	222125
367	5	222125	222245
368	5	222245	223325
369	5	223325	223445
370	5	223445	224525
371	5	224525	224645
372	37	225445	226525
373	37	226525	226645
374	37	226645	227725
375	37	227725	227945
376	37	227945	228925
377	37	228925	229045
378	37	229045	230125
379	37	230125	230245
380	37	230245	231325
381	37	231325	231545
382	37	231545	232525
383	37	232525	232645
384	37	232645	233040
385	37	233040	233725
386	37	233725	233845
387	37	233845	234925
388	37	234925	235045
389	37	235045	236125
390	37	236125	236245
391	37	236245	237325
392	37	237325	237445
393	37	237445	238525
394	37	238525	238745
395	37	238745	239725
396	37	239725	239845
397	37	239845	240925
398	37	240925	241045
399	37	241045	242125
400	37	242125	242245
401	37	242245	243325
402	37	243325	243445
403	37	243445	243571
404	37	243571	244525
405	37	244525	244645
406	15	244699	245175
407	15	245175	245295
408	15	245295	246375
409	15	246375	246495
410	15	246495	247575
411	15	247575	247695
412	15	247695	248775
413	15	248775	248995
414	15	248995	249975
415	15	249975	250095
416	15	250095	251175
417	15	251175	251295
418	15	251295	251445
419	15	251445	251771
420	15	251771	252375
421	15	252375	252495
422	15	252495	253575
423	15	253575	253695
424	15	253695	254775
425	15	254775	254895
426	15	254895	255975
427	15	255975	256095
428	15	256095	257175
429	15	257175	257295
430	25	257425	257545
431	25	257545	258625
432	25	258625	258745
433	25	258745	259825
434	25	259825	260145
435	25	260145	261025
436	25	261025	261145
437	25	261145	262225
438	25	262225	262345
439	25	262345	263425
440	25	263425	263545
441	25	263545	264625
442	25	264625	264745
443	25	264745	265825
444	25	265825	265945
445	25	265945	267025
446	25	267025	267145
447	25	267145	268225
448	27	268275	268395
449	27	268395	269475
450	27	269475	269595
451	33	269745	270825
452	33	270825	271045
453	33	271045	272025
454	33	272025	272145
455	33	272145	273014
456	33	273014	273019
457	33	273019	273225
458	33	273225	273345
459	33	273345	274425
460	33	274425	274545
461	33	274545	275625
462	33	275625	275745
463	33	275745	276825
464	33	276825	276945
465	33	276945	278025
466	33	278025	278145
467	33	278145	279225
468	33	279225	279345
469	33	279345	280425
470	33	280425	280545
471	33	280545	281625
472	33	281625	281845
473	33	281845	282825
474	33	282825	282945
475	33	282945	284025
476	33	284025	284145
477	33	284145	285225
478	33	285225	285345
479	33	285345	286425
480	33	286425	286545
481	33	286545	287625
482	33	287625	287745
483	33	287745	288825
484	33	288825	289045
485	33	289045	290025
486	33	290025	290145
487	45	290325	290445
488	45	290445	291525
489	45	291525	291645
490	45	291645	292725
491	45	292725	292945
492	45	292945	293925
493	45	293925	294045
494	45	294045	295125
495	45	295125	295245
496	45	295245	296325
497	45	296325	296445
498	45	296445	297525
499	45	297525	297645
500	45	297645	298725
501	45	298725	298845
502	45	298845	299925
503	45	299925	300045
504	45	300045	301125
505	45	301125	301245
506	45	301245	301916
507	45	301916	302236
508	45	302236	302325
509	45	302325	302445
510	45	302445	303525
511	45	303525	303745
512	45	303745	304725
513	45	304725	304845
514	13	305125	305245
515	13	305245	306325
516	13	306325	306445
517	13	306445	307525
518	9	307545	308625
519	9	308625	308745
520	9	308745	309825
521	9	309825	309945
522	9	309945	311025
523	9	311025	311145
524	9	311145	312225
525	9	312225	312345
526	9	312345	313425
527	9	313425	313645
528	9	313645	314625
529	9	314625	314745
530	9	314745	315825
531	9	315825	315945
532	9	315945	317025
533	9	317025	317245
534	9	317245	318225
535	9	318225	318345
536	9	318345	319425
537	9	319425	319545
538	9	319545	320625
539	5	320645	321725
540	5	321725	321845
541	5	321845	322925
542	5	322925	323045
543	5	323045	324125
544	5	324125	324345
545	5	324345	325325
546	5	325325	325445
547	5	325445	326525
548	5	326525	326645
549	5	326645	327725
550	5	327725	327845
551	5	327845	328925
552	5	328925	329045
553	5	329045	330125
554	5	330125	330245
555	5	330245	331325
556	5	331325	331445
557	5	331445	331884
558	5	331884	332201
559	5	332201	332525
560	5	332525	332645
561	5	332645	333725
562	5	333725	333845
563	5	333845	334925
564	5	334925	335145
565	5	335145	336125
566	5	336125	336245
567	5	336245	337325
568	5	337325	337445
569	5	337445	338525
570	5	338525	338645
571	5	338645	339725
572	5	339725	339845
573	5	339845	340925
574	5	340925	341045
575	5	341045	342125
576	5	342125	342245
577	5	342245	343325
578	5	343325	343445
579	5	343445	344525
580	5	344525	344645
581	5	344645	345725
582	5	345725	346045
583	5	346045	346925
584	5	346925	347045
585	5	347045	348125
586	5	348125	348245
587	5	348245	349325
588	5	349325	349445
589	5	349445	350058
590	5	350058	350525
591	5	350525	350645
592	5	350645	351725
593	5	351725	351845
594	27	351923	352275
595	27	352275	352395
596	27	352395	353475
597	27	353475	353595
598	27	353595	354675
599	27	354675	354795
600	27	354795	355875
601	27	355875	355995
602	27	355995	357075
603	27	357075	357295
604	27	357295	358275
605	27	358275	358395
606	27	358395	359475
607	27	359475	359595
608	31	359695	360775
609	27	360795	361875
610	27	361875	361995
611	29	362045	363125
612	29	363125	363245
613	29	363245	364325
614	29	364325	364445
615	29	364445	365525
616	29	365525	365645
617	25	365688	366625
618	25	366625	366745
619	25	366745	367825
620	25	367825	368045
621	25	368045	369025
622	25	369025	369145
623	25	369145	370225
624	25	370225	370345
625	25	370345	371425
626	25	371425	371545
627	27	371595	372675
628	27	372675	372795
629	27	372795	373875
630	27	373875	373995
631	27	373995	375075
632	27	375075	375295
633	23	375317	376175
634	23	376175	376295
635	23	376295	377375
636	23	377375	377495
637	23	377495	378575
638	23	378575	378795
639	23	378795	379775
640	23	379775	379895
641	23	379895	380975
642	23	380975	381095
643	23	381095	382175
644	23	382175	382295
645	23	382295	383375
646	23	383375	383495
647	23	383495	384575
648	23	384575	384695
649	23	384695	385775
650	23	385775	385895
651	23	385895	386975
652	23	386975	387095
653	23	387095	388175
654	23	388175	388295
655	23	388295	388821
656	23	388821	389375
657	23	389375	389595
658	37	389725	389945
659	37	389945	390925
660	37	390925	391045
661	37	391045	392125
662	33	392173	393225
663	33	393225	393345
664	33	393345	394425
665	33	394425	394545
666	33	394545	395625
667	33	395625	395745
668	33	395745	396825
669	33	396825	396945
670	33	396945	398025
671	33	398025	398145
672	11	398171	398675
673	11	398675	398795
674	11	398795	398801
675	11	398801	399875
676	11	399875	400095
677	11	400095	400350
678	33	400425	400645
679	33	400645	401625
680	33	401625	401745
681	33	401745	402825
682	33	402825	402945
683	33	402945	404025
684	33	404025	404245
685	33	404245	405225
686	33	405225	405345
687	33	405345	406425
688	33	406425	406545
689	33	406545	407625
690	33	407625	407745
691	47	407975	408095
692	47	408095	409175
693	47	409175	409295
694	47	409295	409328
695	47	409328	410375
696	47	410375	410495
697	47	410495	411575
698	47	411575	411795
699	47	411795	412775
700	47	412775	412895
701	47	412895	413975
702	47	413975	414095
703	47	414095	414785
704	47	414785	415175
705	47	415175	415295
706	11	415475	415595
707	11	415595	416675
708	11	416675	416795
709	11	416795	417875
710	11	417875	417995
711	11	417995	419075
712	11	419075	419195
713	11	419195	420275
714	11	420275	420395
715	11	420395	421475
716	11	421475	421695
717	11	421695	422675
718	11	422675	422795
719	11	422795	423875
720	11	423875	423995
721	11	423995	425075
722	11	425075	425195
723	11	425195	426275
724	11	426275	426395
725	11	426395	427475
726	11	427475	427595
727	11	427595	428675
728	11	428675	428795
729	11	428795	429875
730	11	429875	429995
731	11	429995	431075
732	11	431075	431195
733	11	431195	432275
734	11	432275	432595
735	33	433145	434025
736	33	434025	434145
737	33	434145	435225
738	33	435225	435345
739	33	435345	436425
740	33	436425	436545
741	33	436545	437268
742	45	437268	437925
743	45	438045	439125
744	45	439125	439245
745	45	439245	440325
746	45	440325	440445
747	43	440470	441475
748	43	441475	441595
749	43	441595	442675
750	43	442675	442795
751	43	442795	443069
752	43	443069	443875
753	43	443875	444095
754	31	444895	445975
755	31	445975	446095
756	31	446095	447175
757	31	447175	447295
758	31	447295	448375
759	31	448375	448495
760	31	448495	449575
761	31	449575	449695
762	31	449695	450775
763	31	450775	450895
764	31	450895	451854
765	31	451854	451975
766	31	451975	452095
767	31	452095	452178
768	31	452178	453175
769	31	453175	453295
770	31	453295	454375
771	31	454375	454595
772	31	454595	455575
773	31	455575	455695
774	31	455695	456775
775	31	457975	458095
776	31	458095	459175
777	31	459175	459295
778	31	459295	460375
779	31	460375	460495
780	31	460495	461575
781	31	461575	461795
782	31	461795	462775
783	31	462775	462895
784	31	462895	463975
785	31	463975	464095
786	31	464095	465175
787	31	465175	465395
788	31	465395	466375
789	31	466375	466495
790	31	466495	467575
791	31	467575	467695
792	31	467695	468100
793	31	468100	468775
794	31	468775	468895
795	31	468895	469361
796	31	469361	469975
797	31	469975	470095
798	31	470095	471175
799	27	471195	472275
800	27	472275	472395
801	27	472395	473475
802	27	473475	473595
803	27	473595	474675
804	27	474675	474795
805	27	474795	475875
806	27	475875	476095
807	27	476095	477075
808	27	477075	477195
809	27	477195	477801
810	1	478312	478825
811	1	478825	478945
812	1	478945	480025
813	1	480025	480145
814	1	480145	480621
815	1	480621	481225
816	1	481225	481345
817	1	481345	482425
818	1	482425	482545
819	1	482545	483625
820	1	483625	483745
821	1	483745	484825
822	1	484825	484945
823	1	484945	486025
824	1	486025	486245
825	1	486245	487225
826	1	487225	487345
827	1	487345	488425
828	1	488425	488545
829	1	488545	489625
830	1	489625	489845
831	1	489845	490825
832	1	490825	490945
833	1	490945	492025
834	1	492025	492145
835	1	492145	493225
836	1	493225	493345
837	3	493395	494475
838	3	494475	494595
839	3	494595	495675
840	3	495675	495795
841	3	495795	496875
842	3	496875	497095
843	3	497095	498075
844	3	498075	498195
845	3	498195	499275
846	3	499275	499395
847	3	499395	500475
848	3	500475	500595
849	25	501025	501145
850	25	501145	502225
851	25	502225	502345
852	25	502345	503236
853	25	503236	503425
854	25	503425	503545
855	25	503545	503596
856	25	503596	504625
857	25	504625	504745
858	25	504745	505825
859	25	505825	505945
860	25	505945	507025
861	25	507025	507145
862	25	507145	508225
863	25	508225	508445
864	25	508445	509425
865	25	509425	509545
866	25	509545	510625
867	25	510625	510745
868	27	510795	511875
869	13	511909	512237
870	13	512237	512725
871	13	512725	512845
872	13	512845	513925
873	13	513925	514045
874	13	514045	515125
875	13	515125	515245
876	13	515245	516325
877	13	516325	516445
878	13	516445	517525
879	13	517525	517645
880	13	517645	518725
881	13	518725	519045
882	13	519045	519925
883	13	519925	520045
884	13	520045	521125
885	13	521125	521245
886	13	521245	522325
887	13	522325	522445
888	13	522445	523525
889	13	523525	523645
890	13	523645	524725
891	13	524725	524845
892	13	524845	525925
893	13	525925	526045
894	13	526045	526275
895	13	526275	527040
896	13	527040	527125
897	13	527125	527245
898	13	527245	528325
899	13	528325	528445
900	13	528445	529525
901	13	529525	529745
902	13	529745	530725
903	13	530725	530845
904	13	530845	530918
905	25	531025	531145
906	25	531145	532225
907	25	532225	532345
908	25	532345	533425
909	25	533425	533545
910	33	533625	533745
911	33	533745	534825
912	33	534825	534945
913	33	534945	536025
914	33	536025	536145
915	33	536145	537225
916	33	537225	537345
917	35	537395	538361
918	33	538425	538545
919	33	538545	539625
920	33	539625	539745
921	33	539745	540825
922	33	540825	541045
923	33	541045	542025
924	33	542025	542145
925	33	542145	543225
926	33	543225	543345
927	33	543345	544425
928	33	544425	544545
929	33	544545	545625
930	33	545625	545745
931	33	545745	546825
932	11	546890	547475
933	11	547475	547695
934	11	547695	548675
935	11	548675	548795
936	11	548795	549138
937	11	549138	549875
938	11	549875	549995
939	11	549995	551075
940	11	551075	551295
941	11	551295	552275
942	11	552275	552395
943	11	552395	553475
944	11	553475	553595
945	11	553595	554675
946	11	554675	554795
947	11	554795	555875
948	13	555925	556045
949	31	556336	556375
950	31	556375	556495
951	31	556495	557575
952	31	557575	557695
953	31	557695	558775
954	31	558775	558895
955	31	558895	559975
956	31	559975	560095
957	31	560095	561175
958	31	561175	561295
959	45	561525	561645
960	45	561645	562725
961	45	562725	562945
962	45	562945	563925
963	45	563925	564045
964	45	564045	565125
965	45	565125	565245
966	45	565245	566325
967	45	566325	566445
968	45	566445	567525
969	45	567525	567645
970	45	567645	568725
971	45	568725	568845
972	45	568845	569925
973	45	569925	570045
974	45	570045	571125
975	45	571125	571245
976	45	571245	572325
977	45	572325	572445
978	45	572445	573525
979	45	573525	573745
980	45	573745	574052
981	45	574052	574725
982	45	574725	574845
983	45	574845	575663
984	39	575693	575775
985	39	575775	575895
986	39	575895	576975
987	39	576975	577195
988	39	577195	578175
989	39	578175	578295
990	39	578295	579375
991	39	579375	579495
992	39	579495	580575
993	39	580575	580695
994	39	580695	581775
995	39	581775	581895
996	39	581895	582975
997	39	583095	584175
998	39	584175	584395
999	39	584395	585375
1000	39	585375	585495
1001	39	585495	586575
1002	39	586575	586695
1003	39	586695	587775
1004	39	587775	587895
1005	39	587895	588770
1006	39	588770	588975
1007	39	588975	589095
1008	39	589095	590175
1009	39	590175	590295
1010	39	590295	591375
1011	39	591375	591495
1012	39	591495	592575
1013	39	592575	592695
1014	39	592695	592823
1015	31	593575	593695
1016	31	593695	594775
1017	31	594775	594995
1018	31	594995	595975
1019	1	596085	596425
1020	1	596425	596545
1021	1	596545	597625
1022	1	597625	597745
1023	1	597745	598825
1024	1	598825	598945
1025	1	598945	600025
1026	1	600025	600145
1027	1	600145	601225
1028	1	601225	601345
1029	1	601345	602425
1030	1	602425	602545
1031	1	602545	602627
1032	1	602627	602793
1033	1	602793	603625
1034	1	603625	603745
1035	1	603745	604825
1036	1	604825	605145
1037	1	605145	606025
1038	1	606025	606145
1039	1	606145	607225
1040	1	607225	607345
1041	1	607345	608425
1042	1	608425	608545
1043	1	608545	609625
1044	1	609625	609745
1045	1	609745	610825
1046	1	610825	610945
1047	1	610945	612025
1048	1	612025	612145
1049	3	612195	613048
1050	3	613048	613202
1051	1	613225	613345
1052	1	613345	614425
1053	1	614425	614545
1054	1	614545	615447
1055	1	615447	615625
1056	1	615625	615845
1057	1	615845	616825
1058	1	616825	616945
1059	1	616945	618025
1060	1	618025	618145
1061	15	618375	618495
1062	15	618495	619514
1063	15	619514	619575
1064	15	619575	619695
1065	15	619695	620775
1066	15	620775	620895
1067	15	620895	620901
1068	29	621125	621245
1069	29	621245	622325
1070	29	622325	622445
1071	25	622568	623425
1072	25	623425	623545
1073	25	623545	624625
1074	25	624625	624745
1075	25	624745	625825
1076	25	625825	625945
1077	25	625945	627025
1078	25	627025	627245
1079	25	627245	628225
1080	25	628225	628345
1081	25	628345	629425
1082	25	629425	629545
1083	25	629545	630625
1084	25	630625	630745
1085	25	630745	631825
1086	25	631825	631945
1087	25	631945	633025
1088	25	633025	633145
1089	25	633145	634225
1090	25	634225	634445
1091	25	634445	635425
1092	25	635425	635545
1093	25	635545	636625
1094	25	636625	636745
1095	25	636745	637825
1096	25	637825	638045
1097	35	638075	638295
1098	35	638295	639275
1099	35	639275	639395
1100	35	639395	640475
1101	35	640475	640595
1102	35	640595	641675
1103	35	641675	641795
1104	1	642025	642145
1105	1	642145	643225
1106	1	643225	643345
1107	1	643345	644425
1108	1	644545	645625
1109	1	645625	645745
1110	13	645925	646045
1111	1	646825	646945
1112	1	646945	648025
1113	1	648025	648245
1114	1	648245	648809
1115	11	649475	649595
1116	11	650675	650795
1117	11	650795	651505
1118	11	651505	651875
1119	11	651875	651995
1120	11	651995	653075
1121	11	653075	653195
1122	11	653195	654275
1123	11	654275	654395
1124	11	654395	655475
1125	11	655475	655595
1126	11	655595	656675
1127	11	656675	656795
1128	11	656795	657875
1129	11	657875	657995
1130	11	657995	659075
1131	11	659075	659295
1132	11	659295	659378
1133	11	659378	660275
1134	11	660275	660395
1135	11	660395	661475
1136	11	661475	661595
1137	11	661595	662675
1138	11	665195	666275
1139	11	666275	666395
1140	11	666395	667475
1141	11	667475	667595
1142	11	667595	668675
1143	11	668675	668795
1144	11	668795	669875
1145	11	669875	670095
1146	11	670095	671075
1147	11	674675	674795
1148	11	674795	675875
1149	11	675875	675995
1150	11	675995	677075
1151	11	677075	677195
1152	11	677195	678275
1153	11	678275	678395
1154	11	678395	679475
1155	11	679475	679595
1156	11	679595	680675
1157	11	680675	680895
1158	11	680895	681875
1159	11	681875	681995
1160	11	681995	683075
1161	11	683075	683195
1162	11	683195	684275
1163	11	684275	684395
1164	11	684395	685475
1165	11	685475	685595
1166	11	685595	685903
1167	11	685903	686226
1168	45	689641	689925
1169	45	689925	690045
1170	45	690045	690685
1171	45	690685	691125
1172	45	692325	692645
1173	45	692645	693525
1174	43	693679	693990
1175	43	693990	694675
1176	43	694675	694795
1177	43	694795	695875
1178	43	695875	695995
1179	43	695995	697048
1180	43	697048	697075
1181	43	697075	697195
1182	43	697195	698275
1183	41	700418	700625
1184	41	700625	700745
1185	41	700745	701825
1186	41	701825	701945
1187	41	701945	703025
1188	41	703025	703245
1189	41	703245	703785
1190	41	703803	704225
1191	41	704225	704345
1192	45	704445	705525
1193	45	705525	705645
1194	45	705645	706725
1195	45	706725	706845
1196	45	706845	707925
1197	39	708686	708975
1198	39	708975	709095
1199	39	709095	710175
1200	39	710175	710295
1201	39	710295	710874
1202	39	710874	711375
1203	39	711375	711495
1204	39	711495	712575
1205	39	712575	712695
1206	39	712695	713775
1207	39	713775	713995
1208	39	713995	714975
1209	39	714975	715095
1210	39	715095	716175
1211	39	716175	716295
1212	39	716295	717375
1213	39	717375	717495
1214	39	717495	718575
1215	39	718575	718695
1216	39	718695	719775
1217	39	719775	719895
1218	39	719895	720975
1219	39	720975	721195
1220	39	721195	721644
1221	39	721644	722175
1222	39	722175	722295
1223	39	722295	723375
1224	39	723375	723495
1225	39	723495	724575
1226	39	724575	724795
1227	39	724795	725775
1228	39	725775	725895
1229	25	726068	726625
1230	25	726625	726745
1231	25	726745	727825
1232	27	727875	727995
1233	27	727995	729075
1234	27	729075	729195
1235	27	729195	730275
1236	27	730275	730395
1237	27	730395	731475
1238	27	731475	731595
1239	27	731595	732675
1240	27	732675	732795
1241	27	732795	733285
1242	27	733285	733875
1243	27	733875	733995
1244	27	733995	735075
1245	27	735075	735295
1246	27	735295	735957
1247	35	736167	736475
1248	35	736475	736595
1249	35	736595	737675
1250	35	737675	737795
1251	35	737795	738875
1252	35	738875	738995
1253	35	738995	740075
1254	35	740075	740195
1255	35	740195	741275
1256	35	741275	741395
1257	35	741395	742348
1258	35	742348	742475
1259	35	742475	742595
1260	35	742595	742675
1261	35	742675	743675
1262	35	743675	743795
1263	35	743795	744875
1264	35	744875	744995
1265	35	744995	746075
1266	35	746075	746295
1267	35	746295	747275
1268	35	747275	747395
1269	35	747395	748475
1270	35	748475	748595
1271	35	748595	749675
1272	35	749675	749895
1273	35	749895	750875
1274	35	750875	750995
1275	35	750995	752075
1276	35	752075	752195
1277	35	752195	753275
1278	35	753275	753395
1279	35	753395	754475
1280	35	754475	754595
1281	35	754595	755675
1282	35	755675	755795
1283	35	755795	755866
1284	35	755866	756875
1285	35	756875	757095
1286	35	757095	757180
1287	35	757180	758075
1288	35	758075	758195
1289	35	758195	759275
1290	35	759275	759395
1291	35	759395	760475
1292	35	760475	760595
1293	35	760595	761047
1294	13	761125	761245
1295	13	761245	762325
1296	13	762325	762445
1297	13	762445	762662
1298	13	762662	762979
1299	13	762979	763525
1300	13	763525	763645
1301	13	763645	764725
1302	13	764725	764845
1303	13	764845	765925
1304	13	765925	766045
1305	13	766045	767125
1306	13	767125	767345
1307	13	767345	768325
1308	13	768325	768445
1309	13	768445	769525
1310	13	769525	769645
1311	13	769645	770725
1312	13	770725	770845
1313	13	770845	771925
1314	13	771925	772045
1315	13	772045	773125
1316	13	773125	773245
1317	13	773245	774325
1318	13	774325	774445
1319	13	774445	775525
1320	13	775525	775645
1321	13	775645	776725
1322	13	776725	776845
1323	13	776845	777925
1324	13	777925	778245
1325	13	778245	779125
1326	13	779125	779245
1327	13	779245	780325
1328	13	780325	780445
1329	13	780445	780852
1330	35	780875	780995
1331	35	780995	782075
1332	35	782075	782195
1333	47	782375	782495
1334	47	782495	783575
1335	47	783575	783695
1336	47	783695	783716
1337	11	783875	783995
1338	11	783995	784154
1339	11	784154	785075
1340	11	785075	785195
1341	11	785195	786275
1342	11	786275	786395
1343	11	786395	786647
1344	11	786647	787475
1345	11	787475	787595
1346	11	787595	788675
1347	11	788675	788895
1348	11	788895	789875
1349	23	790175	790295
1350	23	790295	791375
1351	23	791375	791495
1352	33	791625	791745
1353	33	791745	792825
1354	33	792825	792945
1355	33	792945	794025
1356	33	794025	794145
1357	33	794145	795225
1358	33	795225	795345
1359	33	795345	796425
1360	33	796425	796545
1361	33	796545	797625
1362	33	797625	797745
1363	33	797745	798744
1364	43	798775	799075
1365	43	799075	799195
1366	43	799195	799921
1367	43	799921	800275
1368	43	800275	800495
1369	43	800495	801475
1370	43	801475	801595
1371	43	801595	802675
1372	43	802675	802795
1373	43	802795	803875
1374	43	803875	803995
1375	43	803995	805075
1376	43	805075	805195
1377	43	805195	806275
1378	43	806275	806395
1379	43	806395	807475
1380	43	807475	807695
1381	43	807695	808675
1382	43	808675	808795
1383	43	808795	809875
1384	43	809875	809995
1385	43	809995	811075
1386	43	811075	811295
1387	43	811295	812275
1388	43	812275	812395
1389	43	812395	812791
1390	43	812791	813097
1391	43	813097	813475
1392	43	813475	813595
1393	43	813595	814675
1394	43	814675	814795
1395	43	814795	815875
1396	43	815875	815995
1397	43	815995	817075
1398	9	817545	818625
1399	9	818625	818745
1400	5	819477	819725
1401	5	819725	819845
1402	5	819845	820925
1403	5	820925	821145
1404	5	821145	822125
1405	5	822125	822245
1406	5	822245	822398
1407	5	822398	823325
1408	5	823325	823445
1409	5	823445	824525
1410	5	824525	824645
1411	5	824645	825725
1412	5	825725	825845
1413	5	825845	826925
1414	5	826925	827045
1415	5	827045	828125
1416	5	828125	828245
1417	5	828245	829325
1418	5	829325	829445
1419	5	829445	830525
1420	5	830525	830645
1421	5	830645	831725
1422	5	831725	831945
1423	41	832625	832845
1424	5	832925	833045
1425	5	833045	834125
1426	5	834125	834245
1427	5	834245	835325
1428	5	835545	836525
1429	5	836525	836645
1430	5	836645	837725
1431	5	837725	837845
1432	5	837845	838925
1433	5	838925	839045
1434	5	839045	840125
1435	39	840185	840975
1436	39	840975	841095
1437	39	841095	842175
1438	39	842175	842295
1439	41	842811	843416
1440	1	844945	846025
1441	1	846025	846145
1442	1	846145	847225
1443	1	847225	847345
1444	1	847345	848425
1445	1	848425	848545
1446	1	848545	849625
1447	1	849625	849745
1448	1	849745	850825
1449	1	850825	850945
1450	1	850945	852025
1451	1	852025	852145
1452	1	852145	852604
1453	1	852604	852924
1454	1	852924	853225
1455	1	853225	853445
1456	1	853445	854425
1457	1	854425	854545
1458	1	854545	855625
1459	1	855625	855745
1460	1	855745	856825
1461	1	856825	856945
1462	1	856945	858025
1463	1	858025	858145
1464	1	858145	859225
1465	1	859225	859345
1466	1	859345	860425
1467	1	860425	860545
1468	1	860545	861625
1469	1	861625	861745
1470	3	861795	862875
1471	3	862875	862995
1472	15	863175	863295
1473	15	863295	863848
1474	15	863848	864375
1475	15	864375	864695
1476	15	864695	864751
1477	15	864751	865575
1478	15	865575	865695
1479	15	865695	866775
1480	15	867108	867975
1481	15	867975	868095
1482	15	868095	869175
1483	15	869175	869295
1484	15	869295	870375
1485	15	870375	870495
1486	15	870495	871575
1487	15	871575	871695
1488	15	871695	872775
1489	15	872775	872895
1490	15	872895	873975
1491	15	873975	874095
1492	15	874095	875031
1493	15	875031	875175
1494	15	875175	875395
1495	15	875395	876375
1496	15	876375	876495
1497	15	876495	877575
1498	15	877575	877695
1499	15	877695	878503
1500	27	879075	879195
1501	27	879195	880275
1502	27	880275	880395
1503	27	880395	881475
1504	27	881475	881595
1505	27	881595	882675
1506	27	882675	882795
1507	27	882795	883875
1508	27	883875	883995
1509	33	884025	884145
1510	33	884145	885225
1511	33	885225	885345
1512	33	885345	886425
1513	33	886425	886645
1514	33	886645	887625
1515	33	887625	887745
1516	33	887745	888825
1517	33	888825	888945
1518	33	888945	890025
1519	33	890025	890145
1520	33	890145	890538
1521	33	890538	891225
1522	15	891288	891975
1523	15	891975	892095
1524	21	892125	892245
1525	21	892245	893325
1526	21	893325	893545
1527	21	893545	894525
1528	21	894525	894645
1529	21	894645	895725
1530	21	895725	895845
1531	21	895845	896925
1532	21	896925	897145
1533	21	897145	898125
1534	21	898125	898245
1535	21	898245	899325
1536	21	899325	899445
1537	21	899445	900525
1538	21	900525	900645
1539	21	900645	901725
1540	21	901725	901845
1541	21	901845	902925
1542	21	902925	903045
1543	47	903070	903397
1544	47	903397	903575
1545	47	903575	903695
1546	47	903695	904775
1547	47	904775	904895
1548	13	905125	905245
1549	47	905975	906095
1550	47	906095	907080
1551	47	907080	907200
Site : Noumea
Anntenna : 2 nbContacts : 1508
	Sat 	StartTime 	EndTime 
0	27	0	675
1	27	675	995
2	27	995	1875
3	27	1875	1995
4	27	1995	3075
5	27	3075	3195
6	27	3195	4275
7	27	4275	4395
8	27	4395	5475
9	27	5475	5595
10	27	5595	6675
11	27	6675	6795
12	27	6795	7875
13	27	7875	7995
14	27	7995	9075
15	27	9075	9195
16	27	9195	10275
17	27	10275	10395
18	35	10475	10595
19	35	10595	11675
20	35	11675	11895
21	35	11895	12297
22	15	12375	12495
23	15	12495	13440
24	15	13440	13575
25	15	13575	13695
26	15	13695	14775
27	15	14775	14895
28	15	14895	15975
29	15	15975	16095
30	27	16275	16395
31	27	16395	17475
32	27	17475	17595
33	27	17595	18675
34	27	18675	18795
35	27	18795	19875
36	27	19875	19995
37	27	19995	21075
38	27	21075	21195
39	35	21275	21395
40	35	21395	22475
41	35	22475	22695
42	35	22695	23675
43	35	23675	23795
44	35	23795	24875
45	35	24875	24995
46	35	24995	26075
47	35	26075	26195
48	35	26195	27275
49	35	27275	27395
50	35	27395	28475
51	35	28475	28595
52	35	28595	29675
53	35	29675	29895
54	35	29895	30875
55	35	30875	30995
56	35	30995	32075
57	35	32075	32195
58	35	32195	33275
59	35	33275	33495
60	35	33495	34475
61	35	34475	34595
62	35	34595	35675
63	35	35675	35795
64	35	35795	36875
65	35	36875	36995
66	35	36995	38075
67	35	38075	38195
68	35	38195	39275
69	35	39275	39395
70	47	39695	40775
71	47	40775	40895
72	11	41075	41195
73	11	41195	42275
74	11	42275	42395
75	11	42395	42485
76	11	42485	42776
77	11	42776	43475
78	11	43475	43695
79	11	43695	44675
80	11	44675	44795
81	11	44795	45875
82	11	45875	45995
83	11	45995	47075
84	11	47075	47195
85	11	47195	48275
86	11	48275	48395
87	11	48395	49475
88	11	49475	49595
89	11	49595	50675
90	11	50675	50795
91	13	50845	51925
92	13	51925	52045
93	13	52045	53125
94	13	53125	53245
95	13	53245	54325
96	13	54325	54545
97	13	54545	55525
98	13	55525	55645
99	13	55645	56725
100	13	56725	56845
101	13	56845	57554
102	43	57595	58675
103	43	58675	58895
104	43	58895	59875
105	43	59875	59995
106	43	59995	61075
107	43	61075	61195
108	43	61195	62275
109	43	62275	62395
110	43	62395	63475
111	43	63475	63595
112	43	63595	64158
113	43	64158	64675
114	43	64675	64795
115	43	64795	65875
116	43	65875	66095
117	43	66095	67075
118	43	67075	67195
119	43	67195	68275
120	43	68275	68395
121	43	68395	69475
122	43	69475	69595
123	43	69595	70675
124	43	70675	70795
125	43	70795	71875
126	43	71875	71995
127	43	71995	72347
128	43	72347	73075
129	43	73075	73195
130	43	73195	74275
131	43	74275	74395
132	43	74395	75174
133	21	76125	76345
134	21	76345	77325
135	21	77325	77445
136	21	77445	77617
137	3	84948	85275
138	3	85275	85395
139	3	85395	86475
140	3	86475	86795
141	3	86795	87675
142	3	87675	87795
143	3	87795	88875
144	3	88875	88995
145	3	88995	90075
146	3	90075	90195
147	3	90195	91275
148	3	91275	91395
149	3	91395	92475
150	3	92475	92595
151	3	92595	93675
152	3	93675	93795
153	3	93795	94875
154	3	94875	94995
155	3	94995	95553
156	3	95553	96075
157	3	96075	96195
158	3	96195	97275
159	3	97275	97495
160	3	97495	98475
161	3	98475	98595
162	3	98595	99675
163	3	99675	99795
164	3	99795	100875
165	3	100875	100995
166	3	100995	101785
167	3	101785	102075
168	3	102075	102195
169	3	102195	103275
170	3	103275	103395
171	3	103395	104215
172	41	104225	104345
173	27	105195	106275
174	27	106275	106395
175	27	106395	107475
176	27	107475	107595
177	27	107595	108675
178	27	108675	108895
179	27	109995	111075
180	27	111075	111195
181	27	111287	111603
182	27	111603	112275
183	27	112275	112395
184	27	112395	113475
185	27	113475	113595
186	27	113595	114675
187	27	114675	114795
188	27	114795	115875
189	27	115875	116095
190	27	116095	117075
191	27	117075	117195
192	29	117245	118325
193	29	118325	118445
194	29	118445	119525
195	29	119525	119745
196	29	119745	119930
197	39	119995	120975
198	35	120995	122075
199	35	122075	122195
200	35	122195	123275
201	35	123275	123395
202	35	123395	124475
203	35	124475	124595
204	35	124595	125675
205	35	125675	125795
206	35	125795	126875
207	35	126875	126995
208	35	126995	128075
209	35	128075	128195
210	35	128195	129275
211	35	129275	129395
212	35	129395	130475
213	37	130525	130745
214	37	130745	131725
215	37	131725	131845
216	37	131845	132925
217	37	132925	133045
218	37	133045	134125
219	37	134125	134245
220	37	134245	135325
221	37	135325	135445
222	37	135445	136525
223	37	136525	136645
224	37	136645	137725
225	37	137725	137845
226	37	137845	138925
227	37	138925	139045
228	1	139225	139345
229	1	139345	140425
230	1	140425	140645
231	1	140645	141625
232	1	141625	141745
233	33	141753	142425
234	33	142425	142545
235	33	142545	143625
236	35	143675	143795
237	35	143795	144875
238	35	144875	145095
239	35	145095	146075
240	35	146075	146195
241	35	146195	147275
242	35	147275	147395
243	47	147575	147695
244	47	147695	148775
245	47	148775	148895
246	47	148895	149975
247	47	149975	150095
248	47	150095	151175
249	47	151175	151295
250	47	151295	152375
251	47	152375	152595
252	47	152595	153575
253	47	153575	153695
254	47	153695	154775
255	47	154775	154895
256	47	154895	155975
257	47	155975	156095
258	47	156095	157175
259	47	157175	157295
260	47	157295	158024
261	47	158024	158375
262	47	158375	158495
263	15	158775	158895
264	15	158895	159975
265	15	159975	160095
266	23	160175	160295
267	23	160295	161375
268	23	161375	161495
269	11	161780	162275
270	11	162275	162495
271	11	162495	163475
272	11	163475	163595
273	11	163595	164675
274	11	164675	164795
275	11	164795	165875
276	11	165875	165995
277	11	165995	167075
278	11	167075	167195
279	11	167195	168275
280	11	168275	168395
281	11	168395	169475
282	11	169475	169595
283	11	169595	170675
284	11	170675	170795
285	11	170795	171875
286	11	171875	171995
287	11	171995	173075
288	11	173075	173395
289	11	173395	174275
290	11	174275	174395
291	11	174395	175475
292	11	175475	175595
293	11	175595	176675
294	11	176675	176795
295	33	177225	177345
296	33	177345	178425
297	45	182445	182549
298	45	182549	183525
299	45	184110	184725
300	45	184725	184945
301	45	184945	185925
302	45	185925	186045
303	21	186525	186645
304	21	187725	187845
305	21	187845	188925
306	21	188925	189045
307	21	189045	190125
308	21	190125	190245
309	21	190245	191325
310	21	191325	191445
311	21	191445	192525
312	21	192525	192645
313	21	192645	193725
314	21	193725	193845
315	21	193845	194925
316	21	194925	195145
317	21	195145	195269
318	31	195395	196375
319	31	196375	196495
320	31	196495	197575
321	31	197575	197695
322	31	197695	198775
323	31	198775	198895
324	31	198895	199975
325	31	199975	200095
326	31	200095	201175
327	31	201175	201295
328	31	201295	202375
329	31	202375	202595
330	31	202595	202720
331	31	202720	203575
332	31	203575	203695
333	31	203695	204775
334	31	204775	204895
335	31	204895	205975
336	31	205975	206195
337	31	206195	207175
338	31	207175	207295
339	31	207295	207590
340	31	207590	208375
341	31	208375	208495
342	31	208495	209575
343	31	209575	209695
344	31	209695	210775
345	31	210775	210895
346	31	210895	211975
347	31	211975	212095
348	31	212095	213175
349	31	213175	213295
350	31	213295	214138
351	31	214138	214375
352	31	214375	214495
353	31	214495	215575
354	31	215575	215695
355	31	215695	216775
356	31	216775	216995
357	31	216995	217705
358	3	218074	218475
359	3	218475	218595
360	3	218595	219675
361	3	219675	219795
362	3	219795	220716
363	3	220716	220875
364	3	220875	220995
365	3	220995	222075
366	3	222075	222195
367	3	222195	223275
368	3	223275	223395
369	3	223395	224475
370	3	224475	224595
371	3	224595	225675
372	3	225675	225795
373	3	225795	226875
374	3	226875	227095
375	3	227095	228075
376	3	228075	228195
377	3	228195	228657
378	3	228657	229275
379	3	229275	229395
380	3	229395	230475
381	3	230475	230695
382	31	232495	233575
383	31	233575	233695
384	31	233695	234775
385	31	234775	234895
386	31	234895	235975
387	31	235975	236095
388	35	236195	237275
389	35	237275	237395
390	35	237395	238475
391	35	238475	238695
392	35	238695	239675
393	35	239675	239795
394	27	239920	240675
395	27	240675	240795
396	35	240875	240995
397	35	240995	242075
398	35	242075	242195
399	35	242195	243275
400	35	243275	243395
401	35	243395	244475
402	35	244475	244595
403	35	244595	245675
404	35	245675	245795
405	35	245795	246875
406	35	246875	246995
407	3	247275	247395
408	3	247395	248475
409	3	248475	248695
410	3	248695	249675
411	3	249675	249795
412	25	250225	250345
413	25	250345	250416
414	25	250416	251425
415	25	251425	251545
416	25	251545	252625
417	25	252625	252745
418	25	252745	253825
419	25	253825	253945
420	25	253945	255025
421	25	255025	255145
422	25	255145	256225
423	25	256225	256345
424	27	256395	257475
425	27	257475	257595
426	27	257595	258675
427	27	258675	258795
428	23	258842	259775
429	23	259775	260095
430	23	260095	260975
431	23	260975	261095
432	23	261095	262175
433	23	262175	262295
434	23	262295	263375
435	23	263375	263495
436	23	263495	264575
437	23	264575	264695
438	23	264695	265775
439	23	265775	265895
440	23	265895	266975
441	23	266975	267095
442	23	267095	268175
443	23	268175	268295
444	23	268295	269375
445	23	269375	269495
446	23	269495	270575
447	23	270575	270795
448	23	270795	271775
449	23	271775	271895
450	23	271895	271921
451	23	271921	272244
452	23	272244	272975
453	23	272975	273095
454	23	273095	274175
455	23	274175	274295
456	23	274295	275375
457	23	275375	275495
458	23	275495	276575
459	23	276575	276695
460	23	276695	277775
461	23	277775	277895
462	47	277907	278375
463	47	278375	278495
464	47	278495	279575
465	47	279575	279695
466	47	279695	280086
467	47	280086	280775
468	47	280775	280895
469	47	280895	281975
470	47	281975	282195
471	47	282195	283175
472	47	283175	283295
473	47	283295	284375
474	47	284375	284495
475	47	284495	285575
476	47	285575	285695
477	47	285695	286775
478	47	286775	286895
479	47	286895	287975
480	47	287975	288095
481	47	288095	289175
482	47	289175	289395
483	47	289395	290375
484	47	290375	290495
485	47	290495	290890
486	47	290890	291575
487	47	291575	291695
488	47	291695	292775
489	47	292775	292995
490	13	293125	293245
491	13	293245	294325
492	13	294325	294445
493	13	294445	295525
494	13	295525	295645
495	13	295645	296725
496	13	296725	296845
497	13	296845	297925
498	13	297925	298045
499	13	298045	299125
500	13	299125	299245
501	9	299340	300225
502	9	300225	300345
503	9	300345	301425
504	9	301425	301545
505	9	301545	302625
506	9	302625	302845
507	9	302845	303403
508	9	303403	303825
509	9	303825	303945
510	9	303945	305025
511	9	305025	305145
512	43	305398	305875
513	43	305875	305995
514	43	305995	307075
515	43	307075	307195
516	43	307195	308275
517	43	308275	308395
518	43	308395	309475
519	43	309475	309595
520	43	309595	310675
521	43	310675	310795
522	43	310795	311575
523	43	311575	311875
524	43	311875	311995
525	43	311995	313075
526	43	313075	313195
527	43	313195	314275
528	43	314275	314495
529	43	314495	315475
530	43	315475	315595
531	43	315595	316675
532	43	316675	316795
533	43	316795	317875
534	43	317875	318095
535	43	318095	319075
536	43	319075	319195
537	43	319195	320275
538	43	320275	320395
539	43	320395	321475
540	43	321475	321595
541	43	321595	322675
542	43	322675	322795
543	43	322795	323875
544	43	323875	323995
545	43	323995	325032
546	43	325032	325075
547	43	325075	325295
548	43	325295	326275
549	43	326275	326395
550	43	326395	327475
551	43	327475	327595
552	43	327595	328675
553	43	328675	328795
554	31	329126	329575
555	31	329575	329695
556	31	329695	330775
557	31	330775	330895
558	31	330895	331975
559	31	331975	332095
560	31	332095	332317
561	31	332317	333175
562	31	333175	333295
563	31	333295	334033
564	31	334033	334375
565	31	334375	334495
566	31	334495	335575
567	31	335575	335795
568	31	335795	336775
569	31	336775	336895
570	31	336895	337975
571	31	337975	338095
572	31	338095	339175
573	31	339175	339295
574	31	339295	340375
575	31	340375	340495
576	31	340495	341575
577	31	341575	341695
578	31	341695	342775
579	31	342775	342895
580	31	342895	343975
581	31	343975	344095
582	31	344095	345175
583	31	345175	345295
584	1	345303	345625
585	1	345625	345945
586	1	345945	346825
587	1	346825	346945
588	1	346945	348025
589	1	348025	348145
590	1	348145	349225
591	1	349225	349345
592	1	349345	350425
593	1	350425	350545
594	1	350545	351625
595	1	351625	351745
596	1	351745	352825
597	1	352825	352945
598	1	352945	354025
599	1	354025	354145
600	1	354145	355225
601	1	355225	355345
602	1	355345	356425
603	1	356425	356645
604	1	356645	357625
605	1	357625	357745
606	1	357745	357882
607	1	357882	358825
608	1	358825	358945
609	1	358945	360025
610	1	360025	360145
611	1	360145	361225
612	1	361225	361345
613	1	361345	361346
614	1	361346	362425
615	1	362425	362545
616	37	363325	363445
617	37	363445	364525
618	37	364525	364645
619	37	364645	364932
620	37	364932	365725
621	37	365725	365845
622	37	365845	366925
623	37	366925	367045
624	37	367045	368125
625	37	368125	368345
626	37	368345	369325
627	37	369325	369445
628	37	369445	370525
629	37	370525	370645
630	37	370645	371725
631	37	371725	371845
632	37	371845	372925
633	37	372925	373045
634	37	373045	374125
635	37	374125	374245
636	37	374245	375325
637	37	375325	375545
638	37	375545	376525
639	37	376525	376645
640	3	376875	376995
641	3	376995	378075
642	3	378075	378295
643	3	378295	379275
644	3	379275	379395
645	3	379395	380475
646	3	380475	380595
647	3	380595	381675
648	3	381675	381795
649	3	381795	382875
650	3	382875	382995
651	3	382995	384075
652	3	384075	384195
653	3	384195	385275
654	3	385275	385395
655	3	385395	386475
656	3	386475	386595
657	3	386595	387675
658	3	387675	387795
659	3	387795	388419
660	13	388694	389125
661	13	389125	389345
662	13	389345	390325
663	13	390325	390445
664	13	390445	391525
665	13	391525	391645
666	13	391645	392725
667	13	392725	392845
668	13	392845	393925
669	13	393925	394045
670	15	394095	395175
671	15	395175	395295
672	15	395295	396375
673	15	396375	396495
674	15	396495	397575
675	15	397575	397695
676	15	397695	398775
677	15	398775	398895
678	15	398895	399975
679	15	399975	400195
680	15	400195	401175
681	15	401175	401295
682	15	401295	402375
683	15	402375	402495
684	15	402495	403575
685	25	403825	404045
686	35	404075	404295
687	35	404295	405045
688	23	405095	406175
689	23	406175	406295
690	23	406295	407375
691	23	407375	407495
692	23	407495	407690
693	23	407690	408575
694	23	408575	408695
695	33	408825	408945
696	33	408945	409084
697	33	409084	410025
698	33	410025	410145
699	45	410325	410445
700	45	410445	411525
701	45	411525	411745
702	45	411745	412725
703	45	412725	412845
704	45	412845	413925
705	45	413925	414045
706	9	414114	414225
707	9	414225	414345
708	9	414345	415425
709	9	415425	415545
710	9	415545	416625
711	9	416625	416745
712	9	416745	417825
713	13	417925	418045
714	13	418045	419125
715	13	419125	419245
716	13	419245	420325
717	13	420325	420445
718	13	420445	421525
719	13	421525	421745
720	13	421745	422725
721	13	422725	422845
722	21	422925	423045
723	21	423045	424125
724	21	424125	424245
725	21	424245	425325
726	21	425325	425445
727	21	425445	426525
728	21	426525	426645
729	21	426645	427725
730	21	427725	427845
731	21	427845	428925
732	21	428925	429045
733	21	429045	430125
734	21	430125	430245
735	21	430245	431325
736	21	431325	431445
737	21	431445	432525
738	21	432525	432845
739	21	432845	433725
740	21	433725	433845
741	21	433845	434925
742	21	434925	435045
743	21	435045	436125
744	21	436125	436245
745	21	436245	437325
746	21	437325	437445
747	21	437445	438525
748	21	438525	438645
749	21	438645	439725
750	21	439725	439845
751	47	440375	440495
752	47	440495	441575
753	47	441575	441695
754	47	441695	442775
755	47	442775	442895
756	47	442895	443975
757	47	443975	444195
758	47	447575	447695
759	41	448423	448625
760	41	448625	448745
761	41	448745	449825
762	41	449825	449945
763	41	449945	450967
764	41	450967	451025
765	41	451025	451145
766	41	451145	452225
767	41	452225	452345
768	41	452345	453425
769	41	453425	453545
770	41	453545	454625
771	41	454625	454845
772	41	454845	455825
773	41	455825	455945
774	41	455945	457025
775	41	457025	457145
776	41	457145	458225
777	41	458225	458345
778	41	458345	459425
779	41	459425	459545
780	41	459545	459807
781	41	459807	460625
782	41	460625	460745
783	41	460745	461825
784	41	461825	462045
785	41	462045	463025
786	41	463025	463145
787	41	463145	464225
788	41	464225	464345
789	43	464395	465475
790	43	465475	465695
791	43	465695	466675
792	43	466675	466795
793	43	466795	467875
794	43	467875	467995
795	43	467995	469075
796	43	469075	469195
797	43	469195	470275
798	43	470275	470395
799	43	470395	471475
800	43	471475	471595
801	43	471595	472675
802	43	472675	472795
803	3	472875	472995
804	3	472995	473253
805	3	473253	473565
806	3	473565	474075
807	3	474075	474195
808	41	475025	475145
809	41	475145	476225
810	41	476225	476445
811	41	476445	477425
812	41	477425	477545
813	41	477545	478625
814	41	478625	478745
815	41	478745	479825
816	41	479825	479945
817	41	479945	481025
818	41	481025	481145
819	41	481145	482225
820	41	482225	482345
821	41	482345	483425
822	3	484875	484995
823	3	484995	486075
824	3	486075	486295
825	3	486295	487275
826	3	487275	487395
827	3	487395	488475
828	3	488475	488595
829	29	488714	489125
830	29	489125	489245
831	29	489245	490062
832	29	490062	490325
833	37	490525	490745
834	37	490745	491725
835	37	491725	491845
836	37	491845	492925
837	37	492925	493045
838	37	493045	494125
839	37	494125	494245
840	37	494245	495325
841	37	495325	495445
842	37	495445	496525
843	37	496525	496645
844	37	496645	497564
845	37	497564	497725
846	37	497725	497945
847	37	497945	498925
848	37	498925	499045
849	37	499045	500125
850	37	500125	500245
851	37	500245	501325
852	33	501345	502425
853	33	502425	502545
854	33	502545	503625
855	33	503625	503745
856	33	503745	504825
857	33	504825	504945
858	33	504945	506025
859	33	506025	506145
860	33	506145	506234
861	1	506425	506545
862	1	506545	507625
863	1	507625	507845
864	1	507845	508825
865	1	508825	508945
866	15	509295	510375
867	15	510375	510495
868	15	510495	511575
869	15	511575	511695
870	15	511695	512775
871	15	512775	512895
872	15	512895	513975
873	15	513975	514095
874	15	514095	515175
875	15	515175	515295
876	15	515295	516375
877	15	516375	516495
878	15	516495	517575
879	15	517575	517695
880	15	517695	518775
881	15	518775	519095
882	15	519095	519975
883	11	519995	521075
884	11	521075	521195
885	11	521195	522275
886	11	522275	522395
887	11	522395	523475
888	11	523475	523595
889	11	523595	524675
890	11	524675	524795
891	11	524795	525875
892	11	525875	525995
893	11	525995	526281
894	11	526281	527075
895	11	527075	527195
896	11	527195	528275
897	11	528275	528395
898	11	528395	529475
899	11	529475	529695
900	11	529695	530675
901	11	530675	530795
902	11	530795	531875
903	11	531875	531995
904	11	531995	532581
905	11	532581	533075
906	11	533075	533195
907	11	533195	534275
908	11	534275	534395
909	21	534525	534645
910	21	534645	535725
911	21	535725	535845
912	21	535845	536925
913	21	536925	537045
914	21	537045	538125
915	21	538125	538245
916	21	538245	539325
917	21	539325	539445
918	21	539445	540525
919	21	540525	540745
920	21	540745	541725
921	21	541725	541845
922	21	541845	542925
923	21	542925	543045
924	21	543045	544125
925	21	544125	544245
926	21	544245	545325
927	21	545325	545445
928	21	545445	546525
929	21	546525	546645
930	21	546645	547725
931	21	547725	547945
932	21	547945	548925
933	21	548925	549045
934	21	549045	550125
935	21	550125	550245
936	21	550245	550723
937	21	550723	551325
938	21	551325	551545
939	43	551634	551875
940	43	551875	552095
941	43	552095	553075
942	43	553075	553195
943	43	553195	554275
944	43	554275	554395
945	43	554395	555475
946	43	555475	555595
947	43	555595	556675
948	43	556675	556795
949	43	556795	557875
950	43	557875	557995
951	43	557995	559075
952	43	559075	559195
953	43	559195	560275
954	43	560275	560395
955	43	560395	561475
956	43	561475	561595
957	43	561595	562280
958	43	562280	562597
959	43	562597	562675
960	43	562675	562895
961	43	562895	563875
962	43	563875	563995
963	43	563995	565075
964	43	565075	565195
965	43	565195	566275
966	43	566275	566395
967	43	566395	567475
968	43	567475	567595
969	43	567595	568675
970	43	568675	568795
971	43	568795	569875
972	43	569875	569995
973	43	569995	571075
974	43	571075	571195
975	43	571195	572275
976	43	572275	572395
977	43	572395	573475
978	43	573475	573695
979	43	573695	574675
980	43	574795	575875
981	43	575875	575995
982	43	575995	577075
983	43	577075	577295
984	43	577295	578275
985	43	578275	578395
986	43	578395	579475
987	43	579475	579595
988	43	579595	580218
989	43	580675	580795
990	31	581726	582775
991	31	582775	582895
992	31	582895	583327
993	31	583327	583975
994	31	583975	584195
995	37	587652	587725
996	37	587725	587845
997	37	587845	588925
998	37	588925	589045
999	29	589204	589925
1000	29	589925	590045
1001	29	590045	591125
1002	29	591125	591245
1003	29	591245	592199
1004	29	592199	592325
1005	29	592325	592445
1006	29	592445	593525
1007	29	593525	593645
1008	29	593645	594725
1009	29	594725	594945
1010	29	594945	595925
1011	29	595925	596045
1012	29	596045	597125
1013	29	597125	597245
1014	29	597245	598325
1015	29	598325	598445
1016	27	598482	599378
1017	27	599378	599475
1018	27	599475	599595
1019	27	599595	600675
1020	27	600675	600795
1021	27	600795	601553
1022	27	601553	601875
1023	27	601875	601995
1024	27	601995	603075
1025	27	603075	603195
1026	27	603195	604275
1027	27	604275	604395
1028	27	604395	605475
1029	27	605475	605795
1030	27	605795	606675
1031	27	606675	606795
1032	27	606795	607875
1033	27	607875	607995
1034	29	608045	609125
1035	29	609125	609245
1036	29	609245	610325
1037	29	610325	610445
1038	29	610445	611525
1039	29	611525	611645
1040	29	611645	612725
1041	29	612725	612845
1042	29	612845	613925
1043	29	613925	614045
1044	25	614061	615025
1045	25	615025	615145
1046	25	615145	616225
1047	25	616225	616445
1048	25	616445	617425
1049	25	617425	617545
1050	25	617545	618625
1051	25	618625	618745
1052	25	618745	619825
1053	25	619825	619945
1054	25	619945	621025
1055	25	621025	621145
1056	25	621145	622225
1057	25	622225	622345
1058	27	622395	623475
1059	27	623475	623595
1060	27	623595	624675
1061	27	624675	624795
1062	27	624795	625875
1063	27	625875	625995
1064	27	625995	627075
1065	27	627075	627295
1066	27	627295	628275
1067	27	628275	628395
1068	27	628395	629475
1069	27	629475	629595
1070	27	629595	630675
1071	23	630695	631775
1072	23	631775	631895
1073	23	631895	632975
1074	23	632975	633095
1075	23	633095	633228
1076	23	633228	633454
1077	23	633454	634175
1078	23	634175	634395
1079	23	634395	635375
1080	23	635375	635495
1081	23	635495	636575
1082	23	636575	636695
1083	23	636695	637775
1084	23	637775	637995
1085	23	637995	638466
1086	23	638466	638975
1087	23	638975	639095
1088	23	639095	640175
1089	23	640175	640295
1090	23	640295	641375
1091	23	641375	641495
1092	23	641495	642575
1093	23	642575	642695
1094	23	642695	643775
1095	23	643775	643895
1096	23	643895	644934
1097	23	644934	644975
1098	23	644975	645095
1099	23	645095	646175
1100	23	646175	646295
1101	23	646295	647375
1102	23	647375	647495
1103	23	647495	648507
1104	35	649095	650075
1105	35	650075	650195
1106	35	650195	651275
1107	35	651275	651395
1108	35	651395	652475
1109	35	652475	652595
1110	43	671995	673075
1111	43	673075	673195
1112	43	673195	674275
1113	43	674275	674395
1114	43	674395	675475
1115	43	675475	675595
1116	43	675595	676675
1117	43	676675	676795
1118	43	676795	677875
1119	43	677875	677995
1120	43	677995	678922
1121	5	686144	686525
1122	5	686525	686645
1123	5	686645	687725
1124	5	687725	687845
1125	5	687845	688925
1126	5	688925	689045
1127	5	689045	690125
1128	5	690125	690245
1129	5	690245	691325
1130	5	691325	691645
1131	5	691645	692525
1132	5	692525	692645
1133	5	692645	693725
1134	5	693725	693845
1135	5	693845	694689
1136	5	694689	694925
1137	5	694925	695045
1138	5	695045	696125
1139	5	696125	696245
1140	5	696245	697325
1141	5	697325	697445
1142	5	697445	698525
1143	5	698525	698645
1144	5	698645	699725
1145	5	699725	699845
1146	5	699845	700925
1147	5	700925	701045
1148	5	701045	702125
1149	5	702125	702345
1150	5	702345	703325
1151	5	703325	703445
1152	5	703445	703810
1153	5	703810	704525
1154	5	704525	704645
1155	5	704645	705725
1156	5	705725	705845
1157	5	705845	706857
1158	31	707575	707695
1159	31	707695	708775
1160	31	708775	708895
1161	31	708895	709975
1162	31	709975	710095
1163	31	710095	711175
1164	31	711175	711295
1165	31	711295	712375
1166	31	712375	712495
1167	31	712495	713575
1168	31	713575	713795
1169	31	713795	714775
1170	31	714775	714895
1171	31	714895	715975
1172	31	715975	716095
1173	31	716095	717175
1174	31	717175	717295
1175	31	717295	718375
1176	31	718375	718495
1177	31	718495	719575
1178	31	719575	719695
1179	31	719695	720775
1180	31	720775	720995
1181	31	720995	721829
1182	31	721829	721975
1183	31	721975	722095
1184	37	722125	722245
1185	37	722245	723325
1186	37	723325	723445
1187	37	723445	724525
1188	37	724525	724745
1189	37	724745	725725
1190	37	725725	725845
1191	37	725845	726925
1192	37	726925	727045
1193	37	727045	728125
1194	37	728125	728245
1195	37	728245	729325
1196	37	729325	729445
1197	37	729445	730525
1198	37	730525	730645
1199	37	730645	731725
1200	37	731725	731845
1201	37	731845	732694
1202	37	732694	732925
1203	37	732925	733045
1204	37	733045	734125
1205	37	734125	734245
1206	37	734245	735325
1207	37	735325	735545
1208	37	735545	736525
1209	37	736525	736645
1210	37	736645	737725
1211	37	737725	737845
1212	37	737845	738925
1213	37	738925	739045
1214	37	739045	740125
1215	37	740125	740245
1216	37	740245	741325
1217	37	741325	741445
1218	37	741445	742525
1219	37	742525	742645
1220	37	742645	743725
1221	37	743725	743845
1222	37	743845	744925
1223	37	744925	745045
1224	37	745045	746125
1225	37	746125	746345
1226	37	746345	747325
1227	37	747325	747445
1228	37	747445	748525
1229	37	748525	748645
1230	37	748645	749725
1231	37	749725	749945
1232	37	749945	750925
1233	37	750925	751045
1234	37	751045	751335
1235	13	751360	751525
1236	13	751525	751645
1237	13	751645	752725
1238	13	752725	752845
1239	13	752845	753925
1240	13	753925	754045
1241	13	754045	755125
1242	13	755125	755245
1243	13	755245	756325
1244	13	756325	756545
1245	13	756545	757525
1246	13	757525	757645
1247	13	757645	758725
1248	13	758725	758845
1249	13	758845	759925
1250	13	759925	760045
1251	25	760225	760345
1252	25	760345	761425
1253	23	761495	762575
1254	23	762575	762695
1255	23	762695	763106
1256	23	763106	763775
1257	23	763775	763895
1258	23	763895	764785
1259	23	764785	764975
1260	23	764975	765095
1261	23	765095	766175
1262	23	766175	766295
1263	11	766319	767075
1264	11	767075	767295
1265	23	767375	767595
1266	23	767595	768575
1267	23	768575	768695
1268	21	768697	769725
1269	21	769725	769845
1270	21	769845	770243
1271	21	770243	770925
1272	21	770925	771045
1273	21	771045	772125
1274	21	772125	772245
1275	21	772245	773325
1276	21	773325	773445
1277	21	773445	774509
1278	21	774509	774525
1279	21	774525	774645
1280	21	774645	775725
1281	21	775725	775845
1282	21	775845	776925
1283	21	776925	777045
1284	21	777045	778125
1285	21	778125	778445
1286	21	778445	779325
1287	21	779325	779445
1288	21	779445	780525
1289	21	780525	780645
1290	21	780645	781725
1291	21	781725	781845
1292	21	781845	782551
1293	9	782625	782745
1294	9	782745	783825
1295	9	783825	783945
1296	9	783945	785025
1297	9	785025	785145
1298	9	785145	786225
1299	9	786225	786345
1300	9	786345	787425
1301	9	787425	787545
1302	9	787545	788622
1303	9	788622	788625
1304	9	788625	788845
1305	9	788845	789825
1306	9	789825	789945
1307	9	789945	791025
1308	9	791025	791145
1309	9	791145	792142
1310	9	792142	792225
1311	9	792225	792345
1312	23	792575	792695
1313	45	792757	793125
1314	45	793125	793245
1315	45	793245	794325
1316	45	794325	794445
1317	45	794445	795525
1318	45	795525	795645
1319	45	795645	795670
1320	45	795670	796725
1321	45	796725	796845
1322	45	796845	797925
1323	45	797925	798045
1324	45	798045	799125
1325	45	799125	799245
1326	45	799245	800325
1327	45	800325	800545
1328	45	800545	801525
1329	45	801525	801645
1330	45	801645	802725
1331	45	802725	802845
1332	45	802845	803925
1333	45	803925	804045
1334	45	804045	805125
1335	45	805125	805245
1336	45	805245	806325
1337	45	806325	806445
1338	45	806445	807525
1339	45	807525	807745
1340	45	807745	808725
1341	45	808725	808845
1342	45	808845	809925
1343	45	809925	810045
1344	45	810045	811125
1345	45	811125	811345
1346	45	811345	812325
1347	45	812325	812445
1348	45	812445	813525
1349	45	813525	813645
1350	45	813645	814725
1351	45	814725	814845
1352	11	815075	815195
1353	11	816395	817475
1354	11	817475	817595
1355	43	818275	818395
1356	45	818445	819525
1357	45	819525	819645
1358	45	819645	820725
1359	45	820725	820845
1360	45	820845	821925
1361	45	821925	822145
1362	45	822145	823125
1363	45	823125	823245
1364	45	823245	824325
1365	45	824325	824445
1366	9	824625	824745
1367	9	824745	825825
1368	39	826523	826575
1369	39	826575	826695
1370	39	826695	827775
1371	39	827775	827895
1372	39	827895	828975
1373	39	828975	829095
1374	39	829095	830175
1375	39	830175	830295
1376	39	830295	831375
1377	39	831375	831495
1378	39	831495	832575
1379	39	832575	832795
1380	39	832795	833294
1381	39	833294	833352
1382	39	833352	833775
1383	39	833775	833895
1384	39	833895	834975
1385	39	834975	835095
1386	39	835095	836175
1387	39	836175	836395
1388	39	836395	837375
1389	39	837375	837495
1390	39	837495	838575
1391	39	838575	838695
1392	39	838695	839775
1393	41	839825	839945
1394	41	839945	841025
1395	29	841581	841925
1396	29	841925	842045
1397	29	842045	843125
1398	29	843125	843345
1399	29	843345	843754
1400	29	844445	845112
1401	3	848595	849675
1402	3	849675	849795
1403	3	849795	850875
1404	3	850875	850995
1405	3	850995	852075
1406	3	852075	852195
1407	3	852195	853275
1408	3	853275	853495
1409	3	853495	854475
1410	3	854475	854595
1411	3	854595	855675
1412	3	855675	855795
1413	3	855795	856875
1414	3	856875	856995
1415	3	856995	858075
1416	3	858075	858195
1417	3	858195	859275
1418	25	859305	859762
1419	25	859762	859825
1420	25	859825	859945
1421	25	859945	861025
1422	25	861025	861145
1423	25	861145	862225
1424	25	862225	862345
1425	25	862345	863425
1426	25	863425	863545
1427	25	863545	864625
1428	25	864625	864945
1429	39	864975	865295
1430	39	865295	866175
1431	1	866425	866545
1432	1	866545	867625
1433	1	867625	867745
1434	1	867745	868825
1435	1	868825	868945
1436	1	868945	869373
1437	1	869373	870025
1438	1	870025	870145
1439	13	870325	870445
1440	13	870445	871525
1441	13	871525	871645
1442	13	871645	872725
1443	13	872725	872845
1444	13	872845	873925
1445	13	873925	874045
1446	13	874045	875125
1447	13	875125	875345
1448	13	875345	876325
1449	13	876325	876445
1450	23	876575	876695
1451	23	876695	877775
1452	23	877775	877895
1453	23	877895	878975
1454	23	878975	879095
1455	33	879203	879225
1456	33	879225	879345
1457	33	879345	880425
1458	33	880425	880545
1459	33	880545	881625
1460	33	881625	881745
1461	33	881745	881755
1462	33	881755	882825
1463	33	882825	882945
1464	23	882954	883775
1465	23	883775	883895
1466	23	883895	884975
1467	23	884975	885095
1468	23	885095	886175
1469	23	886175	886395
1470	23	886395	887375
1471	23	887375	887495
1472	23	887495	888575
1473	23	888575	888695
1474	23	888695	889775
1475	23	889775	889895
1476	23	889895	890975
1477	23	890975	891095
1478	23	891095	892175
1479	23	892175	892295
1480	23	892295	893375
1481	23	893375	893595
1482	23	893595	894575
1483	23	894575	894695
1484	23	894695	895775
1485	23	895775	895895
1486	23	895895	896975
1487	23	896975	897195
1488	23	897195	898175
1489	23	898175	898295
1490	23	898295	898895
1491	23	898895	899375
1492	23	899375	899495
1493	23	899495	900187
1494	23	900187	900575
1495	23	900575	900695
1496	23	900695	901775
1497	23	901775	901895
1498	33	902025	902145
1499	33	902145	903225
1500	33	903225	903345
1501	33	903345	904425
1502	33	904425	904545
1503	33	904545	905625
1504	33	905625	905745
1505	33	905745	906825
1506	33	906825	906945
1507	33	906945	907200
Site : Noumea
Anntenna : 3 nbContacts : 1524
	Sat 	StartTime 	EndTime 
0	1	0	25
1	1	25	345
2	1	345	1225
3	1	1225	1345
4	1	1345	2425
5	1	2425	2545
6	1	2545	3625
7	1	3625	3745
8	1	3745	4825
9	1	4825	4945
10	1	4945	6025
11	1	6025	6145
12	15	6375	6495
13	15	6495	7575
14	15	7575	7695
15	15	7695	8775
16	15	8775	8895
17	15	8895	9975
18	15	9975	10095
19	15	10095	11175
20	15	11175	11395
21	27	11475	11695
22	27	11695	12675
23	27	12675	12795
24	27	12795	13875
25	27	13875	13995
26	23	14084	14975
27	23	14975	15095
28	23	15095	16175
29	23	16175	16295
30	23	16295	17375
31	23	17375	17495
32	23	17495	18575
33	35	18875	18995
34	37	19045	20125
35	37	20125	20245
36	37	20245	21325
37	23	21401	22175
38	23	22175	22395
39	23	22395	23375
40	23	23375	23495
41	23	23495	24575
42	23	24575	24695
43	23	24695	25775
44	23	25775	25895
45	23	25895	26975
46	23	26975	27095
47	23	27095	28175
48	23	28175	28295
49	23	28295	29375
50	15	29395	29702
51	15	29702	30375
52	15	30375	30495
53	21	30525	30645
54	21	30645	31725
55	21	31725	31845
56	21	31845	32925
57	21	32925	33145
58	21	33145	34125
59	21	34125	34245
60	21	34245	35325
61	21	35325	35445
62	21	35445	36525
63	21	36525	36645
64	21	36645	37725
65	21	37725	37845
66	21	37845	38925
67	21	38925	39045
68	21	39045	40125
69	21	40125	40245
70	21	40245	41325
71	21	41325	41445
72	21	41445	42525
73	21	42525	42645
74	21	42645	42920
75	21	42920	43725
76	21	43725	43945
77	21	43945	44925
78	21	44925	45045
79	21	45045	46112
80	33	46545	47625
81	33	47625	47745
82	33	47745	48825
83	33	48825	48945
84	33	48945	50025
85	33	50025	50145
86	33	50145	51225
87	33	51225	51345
88	45	51407	51525
89	45	51525	51645
90	45	51645	52725
91	45	52725	52845
92	45	52845	53925
93	45	53925	54045
94	45	54045	55125
95	45	55125	55345
96	45	55345	56325
97	45	56325	56445
98	45	56445	57525
99	45	57525	57645
100	45	57645	58725
101	45	58725	58945
102	45	58945	59925
103	45	59925	60045
104	45	60045	61125
105	45	61125	61245
106	45	61245	62325
107	45	62325	62445
108	45	62445	63525
109	45	63525	63645
110	45	63645	64725
111	45	64725	64845
112	45	64845	65925
113	45	65925	66145
114	45	66145	66770
115	45	66770	67000
116	45	67000	67125
117	45	67125	67245
118	45	67245	68325
119	45	68325	68445
120	45	68445	69525
121	45	69525	69645
122	45	69645	70599
123	9	71025	71145
124	9	71145	72225
125	9	72225	72345
126	9	72345	73425
127	9	73425	73545
128	9	73545	74625
129	9	74745	75825
130	9	75825	76045
131	9	76045	77025
132	9	77025	77145
133	9	77145	78225
134	9	78225	78345
135	9	78345	79425
136	9	79425	79545
137	9	79545	80625
138	9	80625	80745
139	9	80745	81825
140	9	81825	81945
141	9	81945	83025
142	9	83025	83145
143	9	83145	84100
144	9	84100	84225
145	9	84225	84345
146	9	84345	85047
147	45	86454	87525
148	45	87525	87845
149	45	87845	88725
150	45	88725	88845
151	45	88845	89925
152	5	90245	91325
153	5	91325	91445
154	5	91445	92525
155	5	92525	92645
156	5	92645	93725
157	5	93845	94925
158	5	94925	95045
159	5	95045	95443
160	5	95443	96125
161	5	96125	96245
162	5	96245	97325
163	5	97325	97545
164	5	97545	98525
165	5	98525	98645
166	5	98645	99725
167	5	99725	99845
168	5	99845	100124
169	39	100575	100695
170	39	100695	101775
171	39	101775	101895
172	39	101895	102091
173	39	102091	102975
174	39	102975	103095
175	39	103095	103301
176	39	103301	104175
177	39	104175	104295
178	43	104395	105475
179	43	105475	105595
180	37	109212	110125
181	37	110125	110245
182	37	110245	111325
183	37	111325	111445
184	37	111445	112525
185	37	112525	112645
186	37	112645	113725
187	37	113725	113845
188	37	113845	114192
189	37	114192	114925
190	37	115045	116125
191	37	116125	116345
192	37	116345	117325
193	37	117325	117445
194	37	117445	118525
195	37	118525	118645
196	37	118645	119725
197	37	119725	119945
198	37	119945	120925
199	37	120925	121045
200	3	121395	122475
201	3	122475	122595
202	3	122595	123675
203	3	123675	123795
204	3	123795	124875
205	3	124875	124995
206	3	124995	126075
207	3	126075	126195
208	3	126195	127275
209	3	127275	127395
210	3	127395	128475
211	3	128475	128595
212	15	128596	128775
213	15	128775	128895
214	15	128895	129975
215	15	129975	130195
216	15	130195	131175
217	23	131375	131495
218	23	131495	131720
219	15	131724	132375
220	15	132375	132495
221	15	132495	133575
222	15	133575	133695
223	15	133695	134040
224	15	134040	134775
225	15	134775	134895
226	15	134895	135975
227	15	135975	136095
228	15	136095	137175
229	15	137175	137295
230	15	137295	138375
231	15	138375	138495
232	15	138495	139575
233	15	139575	139695
234	15	139695	140775
235	15	140775	140995
236	15	140995	141975
237	15	141975	142095
238	15	142095	143175
239	15	143175	143295
240	15	143295	144375
241	15	144375	144595
242	15	144595	145575
243	15	145575	145695
244	15	145695	146775
245	13	146845	147925
246	13	147925	148045
247	13	148045	149125
248	13	149125	149245
249	13	149245	150325
250	13	150325	150445
251	13	150445	151501
252	13	151501	151525
253	13	151525	151745
254	13	151745	151779
255	13	151779	152725
256	13	152725	152845
257	13	152845	153925
258	13	153925	154045
259	13	154045	155125
260	13	155125	155245
261	13	155245	156325
262	13	156325	156445
263	13	156445	157525
264	13	157525	157645
265	13	157645	158725
266	13	158725	158845
267	21	158925	159045
268	21	159045	160125
269	21	160125	160245
270	21	160245	161325
271	21	161325	161445
272	21	161445	162525
273	21	162525	162745
274	21	162745	163725
275	21	163725	163845
276	21	163845	164925
277	21	164925	165045
278	21	165045	165216
279	21	165216	166125
280	21	166125	166245
281	21	166245	167325
282	21	167325	167445
283	21	167445	168525
284	21	168525	168645
285	21	168645	169725
286	21	169725	169845
287	21	169845	170925
288	21	170925	171045
289	21	171045	172125
290	21	172125	172245
291	21	176925	177045
292	21	177045	178125
293	21	178125	178245
294	21	178245	179325
295	21	179325	179445
296	21	179445	180525
297	21	182925	183045
298	21	183045	184125
299	21	184125	184345
300	47	184775	184995
301	21	185325	185445
302	47	185975	186095
303	47	187175	187295
304	43	188239	188275
305	43	188275	188395
306	43	188395	189475
307	43	189475	189595
308	43	189595	190675
309	43	190675	190795
310	43	190795	191068
311	43	191068	191875
312	43	191875	191995
313	43	191995	193075
314	43	193075	193195
315	43	193195	194275
316	43	194275	194395
317	43	194395	195475
318	43	195475	195695
319	43	195695	196675
320	43	196675	196795
321	43	196795	196877
322	43	196877	197875
323	43	197875	197995
324	43	197995	199075
325	43	199075	199195
326	43	199195	200275
327	43	200275	200395
328	43	200395	201475
329	43	201475	201595
330	43	201595	202675
331	43	202675	202895
332	43	202895	203875
333	43	203875	203995
334	43	203995	205075
335	43	205075	205195
336	43	205195	206275
337	43	206275	206495
338	43	206495	207475
339	43	207475	207595
340	43	207595	208675
341	43	208675	208795
342	43	208795	209875
343	43	209875	209995
344	43	209995	211075
345	43	211075	211195
346	43	211195	212275
347	43	212275	212395
348	5	212525	212645
349	5	212645	213716
350	39	214157	214575
351	39	214575	214695
352	39	214695	215775
353	39	215775	215895
354	39	215895	216975
355	39	216975	217195
356	39	217195	218175
357	39	218175	218295
358	39	218295	219375
359	39	219375	219495
360	39	219495	220575
361	39	220575	220695
362	39	220695	221445
363	39	221445	221767
364	39	221767	221775
365	43	221875	221995
366	43	221995	223075
367	43	223075	223195
368	43	223195	224275
369	43	224275	224395
370	41	225425	225545
371	41	225545	226625
372	41	226625	226745
373	41	226745	227825
374	39	227995	228975
375	39	228975	229095
376	39	229095	230175
377	39	230175	230295
378	39	230295	231375
379	39	231375	231595
380	39	231595	232575
381	39	232575	232695
382	39	232695	233775
383	39	233775	233895
384	39	233895	234975
385	39	234975	235095
386	39	235095	236175
387	39	236175	236295
388	39	236295	237375
389	39	237375	237495
390	39	237495	237935
391	39	237935	238575
392	39	238575	238795
393	39	238795	239602
394	39	239602	239775
395	39	239775	239895
396	39	239895	240975
397	39	240975	241095
398	39	241095	241651
399	27	241875	241995
400	27	241995	242787
401	27	242787	243075
402	27	243075	243195
403	27	243195	243378
404	27	243378	244275
405	27	244275	244395
406	27	244395	245475
407	27	245475	245595
408	27	245595	246675
409	27	246675	246795
410	27	246795	247875
411	27	247875	247995
412	27	247995	249075
413	27	249075	249295
414	27	249295	250275
415	27	250275	250395
416	27	250395	251475
417	27	251475	251595
418	27	251595	252675
419	27	252675	252795
420	27	252795	253875
421	27	253875	253995
422	27	253995	255075
423	27	255075	255195
424	13	255366	255925
425	13	255925	256045
426	13	256045	257125
427	13	257125	257245
428	13	257245	258325
429	13	258325	258445
430	13	258445	259525
431	13	259525	259845
432	27	259875	260195
433	27	260195	261075
434	27	261075	261195
435	27	261195	262275
436	27	262275	262395
437	37	262525	262645
438	37	262645	263725
439	37	263725	263845
440	37	263845	264925
441	11	265073	265475
442	11	265475	265595
443	11	265595	266675
444	11	266675	266795
445	11	266795	267875
446	11	267875	267995
447	11	267995	269075
448	11	269075	269195
449	11	269195	270275
450	11	270275	270495
451	25	270625	270845
452	25	270845	271825
453	25	271825	271945
454	25	271945	273025
455	25	273025	273145
456	25	273145	274225
457	25	274225	274345
458	25	274345	275425
459	25	275425	275545
460	25	275545	276625
461	25	276625	276745
462	25	276745	277825
463	25	277825	277945
464	25	277945	279025
465	25	279025	279145
466	25	279145	280225
467	25	280225	280345
468	25	280345	281425
469	25	281425	281645
470	25	281645	282625
471	25	282625	282745
472	25	282745	283825
473	25	283825	283945
474	25	283945	284731
475	25	284731	285025
476	23	285095	286175
477	23	286175	286295
478	23	286295	287375
479	23	287375	287495
480	23	287495	288575
481	23	288575	288795
482	23	288795	289775
483	23	289775	289895
484	23	289895	290975
485	23	290975	291095
486	33	291225	291345
487	33	291345	292425
488	33	292425	292645
489	33	292645	293625
490	33	293625	293745
491	33	293745	294825
492	33	294825	294945
493	33	294945	296025
494	33	296025	296145
495	33	296145	297225
496	33	297225	297345
497	33	297345	298425
498	33	298425	298545
499	33	298545	299625
500	33	299625	299745
501	11	300275	300395
502	11	300395	301475
503	11	301475	301595
504	11	301595	302675
505	11	302675	302895
506	11	302895	303875
507	11	303995	305075
508	11	305075	305195
509	11	305195	306275
510	11	306275	306395
511	11	306395	307475
512	11	307475	307595
513	11	307595	308675
514	11	308675	308795
515	11	308795	309875
516	11	309875	309995
517	11	309995	311075
518	11	311075	311195
519	11	311195	312275
520	11	312275	312395
521	11	312395	313475
522	11	313475	313695
523	11	313695	314675
524	11	314675	314795
525	11	314795	315875
526	11	315875	315995
527	21	316125	316245
528	21	316245	317325
529	21	317325	317545
530	21	317545	318525
531	21	318525	318645
532	21	318645	319725
533	21	319725	319845
534	21	319845	320925
535	21	320925	321045
536	21	321045	322125
537	21	322125	322245
538	21	322245	323325
539	21	323325	323445
540	21	323445	324525
541	39	325614	326175
542	39	326175	326295
543	39	326295	327375
544	39	327375	327495
545	39	327495	328575
546	39	328575	328695
547	39	328695	329775
548	39	329775	329895
549	39	329895	330975
550	39	330975	331095
551	39	331095	332175
552	39	332175	332295
553	39	332295	333184
554	9	333825	333945
555	9	333945	334760
556	29	337922	337925
557	29	337925	338045
558	29	338045	339125
559	29	339125	339245
560	29	339245	339456
561	29	339456	340325
562	29	340325	340445
563	29	340445	341525
564	29	341525	341645
565	29	341645	342725
566	29	342725	342845
567	29	342845	343669
568	29	343669	343925
569	29	343925	344045
570	29	344045	345125
571	29	345125	345245
572	29	345245	346325
573	29	346325	346645
574	29	346645	347525
575	29	347525	347645
576	29	347645	348725
577	29	348725	348845
578	29	348845	349925
579	29	349925	350045
580	29	350045	351125
581	29	351125	351245
582	29	351245	351784
583	29	351784	352014
584	29	352014	352325
585	29	352325	352445
586	29	352445	353525
587	29	353525	353645
588	29	353645	354725
589	39	354975	355095
590	39	355095	356175
591	39	356175	356295
592	39	356295	357375
593	39	357375	357595
594	39	357595	358575
595	39	358575	358695
596	37	358906	359725
597	37	359725	359845
598	37	359845	360925
599	37	360925	361045
600	37	361045	361968
601	37	361968	362125
602	37	362125	362245
603	41	362345	363425
604	41	363425	363545
605	41	363545	364625
606	27	365475	365595
607	27	365595	366675
608	27	366675	366795
609	27	366795	367875
610	35	368002	368075
611	35	368075	368295
612	35	368295	369133
613	35	369133	369275
614	35	369275	369395
615	35	369395	370475
616	35	370475	370595
617	35	370595	371675
618	35	371675	371795
619	35	371795	371928
620	35	371928	372875
621	35	372875	372995
622	35	372995	374075
623	35	374075	374195
624	35	374195	375275
625	35	375275	375495
626	35	375495	376475
627	35	376475	376595
628	35	376595	377675
629	35	377675	377795
630	35	377795	378875
631	35	378875	379095
632	35	379095	380075
633	35	380075	380195
634	35	380195	381275
635	35	381275	381395
636	35	381395	382020
637	35	382020	382327
638	35	382327	382475
639	35	382475	382595
640	35	382595	383675
641	35	383675	383795
642	35	383795	384875
643	35	384875	384995
644	35	384995	386075
645	35	386075	386195
646	35	386195	387275
647	35	387275	387395
648	35	387395	388475
649	35	388475	388595
650	35	388595	389675
651	35	389675	389895
652	35	389895	390875
653	35	390875	390995
654	35	390995	392075
655	35	392075	392195
656	35	392195	393275
657	35	393275	393395
658	35	393395	394475
659	35	394475	394595
660	35	394595	395675
661	35	395675	395795
662	35	395795	396875
663	35	396875	396995
664	35	396995	398075
665	35	398075	398195
666	35	398195	399275
667	35	399275	399395
668	35	399395	400475
669	35	400475	400695
670	35	400695	401675
671	35	401675	401795
672	47	401975	402095
673	47	402095	402542
674	47	402542	402589
675	47	402589	403175
676	47	403175	403295
677	47	403295	404375
678	47	404375	404595
679	47	404595	405575
680	47	405575	405695
681	47	405695	406775
682	47	406775	406895
683	11	407075	407195
684	11	407195	408275
685	11	408275	408395
686	11	408395	409475
687	11	409475	409595
688	11	409595	410675
689	11	410675	410895
690	11	410895	411875
691	11	411875	411995
692	11	411995	412138
693	11	412138	412462
694	11	412462	413075
695	11	413075	413195
696	11	413195	414275
697	11	414275	414395
698	45	415125	415245
699	45	415245	416325
700	45	416325	416445
701	45	416445	417525
702	45	417525	417645
703	45	417645	418725
704	45	418725	418845
705	45	418845	419440
706	45	419440	419925
707	45	419925	420045
708	45	420045	420230
709	21	420525	420645
710	21	420645	421725
711	21	421725	421945
712	9	422146	422625
713	9	422625	422745
714	9	422745	423825
715	9	423825	423945
716	9	423945	425025
717	9	425025	425145
718	9	425145	426225
719	9	426225	426345
720	9	426345	427425
721	9	427425	427545
722	9	427545	428625
723	9	428625	428745
724	9	428745	429825
725	9	429825	429945
726	9	429945	431025
727	9	431025	431145
728	9	431145	432225
729	9	432225	432545
730	9	432545	433425
731	9	433425	433545
732	9	433545	434625
733	9	434625	434745
734	5	435323	435725
735	5	435725	435845
736	5	435845	436925
737	5	436925	437045
738	5	437045	438125
739	5	438125	438245
740	5	438245	439325
741	5	439325	439445
742	5	439445	440525
743	5	440525	440645
744	5	440645	441725
745	5	441725	441845
746	5	441845	442925
747	5	442925	443145
748	5	443145	444125
749	5	444125	444245
750	5	444245	445325
751	5	445325	445445
752	5	445445	446525
753	5	446525	446645
754	5	446645	447725
755	5	447725	447845
756	5	447845	448925
757	5	448925	449045
758	43	449875	449995
759	43	449995	451075
760	43	451075	451195
761	43	451195	452275
762	43	452275	452395
763	43	452395	453475
764	43	453475	453595
765	43	453595	454675
766	43	454675	454895
767	29	455787	456725
768	29	456725	456845
769	29	456845	457925
770	29	457925	458045
771	29	458045	459125
772	29	459125	459245
773	29	459245	460325
774	29	460325	460445
775	29	460445	461525
776	29	461525	461745
777	29	461745	462725
778	29	462725	462845
779	29	462845	463861
780	29	463861	463925
781	29	463925	464045
782	29	464045	465125
783	29	465125	465345
784	29	465345	466325
785	29	466325	466445
786	29	466445	467525
787	29	467525	467645
788	29	467645	468725
789	29	468725	468845
790	29	468845	469925
791	29	469925	470045
792	29	470045	471125
793	29	471125	471245
794	29	471245	472325
795	29	472325	472445
796	29	472445	473525
797	29	473525	473645
798	29	473645	473716
799	29	473716	474725
800	29	474725	474845
801	29	474845	475925
802	29	475925	476145
803	29	476145	476918
804	39	477375	477495
805	5	477845	478925
806	5	478925	479045
807	5	479045	480125
808	5	480125	480245
809	5	480245	481325
810	5	481325	481445
811	5	481445	482525
812	39	483375	483495
813	39	483495	484575
814	39	484575	484695
815	39	484695	485775
816	39	485775	485895
817	39	485895	486975
818	35	487095	488075
819	35	488075	488195
820	35	488195	489275
821	35	489275	489395
822	35	489395	490475
823	35	490475	490695
824	35	490695	491675
825	35	491675	491795
826	35	491795	492875
827	35	492875	492995
828	35	492995	494075
829	35	494075	494195
830	35	494195	494892
831	35	494892	495275
832	35	495275	495395
833	35	495395	496475
834	35	496475	496595
835	35	496595	497675
836	35	497675	497895
837	35	497895	498875
838	35	498875	498995
839	35	498995	500075
840	35	500075	500195
841	35	500195	501275
842	35	501275	501395
843	35	501395	502475
844	35	502475	502595
845	35	502595	503143
846	35	503143	503675
847	35	503675	503795
848	35	503795	504875
849	35	504875	504995
850	35	504995	505983
851	27	505995	507075
852	27	507075	507195
853	27	507195	508275
854	27	508275	508495
855	27	508495	509475
856	23	509495	510326
857	23	510326	510575
858	23	510575	510695
859	23	510695	511775
860	23	511775	511895
861	23	511895	512975
862	23	512975	513095
863	23	513095	514175
864	23	514175	514295
865	23	514295	515375
866	23	515375	515495
867	23	515495	516575
868	23	516575	516695
869	23	516695	517496
870	23	517496	517775
871	23	517775	517895
872	23	517895	518975
873	23	518975	519295
874	23	519295	520175
875	23	520175	520295
876	23	520295	521192
877	23	521192	521375
878	23	521375	521495
879	23	521495	521559
880	23	521559	522575
881	23	522575	522695
882	23	522695	523775
883	23	523775	523895
884	23	523895	524975
885	23	524975	525095
886	23	525095	526175
887	23	526175	526295
888	23	526295	527375
889	23	527375	527495
890	23	527495	528575
891	23	528575	528695
892	23	528695	529775
893	23	529775	529995
894	23	529995	530975
895	23	530975	531095
896	23	531095	532175
897	23	532175	532295
898	23	532295	533375
899	23	533375	533495
900	23	533495	534575
901	23	534575	534695
902	23	534695	535775
903	23	535775	535895
904	23	535895	536975
905	23	536975	537095
906	23	537095	538175
907	45	538274	538725
908	45	538725	538845
909	45	538845	539925
910	45	539925	540045
911	45	540045	541125
912	45	541125	541345
913	45	541345	542325
914	45	542325	542445
915	45	542445	543525
916	45	543525	543645
917	45	543645	544725
918	45	544725	544845
919	45	544845	545038
920	45	545038	545925
921	45	545925	546045
922	45	546045	547125
923	45	547125	547245
924	45	547245	548325
925	45	548325	548545
926	45	548545	549525
927	45	549525	549645
928	45	549645	550725
929	45	550725	550845
930	45	550845	551925
931	45	551925	552145
932	45	552145	552173
933	45	552173	553125
934	45	553125	553245
935	45	553245	554325
936	45	554325	554445
937	45	554445	555525
938	47	555695	556775
939	47	556775	556895
940	47	556895	557975
941	47	557975	558095
942	47	558095	559175
943	47	559175	559295
944	47	559295	560375
945	47	560375	560495
946	47	560495	561575
947	9	561825	562045
948	9	562045	563025
949	9	563025	563145
950	9	563145	564225
951	9	564225	564345
952	9	564345	565425
953	9	565425	565545
954	41	566024	566225
955	41	566225	566345
956	41	566345	567425
957	41	567425	567545
958	41	567545	568625
959	41	568625	568745
960	41	568745	569825
961	41	569825	569945
962	41	569945	571025
963	41	571025	571145
964	41	571145	572225
965	41	572225	572345
966	41	572345	572522
967	41	572522	573425
968	41	573425	573645
969	41	573645	574625
970	41	574625	574745
971	41	574745	575825
972	41	575825	575945
973	41	575945	577025
974	41	577025	577245
975	41	577245	578225
976	41	578225	578345
977	41	578345	579425
978	41	579545	580625
979	41	580625	580745
980	41	580745	581825
981	41	581825	581945
982	41	581945	582829
983	41	582829	583025
984	41	583025	583145
985	41	583145	584225
986	41	584225	584445
987	41	584445	585425
988	41	585425	585545
989	41	585545	585989
990	41	585989	586625
991	41	586625	586745
992	41	586745	587825
993	41	587825	587945
994	41	587945	589025
995	41	589025	589145
996	41	589145	589800
997	5	590645	591725
998	5	591725	591845
999	5	591845	592925
1000	5	592925	593045
1001	5	593045	594125
1002	5	594125	594345
1003	5	594345	595325
1004	5	595325	595445
1005	5	595445	596525
1006	5	596645	597725
1007	5	597725	597845
1008	5	597845	598925
1009	5	598925	599045
1010	29	599525	599645
1011	29	599645	600725
1012	29	600725	600845
1013	31	600895	601975
1014	31	601975	602095
1015	31	602095	603175
1016	31	603175	603295
1017	31	603295	604375
1018	31	604375	604495
1019	31	604495	605575
1020	31	605575	605895
1021	31	605895	606775
1022	31	606775	606895
1023	31	606895	607975
1024	31	607975	608095
1025	39	608175	608295
1026	39	608295	609375
1027	39	609375	609495
1028	39	609495	610575
1029	39	610575	610695
1030	39	610695	611775
1031	39	611775	611895
1032	39	611895	612975
1033	37	613045	613324
1034	37	613324	614125
1035	37	614125	614245
1036	37	614245	614900
1037	37	614900	615325
1038	37	615325	615445
1039	37	615445	616525
1040	37	616525	616745
1041	37	616745	617725
1042	37	617725	617845
1043	37	617845	618925
1044	37	618925	619045
1045	37	619045	620125
1046	37	620125	620245
1047	39	620295	621375
1048	39	621375	621495
1049	39	621495	622575
1050	39	622575	622695
1051	39	622695	623775
1052	39	623775	623895
1053	39	623895	624975
1054	39	624975	625095
1055	39	625095	626175
1056	37	626245	627325
1057	37	627325	627545
1058	37	627545	628525
1059	37	628525	628645
1060	37	628645	629725
1061	37	629725	629845
1062	37	629845	630925
1063	37	630925	631045
1064	37	631045	632125
1065	37	632125	632245
1066	37	632245	633325
1067	37	633325	633445
1068	37	633445	634525
1069	37	634525	634745
1070	37	634745	635725
1071	37	635725	635845
1072	37	635845	636925
1073	37	636925	637045
1074	37	637045	638125
1075	33	638245	639225
1076	33	639225	639345
1077	1	639625	639745
1078	1	639745	640825
1079	1	640825	640945
1080	13	640994	641125
1081	13	641125	641245
1082	13	641245	642325
1083	13	642325	642445
1084	13	642445	643382
1085	15	643575	643695
1086	21	643845	644925
1087	33	645225	645345
1088	33	645345	646425
1089	33	646425	646545
1090	33	646545	647625
1091	33	647625	647745
1092	33	647745	648825
1093	33	648825	649045
1094	21	650061	650338
1095	45	659925	660145
1096	45	661125	661245
1097	45	661245	662325
1098	45	662325	662445
1099	45	662445	663525
1100	45	663525	663745
1101	45	663745	663792
1102	45	663792	664725
1103	45	664725	664845
1104	45	664845	665925
1105	45	665925	666045
1106	45	666045	667125
1107	45	667125	667245
1108	45	667245	668325
1109	45	668325	668445
1110	45	668445	669525
1111	45	669525	669645
1112	45	669645	670725
1113	45	670725	670945
1114	45	670945	671925
1115	45	671925	672045
1116	45	672045	673125
1117	45	673125	673245
1118	45	673245	674325
1119	45	674325	674445
1120	45	674445	675525
1121	45	675525	675645
1122	45	675645	676725
1123	45	676725	676845
1124	45	676845	677690
1125	21	678645	679725
1126	21	679725	679845
1127	21	679845	680925
1128	21	680925	681145
1129	21	681145	682125
1130	21	682125	682245
1131	21	682245	683325
1132	21	683325	683445
1133	21	683445	684525
1134	21	684525	684645
1135	21	684645	685725
1136	21	685725	685845
1137	21	685845	686925
1138	21	686925	687045
1139	21	687045	688125
1140	21	688125	688245
1141	21	688245	688644
1142	31	689695	690775
1143	31	690775	690895
1144	31	690895	691975
1145	31	691975	692295
1146	31	692295	693175
1147	31	693175	693295
1148	31	693295	694375
1149	31	694375	694495
1150	31	694495	695575
1151	31	695575	695695
1152	31	695695	696775
1153	31	696775	696895
1154	31	696895	697975
1155	31	697975	698095
1156	31	698095	699175
1157	31	699175	699295
1158	31	699295	700375
1159	31	700375	700495
1160	31	700495	701575
1161	31	701575	701695
1162	31	701695	702697
1163	31	702697	702775
1164	31	702775	702995
1165	31	702995	703021
1166	31	703021	703975
1167	31	704095	705175
1168	31	705175	705295
1169	41	705425	705545
1170	29	705890	706325
1171	29	706325	706445
1172	29	706445	707525
1173	29	707525	707645
1174	29	707645	708725
1175	29	708725	708845
1176	29	708845	709925
1177	29	709925	710045
1178	29	710045	711125
1179	29	711125	711245
1180	29	711245	712290
1181	29	712290	712325
1182	29	712325	712445
1183	29	712445	712618
1184	29	712618	713525
1185	29	713525	713745
1186	29	713745	714725
1187	29	714725	714845
1188	29	714845	715925
1189	29	715925	716045
1190	27	716154	717075
1191	27	717075	717195
1192	27	717195	718275
1193	27	718275	718395
1194	27	718395	719475
1195	27	719475	719595
1196	27	719595	720675
1197	27	720675	720895
1198	27	720895	721875
1199	27	721875	721995
1200	27	721995	723075
1201	27	723075	723195
1202	27	723195	724275
1203	27	724275	724495
1204	27	724495	725475
1205	27	725475	725595
1206	27	725595	725960
1207	27	725960	726675
1208	27	726675	726795
1209	29	726845	727515
1210	29	727515	727725
1211	29	727725	727925
1212	29	727925	728045
1213	29	728045	729125
1214	29	729125	729245
1215	29	729245	730325
1216	25	730345	731425
1217	25	731425	731545
1218	25	731545	732625
1219	25	732625	732745
1220	25	732745	733825
1221	25	733825	733945
1222	25	733945	735025
1223	25	735025	735245
1224	39	735375	735595
1225	39	735595	736575
1226	39	736575	736695
1227	39	736695	737775
1228	39	737775	737895
1229	39	737895	738975
1230	39	738975	739095
1231	39	739095	740175
1232	39	740175	740295
1233	1	740425	740545
1234	1	740545	741625
1235	1	741625	741745
1236	1	741745	742825
1237	1	742825	742945
1238	1	742945	744025
1239	1	744025	744145
1240	1	744145	745225
1241	1	745225	745445
1242	1	745445	746425
1243	1	746425	746545
1244	1	746545	747625
1245	1	747625	747745
1246	1	747745	748825
1247	1	748825	749045
1248	1	749045	750025
1249	1	750025	750145
1250	1	750145	751225
1251	1	751225	751345
1252	1	751345	752425
1253	1	752425	752545
1254	1	752545	753625
1255	1	753625	753745
1256	1	753745	754825
1257	1	754825	754945
1258	1	754945	756025
1259	1	756025	756245
1260	1	756245	757225
1261	1	757225	757345
1262	33	757371	758025
1263	33	758025	758145
1264	1	758425	758545
1265	1	758545	759625
1266	1	759625	759745
1267	1	759745	760825
1268	1	760825	760945
1269	1	760945	762025
1270	1	762025	762145
1271	15	762375	762495
1272	15	762495	763575
1273	15	763575	763695
1274	15	763695	764775
1275	15	764775	764895
1276	15	764895	765975
1277	15	765975	766095
1278	15	766095	767175
1279	15	767175	767395
1280	15	767395	768375
1281	15	768375	768495
1282	15	768495	769575
1283	15	769575	769695
1284	15	769695	770775
1285	15	770775	770895
1286	15	770895	771975
1287	15	771975	772095
1288	15	772095	773175
1289	15	773175	773295
1290	23	773375	773495
1291	23	773495	774575
1292	23	774575	774695
1293	23	774695	775775
1294	23	775775	775895
1295	23	775895	776975
1296	23	776975	777095
1297	23	777095	778175
1298	23	778175	778495
1299	23	778495	779375
1300	23	779375	779495
1301	23	779495	780575
1302	23	780575	780695
1303	23	780695	781775
1304	23	781775	781895
1305	23	781895	782975
1306	23	782975	783095
1307	23	783095	784175
1308	23	784175	784295
1309	23	784295	785375
1310	23	785375	785495
1311	23	785495	786575
1312	23	786575	786695
1313	23	786695	787775
1314	23	787775	787895
1315	23	787895	788975
1316	23	788975	789195
1317	33	789225	789445
1318	45	789745	790725
1319	45	790725	790845
1320	45	790845	791925
1321	47	791975	792095
1322	47	792095	793175
1323	47	793175	793295
1324	47	793295	794375
1325	47	794375	794495
1326	47	794495	795575
1327	47	795575	795695
1328	47	795695	796775
1329	47	796775	796895
1330	47	796895	797975
1331	47	797975	798095
1332	47	798095	799175
1333	47	799175	799295
1334	47	799295	800375
1335	47	800375	800595
1336	47	800595	801575
1337	47	801575	801695
1338	47	801695	802775
1339	47	802775	802895
1340	47	802895	803975
1341	47	803975	804095
1342	47	804095	805175
1343	47	805175	805295
1344	47	805295	806375
1345	47	806375	806495
1346	47	806495	807575
1347	47	807575	807795
1348	11	807875	807995
1349	11	807995	809075
1350	11	809075	809195
1351	11	809195	810275
1352	11	810275	810495
1353	11	810495	811475
1354	11	811475	811595
1355	11	811595	812675
1356	11	812675	812795
1357	11	812795	813875
1358	41	813909	814625
1359	41	814625	814745
1360	41	814745	815825
1361	41	815825	815945
1362	41	815945	817025
1363	41	817025	817145
1364	41	817145	818225
1365	41	818225	818345
1366	41	818345	819425
1367	41	819425	819545
1368	41	819545	820625
1369	41	820625	820745
1370	41	820745	821825
1371	41	821825	822045
1372	41	822045	822633
1373	41	822633	822950
1374	41	822950	823025
1375	41	823025	823145
1376	41	823145	824225
1377	41	824225	824345
1378	41	824345	825425
1379	45	825525	825645
1380	45	825645	826308
1381	41	826625	826745
1382	41	826745	827825
1383	43	827875	827995
1384	43	827995	829075
1385	43	829075	829195
1386	43	829195	830275
1387	43	830275	830395
1388	43	830395	831475
1389	43	831475	831595
1390	43	831595	832675
1391	43	832675	832895
1392	43	832895	833794
1393	43	833794	833875
1394	43	833875	833995
1395	43	833995	835075
1396	43	835075	835195
1397	43	835195	835828
1398	37	836075	836125
1399	37	836125	836345
1400	37	836345	837325
1401	37	837325	837445
1402	37	837445	838525
1403	37	838525	838645
1404	37	838645	839725
1405	37	839725	839845
1406	37	839845	840925
1407	37	840925	841045
1408	37	841045	842125
1409	37	842125	842245
1410	37	842245	843325
1411	37	843325	843545
1412	37	843545	844525
1413	37	844525	844645
1414	37	844645	845725
1415	37	845725	845845
1416	37	845845	846925
1417	37	846925	847045
1418	37	847045	848125
1419	37	848125	848245
1420	37	848245	849325
1421	37	849325	849445
1422	37	849445	850200
1423	37	850200	850525
1424	37	850525	850645
1425	37	850645	851026
1426	37	851026	851378
1427	29	851525	851645
1428	29	851645	852725
1429	29	852725	852845
1430	29	852845	853925
1431	29	853925	854145
1432	29	854145	855125
1433	29	855125	855245
1434	29	855245	856325
1435	29	856325	856445
1436	29	856445	857525
1437	29	857525	857645
1438	29	857645	858725
1439	29	858725	858845
1440	29	858845	859925
1441	29	859925	860045
1442	29	860045	861125
1443	29	861125	861245
1444	29	861245	862325
1445	29	862325	862445
1446	29	862445	863525
1447	29	863525	863645
1448	29	863645	864725
1449	29	864725	865045
1450	29	865045	865925
1451	29	865925	866045
1452	37	866125	866245
1453	37	866245	867325
1454	37	867325	867445
1455	37	867445	868059
1456	37	868059	868525
1457	37	868525	868645
1458	37	868645	869725
1459	37	869725	869845
1460	37	869845	870925
1461	37	870925	871045
1462	37	871045	872125
1463	37	872125	872245
1464	37	872245	873325
1465	35	873395	873842
1466	35	873842	874475
1467	35	874475	874595
1468	35	874595	874739
1469	35	874739	875675
1470	35	875675	875895
1471	35	875895	876875
1472	35	876875	876995
1473	35	876995	878075
1474	35	878075	878195
1475	35	878195	879275
1476	35	879275	879395
1477	35	879395	880475
1478	35	880475	880595
1479	35	880595	881675
1480	35	881675	881795
1481	35	881795	882875
1482	35	882875	882995
1483	35	882995	884075
1484	35	884075	884195
1485	35	884195	885275
1486	35	885275	885395
1487	35	885395	886475
1488	35	886475	886695
1489	35	886695	887675
1490	35	887675	887795
1491	35	887795	888875
1492	35	888875	888995
1493	35	888995	890075
1494	35	890075	890195
1495	35	890195	891275
1496	35	891275	891395
1497	35	891395	892475
1498	35	892475	892595
1499	35	892595	893675
1500	35	893675	893895
1501	35	893895	894875
1502	35	894875	894995
1503	35	894995	896075
1504	35	896075	896195
1505	35	896195	897275
1506	35	897275	897495
1507	35	897495	898475
1508	35	898475	898595
1509	35	898595	899675
1510	35	899675	899795
1511	35	899795	900875
1512	35	900875	900995
1513	11	901595	902675
1514	11	902675	902795
1515	11	902795	903875
1516	11	903875	903995
1517	11	903995	904022
1518	11	904022	904355
1519	11	904355	905075
1520	11	905075	905195
1521	11	905195	906275
1522	11	906275	906395
1523	13	906445	907200
